,flag_fraude
0,False
1,False
2,False
3,False
4,False
5,True
6,False
7,False
8,False
9,False
10,False
11,False
12,False
13,False
14,False
15,False
16,False
17,True
18,False
19,False
20,False
21,False
22,False
23,False
24,False
25,False
26,False
27,False
28,False
29,False
30,False
31,False
32,False
33,False
34,False
35,True
36,False
37,False
38,False
39,False
40,False
41,False
42,True
43,False
44,True
45,False
46,False
47,False
48,False
49,False
50,False
51,False
52,False
53,False
54,False
55,False
56,True
57,False
58,False
59,False
60,False
61,False
62,False
63,False
64,False
65,False
66,False
67,False
68,False
69,False
70,False
71,False
72,False
73,False
74,False
75,False
76,False
77,False
78,False
79,False
80,False
81,False
82,False
83,False
84,False
85,False
86,False
87,False
88,False
89,False
90,False
91,False
92,False
93,False
94,False
95,False
96,False
97,False
98,False
99,False
100,False
101,False
102,False
103,False
104,False
105,False
106,False
107,False
108,False
109,False
110,False
111,False
112,False
113,False
114,True
115,False
116,False
117,False
118,True
119,True
120,False
121,False
122,False
123,False
124,False
125,False
126,False
127,False
128,False
129,False
130,False
131,False
132,False
133,False
134,False
135,False
136,False
137,False
138,False
139,False
140,False
141,False
142,False
143,False
144,False
145,False
146,False
147,False
148,False
149,False
150,False
151,False
152,True
153,False
154,False
155,False
156,False
157,False
158,False
159,False
160,False
161,False
162,True
163,False
164,False
165,False
166,False
167,False
168,False
169,False
170,False
171,False
172,False
173,False
174,False
175,False
176,False
177,False
178,False
179,False
180,False
181,False
182,False
183,False
184,False
185,False
186,False
187,False
188,False
189,False
190,False
191,False
192,False
193,False
194,False
195,False
196,False
197,False
198,False
199,False
200,False
201,False
202,False
203,False
204,False
205,False
206,False
207,False
208,False
209,False
210,False
211,False
212,False
213,True
214,False
215,False
216,False
217,False
218,False
219,False
220,False
221,False
222,False
223,False
224,True
225,False
226,False
227,False
228,False
229,False
230,False
231,False
232,False
233,False
234,False
235,False
236,False
237,False
238,False
239,False
240,False
241,False
242,False
243,False
244,False
245,False
246,False
247,False
248,False
249,False
250,False
251,False
252,False
253,False
254,False
255,False
256,False
257,False
258,False
259,False
260,False
261,False
262,False
263,False
264,True
265,False
266,False
267,False
268,False
269,False
270,False
271,False
272,False
273,False
274,False
275,False
276,False
277,False
278,False
279,True
280,False
281,False
282,False
283,False
284,False
285,False
286,False
287,False
288,False
289,False
290,False
291,True
292,False
293,False
294,False
295,False
296,False
297,False
298,False
299,False
300,False
301,False
302,False
303,False
304,False
305,False
306,False
307,False
308,False
309,False
310,False
311,False
312,False
313,False
314,False
315,False
316,False
317,False
318,False
319,False
320,False
321,False
322,False
323,False
324,False
325,False
326,False
327,False
328,False
329,False
330,False
331,False
332,False
333,False
334,False
335,False
336,True
337,False
338,False
339,False
340,False
341,False
342,False
343,False
344,False
345,False
346,False
347,False
348,True
349,False
350,False
351,False
352,False
353,False
354,False
355,False
356,False
357,False
358,False
359,False
360,False
361,False
362,False
363,False
364,False
365,False
366,False
367,False
368,False
369,False
370,False
371,False
372,False
373,False
374,False
375,False
376,False
377,False
378,False
379,False
380,False
381,False
382,False
383,False
384,False
385,False
386,False
387,False
388,False
389,False
390,False
391,False
392,False
393,False
394,False
395,False
396,False
397,False
398,False
399,False
400,False
401,False
402,False
403,False
404,False
405,False
406,False
407,False
408,False
409,False
410,False
411,False
412,False
413,True
414,False
415,False
416,False
417,False
418,False
419,False
420,False
421,False
422,False
423,False
424,False
425,False
426,False
427,False
428,False
429,False
430,False
431,True
432,False
433,False
434,False
435,False
436,False
437,False
438,False
439,False
440,False
441,False
442,False
443,False
444,False
445,False
446,False
447,False
448,False
449,False
450,False
451,False
452,False
453,False
454,False
455,False
456,False
457,False
458,False
459,False
460,False
461,False
462,False
463,False
464,False
465,False
466,False
467,False
468,False
469,False
470,False
471,False
472,False
473,False
474,False
475,False
476,False
477,False
478,False
479,False
480,False
481,False
482,False
483,False
484,True
485,False
486,False
487,False
488,False
489,True
490,False
491,True
492,False
493,False
494,False
495,False
496,False
497,False
498,True
499,False
500,False
501,False
502,False
503,False
504,False
505,False
506,False
507,False
508,False
509,False
510,False
511,False
512,False
513,False
514,False
515,False
516,False
517,False
518,False
519,True
520,False
521,False
522,False
523,False
524,False
525,False
526,False
527,False
528,False
529,False
530,False
531,True
532,False
533,False
534,False
535,False
536,False
537,False
538,False
539,False
540,False
541,False
542,False
543,False
544,False
545,False
546,False
547,False
548,False
549,False
550,False
551,False
552,False
553,False
554,False
555,False
556,False
557,False
558,False
559,False
560,False
561,False
562,False
563,False
564,False
565,False
566,False
567,False
568,False
569,False
570,False
571,False
572,False
573,False
574,False
575,False
576,False
577,False
578,False
579,False
580,False
581,False
582,False
583,False
584,False
585,False
586,False
587,False
588,False
589,True
590,False
591,False
592,False
593,False
594,False
595,False
596,False
597,False
598,False
599,False
600,False
601,False
602,False
603,False
604,False
605,False
606,False
607,False
608,False
609,False
610,False
611,False
612,False
613,False
614,False
615,False
616,False
617,False
618,False
619,False
620,False
621,False
622,False
623,True
624,False
625,False
626,False
627,False
628,False
629,False
630,False
631,False
632,False
633,False
634,False
635,False
636,False
637,False
638,False
639,False
640,False
641,False
642,False
643,False
644,False
645,False
646,False
647,False
648,False
649,False
650,False
651,False
652,False
653,False
654,False
655,False
656,False
657,False
658,False
659,False
660,False
661,False
662,False
663,False
664,False
665,False
666,False
667,False
668,False
669,False
670,False
671,False
672,False
673,False
674,False
675,False
676,False
677,False
678,False
679,False
680,False
681,False
682,False
683,False
684,False
685,False
686,False
687,False
688,False
689,False
690,False
691,False
692,False
693,False
694,False
695,False
696,False
697,False
698,False
699,False
700,False
701,False
702,False
703,False
704,False
705,False
706,False
707,False
708,False
709,False
710,False
711,False
712,False
713,False
714,False
715,False
716,False
717,False
718,False
719,False
720,False
721,False
722,False
723,False
724,False
725,False
726,False
727,False
728,False
729,False
730,False
731,False
732,False
733,False
734,False
735,False
736,False
737,False
738,False
739,False
740,False
741,False
742,False
743,False
744,False
745,False
746,False
747,False
748,False
749,False
750,False
751,False
752,False
753,False
754,False
755,False
756,False
757,False
758,False
759,False
760,False
761,False
762,False
763,True
764,False
765,False
766,False
767,False
768,False
769,False
770,False
771,False
772,False
773,False
774,False
775,False
776,False
777,True
778,False
779,False
780,False
781,False
782,False
783,False
784,False
785,False
786,False
787,False
788,False
789,False
790,False
791,False
792,False
793,False
794,False
795,False
796,False
797,False
798,False
799,False
800,False
801,False
802,False
803,False
804,False
805,True
806,False
807,False
808,False
809,False
810,False
811,False
812,False
813,False
814,False
815,False
816,False
817,False
818,False
819,False
820,False
821,False
822,False
823,False
824,False
825,False
826,False
827,False
828,False
829,False
830,False
831,False
832,False
833,False
834,False
835,False
836,False
837,False
838,False
839,True
840,False
841,True
842,False
843,False
844,False
845,False
846,False
847,False
848,False
849,False
850,False
851,False
852,False
853,False
854,False
855,True
856,False
857,False
858,False
859,False
860,False
861,False
862,True
863,False
864,False
865,False
866,False
867,False
868,False
869,False
870,False
871,False
872,False
873,False
874,False
875,False
876,False
877,False
878,False
879,False
880,False
881,True
882,False
883,False
884,False
885,False
886,False
887,False
888,False
889,False
890,False
891,False
892,False
893,False
894,False
895,False
896,False
897,False
898,False
899,False
900,False
901,False
902,False
903,False
904,False
905,True
906,False
907,False
908,False
909,False
910,False
911,False
912,False
913,False
914,False
915,False
916,False
917,True
918,False
919,False
920,False
921,False
922,False
923,False
924,False
925,False
926,False
927,False
928,False
929,False
930,False
931,False
932,False
933,False
934,False
935,True
936,False
937,False
938,False
939,False
940,False
941,False
942,False
943,True
944,False
945,False
946,False
947,False
948,False
949,False
950,False
951,False
952,False
953,False
954,False
955,False
956,False
957,False
958,False
959,False
960,False
961,False
962,False
963,False
964,True
965,False
966,False
967,False
968,False
969,False
970,False
971,False
972,False
973,False
974,False
975,False
976,False
977,False
978,False
979,False
980,False
981,False
982,False
983,False
984,False
985,False
986,False
987,False
988,False
989,False
990,False
991,False
992,False
993,False
994,False
995,False
996,False
997,False
998,False
999,False
1000,False
1001,False
1002,False
1003,False
1004,False
1005,False
1006,False
1007,False
1008,False
1009,False
1010,False
1011,False
1012,False
1013,False
1014,False
1015,False
1016,False
1017,False
1018,False
1019,False
1020,False
1021,False
1022,False
1023,False
1024,False
1025,False
1026,False
1027,False
1028,False
1029,False
1030,False
1031,False
1032,False
1033,False
1034,False
1035,False
1036,False
1037,False
1038,False
1039,False
1040,False
1041,False
1042,False
1043,False
1044,False
1045,False
1046,False
1047,False
1048,False
1049,False
1050,False
1051,False
1052,False
1053,False
1054,False
1055,False
1056,False
1057,False
1058,False
1059,False
1060,False
1061,False
1062,False
1063,False
1064,True
1065,False
1066,False
1067,False
1068,False
1069,False
1070,False
1071,False
1072,True
1073,False
1074,False
1075,True
1076,False
1077,False
1078,False
1079,False
1080,False
1081,False
1082,False
1083,False
1084,False
1085,False
1086,False
1087,False
1088,False
1089,False
1090,False
1091,False
1092,False
1093,False
1094,False
1095,False
1096,False
1097,False
1098,False
1099,False
1100,False
1101,False
1102,False
1103,False
1104,False
1105,False
1106,False
1107,False
1108,False
1109,False
1110,False
1111,False
1112,False
1113,False
1114,False
1115,False
1116,False
1117,False
1118,False
1119,False
1120,False
1121,False
1122,False
1123,False
1124,False
1125,False
1126,False
1127,False
1128,True
1129,False
1130,False
1131,False
1132,False
1133,False
1134,False
1135,False
1136,False
1137,False
1138,False
1139,False
1140,False
1141,False
1142,False
1143,False
1144,False
1145,False
1146,False
1147,False
1148,False
1149,False
1150,False
1151,False
1152,False
1153,False
1154,False
1155,False
1156,False
1157,False
1158,False
1159,False
1160,False
1161,False
1162,False
1163,False
1164,True
1165,False
1166,False
1167,False
1168,False
1169,False
1170,False
1171,False
1172,False
1173,False
1174,False
1175,False
1176,False
1177,False
1178,False
1179,False
1180,False
1181,False
1182,False
1183,False
1184,False
1185,False
1186,False
1187,False
1188,False
1189,False
1190,False
1191,False
1192,False
1193,False
1194,False
1195,True
1196,False
1197,False
1198,False
1199,False
1200,False
1201,False
1202,False
1203,False
1204,False
1205,False
1206,False
1207,False
1208,False
1209,False
1210,False
1211,False
1212,False
1213,False
1214,False
1215,False
1216,False
1217,False
1218,False
1219,False
1220,False
1221,False
1222,False
1223,False
1224,False
1225,False
1226,False
1227,False
1228,False
1229,True
1230,False
1231,False
1232,False
1233,False
1234,False
1235,False
1236,False
1237,False
1238,False
1239,False
1240,False
1241,False
1242,False
1243,False
1244,False
1245,False
1246,False
1247,False
1248,False
1249,False
1250,False
1251,False
1252,True
1253,False
1254,False
1255,False
1256,False
1257,False
1258,False
1259,False
1260,False
1261,False
1262,False
1263,False
1264,False
1265,False
1266,False
1267,False
1268,False
1269,False
1270,False
1271,False
1272,False
1273,False
1274,False
1275,False
1276,False
1277,False
1278,False
1279,False
1280,False
1281,False
1282,False
1283,False
1284,False
1285,False
1286,False
1287,False
1288,False
1289,False
1290,False
1291,False
1292,False
1293,True
1294,False
1295,False
1296,True
1297,False
1298,False
1299,False
1300,False
1301,False
1302,False
1303,False
1304,False
1305,False
1306,False
1307,False
1308,False
1309,False
1310,False
1311,False
1312,False
1313,False
1314,False
1315,False
1316,False
1317,False
1318,False
1319,False
1320,False
1321,False
1322,False
1323,False
1324,False
1325,False
1326,False
1327,False
1328,False
1329,False
1330,False
1331,False
1332,False
1333,False
1334,False
1335,False
1336,False
1337,False
1338,False
1339,False
1340,False
1341,False
1342,False
1343,False
1344,False
1345,False
1346,False
1347,False
1348,False
1349,False
1350,False
1351,False
1352,True
1353,False
1354,False
1355,False
1356,False
1357,False
1358,False
1359,False
1360,False
1361,False
1362,False
1363,False
1364,False
1365,False
1366,False
1367,False
1368,False
1369,False
1370,False
1371,False
1372,False
1373,False
1374,False
1375,False
1376,False
1377,False
1378,False
1379,False
1380,False
1381,False
1382,False
1383,False
1384,False
1385,False
1386,False
1387,False
1388,False
1389,False
1390,False
1391,False
1392,False
1393,False
1394,True
1395,False
1396,False
1397,False
1398,False
1399,True
1400,False
1401,False
1402,False
1403,False
1404,False
1405,False
1406,False
1407,False
1408,False
1409,False
1410,False
1411,False
1412,False
1413,False
1414,False
1415,False
1416,False
1417,False
1418,False
1419,False
1420,False
1421,False
1422,False
1423,False
1424,False
1425,False
1426,False
1427,False
1428,False
1429,False
1430,False
1431,False
1432,False
1433,False
1434,False
1435,False
1436,False
1437,False
1438,False
1439,False
1440,False
1441,True
1442,False
1443,False
1444,False
1445,False
1446,False
1447,False
1448,False
1449,False
1450,False
1451,False
1452,False
1453,False
1454,False
1455,False
1456,False
1457,True
1458,False
1459,False
1460,False
1461,False
1462,False
1463,False
1464,True
1465,False
1466,False
1467,False
1468,False
1469,False
1470,False
1471,False
1472,False
1473,False
1474,False
1475,False
1476,False
1477,False
1478,False
1479,False
1480,False
1481,False
1482,False
1483,False
1484,False
1485,False
1486,False
1487,False
1488,False
1489,False
1490,False
1491,False
1492,False
1493,False
1494,False
1495,False
1496,False
1497,False
1498,False
1499,False
1500,False
1501,False
1502,False
1503,False
1504,False
1505,False
1506,False
1507,False
1508,False
1509,False
1510,False
1511,False
1512,False
1513,False
1514,False
1515,False
1516,False
1517,False
1518,False
1519,False
1520,False
1521,False
1522,False
1523,False
1524,False
1525,False
1526,False
1527,False
1528,False
1529,False
1530,False
1531,False
1532,False
1533,False
1534,False
1535,False
1536,False
1537,False
1538,False
1539,False
1540,False
1541,False
1542,False
1543,False
1544,False
1545,False
1546,False
1547,False
1548,False
1549,False
1550,False
1551,False
1552,False
1553,False
1554,False
1555,False
1556,False
1557,False
1558,False
1559,False
1560,False
1561,False
1562,False
1563,False
1564,False
1565,False
1566,False
1567,False
1568,False
1569,False
1570,False
1571,False
1572,False
1573,False
1574,False
1575,False
1576,False
1577,False
1578,False
1579,False
1580,False
1581,False
1582,False
1583,True
1584,False
1585,False
1586,False
1587,False
1588,False
1589,False
1590,True
1591,False
1592,False
1593,False
1594,False
1595,False
1596,False
1597,False
1598,False
1599,False
1600,False
1601,False
1602,False
1603,False
1604,False
1605,False
1606,False
1607,False
1608,False
1609,False
1610,False
1611,False
1612,False
1613,False
1614,False
1615,False
1616,False
1617,False
1618,False
1619,False
1620,False
1621,False
1622,False
1623,False
1624,False
1625,False
1626,False
1627,True
1628,False
1629,False
1630,False
1631,False
1632,False
1633,False
1634,False
1635,False
1636,False
1637,False
1638,False
1639,False
1640,False
1641,False
1642,False
1643,False
1644,False
1645,False
1646,False
1647,False
1648,False
1649,False
1650,False
1651,False
1652,False
1653,False
1654,False
1655,False
1656,False
1657,False
1658,False
1659,False
1660,False
1661,False
1662,False
1663,False
1664,False
1665,False
1666,True
1667,True
1668,False
1669,False
1670,False
1671,False
1672,False
1673,False
1674,False
1675,False
1676,False
1677,False
1678,False
1679,False
1680,False
1681,False
1682,False
1683,False
1684,False
1685,False
1686,False
1687,False
1688,False
1689,True
1690,False
1691,False
1692,False
1693,False
1694,False
1695,False
1696,False
1697,False
1698,False
1699,False
1700,False
1701,True
1702,False
1703,False
1704,False
1705,False
1706,False
1707,False
1708,False
1709,False
1710,False
1711,False
1712,False
1713,False
1714,False
1715,False
1716,False
1717,False
1718,False
1719,False
1720,False
1721,False
1722,False
1723,False
1724,False
1725,False
1726,False
1727,True
1728,False
1729,False
1730,False
1731,False
1732,False
1733,False
1734,False
1735,False
1736,False
1737,False
1738,True
1739,False
1740,False
1741,False
1742,False
1743,False
1744,False
1745,False
1746,False
1747,False
1748,False
1749,False
1750,False
1751,False
1752,False
1753,False
1754,False
1755,True
1756,False
1757,False
1758,False
1759,False
1760,False
1761,True
1762,False
1763,False
1764,False
1765,False
1766,False
1767,False
1768,False
1769,False
1770,False
1771,False
1772,False
1773,False
1774,False
1775,False
1776,False
1777,False
1778,False
1779,False
1780,False
1781,False
1782,False
1783,False
1784,True
1785,False
1786,False
1787,False
1788,False
1789,False
1790,False
1791,False
1792,False
1793,False
1794,False
1795,False
1796,False
1797,False
1798,False
1799,False
1800,False
1801,False
1802,False
1803,False
1804,False
1805,False
1806,False
1807,False
1808,False
1809,False
1810,False
1811,False
1812,False
1813,False
1814,False
1815,False
1816,False
1817,False
1818,False
1819,False
1820,False
1821,False
1822,False
1823,False
1824,False
1825,False
1826,False
1827,False
1828,False
1829,False
1830,False
1831,False
1832,False
1833,False
1834,False
1835,False
1836,False
1837,False
1838,False
1839,False
1840,False
1841,False
1842,False
1843,False
1844,False
1845,False
1846,False
1847,False
1848,False
1849,False
1850,False
1851,False
1852,False
1853,False
1854,False
1855,False
1856,False
1857,False
1858,False
1859,False
1860,False
1861,False
1862,False
1863,False
1864,False
1865,False
1866,False
1867,False
1868,False
1869,False
1870,False
1871,False
1872,False
1873,False
1874,False
1875,False
1876,False
1877,False
1878,False
1879,False
1880,False
1881,False
1882,False
1883,False
1884,False
1885,False
1886,False
1887,False
1888,True
1889,False
1890,False
1891,False
1892,False
1893,False
1894,False
1895,False
1896,False
1897,False
1898,False
1899,False
1900,False
1901,False
1902,False
1903,False
1904,False
1905,False
1906,False
1907,False
1908,False
1909,False
1910,False
1911,False
1912,False
1913,False
1914,False
1915,False
1916,False
1917,False
1918,False
1919,False
1920,False
1921,True
1922,False
1923,False
1924,False
1925,False
1926,False
1927,False
1928,False
1929,False
1930,False
1931,False
1932,False
1933,False
1934,False
1935,False
1936,False
1937,False
1938,False
1939,False
1940,False
1941,False
1942,False
1943,False
1944,False
1945,False
1946,False
1947,False
1948,False
1949,False
1950,False
1951,False
1952,False
1953,False
1954,False
1955,False
1956,False
1957,False
1958,False
1959,False
1960,False
1961,False
1962,False
1963,False
1964,True
1965,False
1966,False
1967,False
1968,False
1969,False
1970,False
1971,False
1972,False
1973,False
1974,False
1975,False
1976,False
1977,False
1978,False
1979,False
1980,False
1981,False
1982,True
1983,False
1984,False
1985,False
1986,False
1987,False
1988,False
1989,False
1990,False
1991,False
1992,False
1993,False
1994,False
1995,False
1996,False
1997,False
1998,False
1999,True
2000,False
2001,False
2002,False
2003,False
2004,False
2005,False
2006,False
2007,False
2008,False
2009,False
2010,False
2011,False
2012,False
2013,False
2014,False
2015,False
2016,False
2017,False
2018,False
2019,False
2020,False
2021,False
2022,False
2023,False
2024,False
2025,False
2026,False
2027,False
2028,False
2029,False
2030,False
2031,False
2032,False
2033,False
2034,False
2035,False
2036,False
2037,False
2038,False
2039,False
2040,False
2041,False
2042,False
2043,False
2044,False
2045,False
2046,False
2047,False
2048,False
2049,False
2050,False
2051,False
2052,False
2053,False
2054,False
2055,False
2056,False
2057,False
2058,False
2059,False
2060,False
2061,False
2062,False
2063,False
2064,False
2065,False
2066,False
2067,False
2068,False
2069,False
2070,False
2071,False
2072,False
2073,False
2074,False
2075,False
2076,False
2077,False
2078,False
2079,False
2080,False
2081,False
2082,False
2083,False
2084,False
2085,False
2086,False
2087,False
2088,False
2089,False
2090,True
2091,False
2092,False
2093,False
2094,False
2095,False
2096,False
2097,False
2098,False
2099,False
2100,False
2101,False
2102,False
2103,False
2104,False
2105,False
2106,False
2107,True
2108,True
2109,False
2110,False
2111,False
2112,False
2113,False
2114,False
2115,False
2116,False
2117,False
2118,False
2119,False
2120,False
2121,False
2122,False
2123,False
2124,False
2125,False
2126,False
2127,False
2128,True
2129,False
2130,False
2131,False
2132,True
2133,False
2134,False
2135,False
2136,False
2137,False
2138,False
2139,False
2140,False
2141,False
2142,False
2143,False
2144,False
2145,False
2146,False
2147,False
2148,False
2149,False
2150,False
2151,False
2152,False
2153,False
2154,False
2155,False
2156,False
2157,False
2158,False
2159,False
2160,False
2161,False
2162,False
2163,False
2164,False
2165,True
2166,False
2167,False
2168,False
2169,False
2170,False
2171,False
2172,False
2173,False
2174,False
2175,False
2176,True
2177,True
2178,False
2179,False
2180,False
2181,True
2182,False
2183,False
2184,False
2185,False
2186,False
2187,False
2188,False
2189,False
2190,False
2191,False
2192,False
2193,False
2194,True
2195,False
2196,False
2197,False
2198,False
2199,False
2200,False
2201,False
2202,True
2203,False
2204,False
2205,False
2206,True
2207,False
2208,False
2209,False
2210,False
2211,False
2212,False
2213,False
2214,False
2215,False
2216,False
2217,False
2218,False
2219,False
2220,False
2221,False
2222,False
2223,False
2224,False
2225,False
2226,False
2227,False
2228,False
2229,False
2230,False
2231,False
2232,False
2233,False
2234,False
2235,False
2236,False
2237,False
2238,False
2239,False
2240,False
2241,False
2242,False
2243,False
2244,False
2245,False
2246,False
2247,False
2248,False
2249,False
2250,False
2251,False
2252,False
2253,False
2254,False
2255,False
2256,False
2257,False
2258,False
2259,False
2260,False
2261,False
2262,False
2263,False
2264,False
2265,False
2266,False
2267,False
2268,False
2269,False
2270,False
2271,False
2272,False
2273,False
2274,False
2275,False
2276,False
2277,False
2278,True
2279,False
2280,False
2281,False
2282,False
2283,False
2284,False
2285,False
2286,False
2287,False
2288,False
2289,False
2290,False
2291,False
2292,False
2293,False
2294,True
2295,False
2296,False
2297,False
2298,False
2299,False
2300,False
2301,False
2302,False
2303,False
2304,False
2305,False
2306,False
2307,False
2308,False
2309,False
2310,False
2311,False
2312,False
2313,False
2314,False
2315,False
2316,False
2317,False
2318,False
2319,False
2320,False
2321,False
2322,False
2323,False
2324,False
2325,False
2326,False
2327,False
2328,False
2329,False
2330,False
2331,False
2332,False
2333,False
2334,False
2335,False
2336,False
2337,False
2338,False
2339,False
2340,False
2341,False
2342,False
2343,False
2344,True
2345,False
2346,True
2347,False
2348,False
2349,False
2350,False
2351,False
2352,False
2353,False
2354,False
2355,False
2356,False
2357,False
2358,False
2359,False
2360,False
2361,False
2362,False
2363,False
2364,False
2365,False
2366,False
2367,False
2368,False
2369,False
2370,False
2371,False
2372,False
2373,False
2374,False
2375,False
2376,False
2377,False
2378,False
2379,False
2380,False
2381,False
2382,False
2383,False
2384,False
2385,False
2386,False
2387,False
2388,False
2389,False
2390,False
2391,False
2392,False
2393,False
2394,False
2395,False
2396,False
2397,True
2398,False
2399,False
2400,False
2401,False
2402,False
2403,False
2404,False
2405,False
2406,False
2407,False
2408,False
2409,False
2410,False
2411,False
2412,False
2413,False
2414,False
2415,False
2416,False
2417,False
2418,False
2419,True
2420,False
2421,False
2422,False
2423,False
2424,False
2425,False
2426,False
2427,False
2428,False
2429,True
2430,False
2431,False
2432,False
2433,False
2434,False
2435,False
2436,False
2437,False
2438,False
2439,False
2440,False
2441,False
2442,False
2443,False
2444,False
2445,False
2446,False
2447,False
2448,False
2449,False
2450,False
2451,False
2452,False
2453,False
2454,False
2455,False
2456,False
2457,False
2458,True
2459,False
2460,False
2461,False
2462,False
2463,False
2464,False
2465,False
2466,False
2467,False
2468,False
2469,False
2470,False
2471,False
2472,False
2473,False
2474,False
2475,False
2476,False
2477,False
2478,False
2479,False
2480,False
2481,False
2482,False
2483,False
2484,False
2485,False
2486,False
2487,False
2488,False
2489,False
2490,False
2491,False
2492,False
2493,False
2494,False
2495,False
2496,False
2497,False
2498,False
2499,False
2500,False
2501,False
2502,False
2503,False
2504,False
2505,False
2506,False
2507,False
2508,False
2509,False
2510,False
2511,False
2512,False
2513,False
2514,False
2515,False
2516,False
2517,False
2518,False
2519,False
2520,False
2521,False
2522,False
2523,False
2524,False
2525,True
2526,False
2527,False
2528,False
2529,False
2530,False
2531,False
2532,False
2533,False
2534,False
2535,False
2536,False
2537,False
2538,False
2539,False
2540,True
2541,False
2542,False
2543,False
2544,False
2545,False
2546,False
2547,False
2548,False
2549,False
2550,False
2551,False
2552,True
2553,False
2554,False
2555,False
2556,False
2557,False
2558,False
2559,False
2560,False
2561,False
2562,False
2563,False
2564,False
2565,False
2566,False
2567,False
2568,False
2569,False
2570,False
2571,False
2572,False
2573,False
2574,False
2575,False
2576,False
2577,False
2578,False
2579,False
2580,False
2581,False
2582,False
2583,False
2584,False
2585,False
2586,False
2587,False
2588,False
2589,False
2590,False
2591,False
2592,False
2593,False
2594,False
2595,False
2596,False
2597,False
2598,False
2599,False
2600,False
2601,False
2602,False
2603,False
2604,False
2605,False
2606,False
2607,False
2608,False
2609,False
2610,False
2611,False
2612,False
2613,False
2614,False
2615,False
2616,False
2617,False
2618,False
2619,False
2620,False
2621,False
2622,False
2623,True
2624,False
2625,False
2626,False
2627,False
2628,False
2629,False
2630,True
2631,False
2632,False
2633,False
2634,False
2635,False
2636,False
2637,False
2638,False
2639,False
2640,False
2641,False
2642,False
2643,False
2644,False
2645,False
2646,False
2647,True
2648,False
2649,False
2650,False
2651,False
2652,False
2653,False
2654,False
2655,False
2656,False
2657,False
2658,False
2659,False
2660,False
2661,False
2662,False
2663,False
2664,False
2665,False
2666,False
2667,False
2668,False
2669,False
2670,False
2671,False
2672,False
2673,False
2674,False
2675,False
2676,False
2677,False
2678,False
2679,False
2680,False
2681,False
2682,False
2683,False
2684,False
2685,False
2686,False
2687,False
2688,False
2689,False
2690,False
2691,False
2692,False
2693,False
2694,False
2695,False
2696,False
2697,False
2698,True
2699,False
2700,False
2701,False
2702,False
2703,False
2704,False
2705,False
2706,False
2707,False
2708,False
2709,False
2710,False
2711,False
2712,False
2713,False
2714,False
2715,False
2716,False
2717,False
2718,False
2719,False
2720,False
2721,False
2722,False
2723,False
2724,False
2725,False
2726,False
2727,False
2728,False
2729,False
2730,False
2731,False
2732,False
2733,False
2734,False
2735,False
2736,False
2737,False
2738,False
2739,False
2740,False
2741,False
2742,False
2743,False
2744,False
2745,False
2746,False
2747,False
2748,False
2749,False
2750,False
2751,False
2752,False
2753,False
2754,False
2755,False
2756,True
2757,False
2758,False
2759,False
2760,True
2761,False
2762,False
2763,False
2764,True
2765,False
2766,False
2767,False
2768,True
2769,False
2770,False
2771,False
2772,False
2773,False
2774,False
2775,False
2776,True
2777,False
2778,False
2779,False
2780,False
2781,False
2782,False
2783,False
2784,False
2785,False
2786,False
2787,False
2788,False
2789,False
2790,False
2791,False
2792,False
2793,False
2794,False
2795,False
2796,False
2797,False
2798,False
2799,True
2800,False
2801,False
2802,False
2803,False
2804,True
2805,False
2806,False
2807,False
2808,False
2809,False
2810,True
2811,False
2812,False
2813,False
2814,False
2815,False
2816,False
2817,False
2818,False
2819,False
2820,False
2821,False
2822,False
2823,True
2824,False
2825,False
2826,False
2827,False
2828,False
2829,False
2830,False
2831,False
2832,False
2833,False
2834,False
2835,False
2836,False
2837,False
2838,False
2839,False
2840,False
2841,False
2842,False
2843,False
2844,False
2845,False
2846,False
2847,False
2848,False
2849,False
2850,False
2851,False
2852,False
2853,True
2854,False
2855,False
2856,False
2857,False
2858,False
2859,False
2860,False
2861,False
2862,False
2863,False
2864,False
2865,False
2866,False
2867,False
2868,True
2869,True
2870,False
2871,False
2872,False
2873,False
2874,False
2875,False
2876,False
2877,False
2878,False
2879,False
2880,False
2881,False
2882,False
2883,False
2884,False
2885,False
2886,False
2887,False
2888,False
2889,False
2890,False
2891,False
2892,False
2893,False
2894,False
2895,False
2896,False
2897,False
2898,False
2899,False
2900,False
2901,False
2902,False
2903,False
2904,False
2905,False
2906,False
2907,False
2908,False
2909,False
2910,False
2911,False
2912,True
2913,False
2914,False
2915,False
2916,False
2917,True
2918,False
2919,False
2920,False
2921,False
2922,False
2923,False
2924,False
2925,False
2926,False
2927,True
2928,False
2929,False
2930,False
2931,False
2932,False
2933,False
2934,False
2935,False
2936,False
2937,False
2938,False
2939,False
2940,False
2941,False
2942,False
2943,False
2944,False
2945,False
2946,True
2947,False
2948,False
2949,False
2950,False
2951,False
2952,False
2953,False
2954,False
2955,False
2956,False
2957,False
2958,False
2959,False
2960,False
2961,False
2962,False
2963,False
2964,False
2965,False
2966,False
2967,False
2968,False
2969,False
2970,False
2971,False
2972,False
2973,False
2974,False
2975,False
2976,False
2977,False
2978,False
2979,False
2980,False
2981,False
2982,False
2983,False
2984,False
2985,False
2986,False
2987,False
2988,False
2989,False
2990,False
2991,False
2992,False
2993,False
2994,False
2995,False
2996,False
2997,True
2998,False
2999,False
3000,False
3001,False
3002,False
3003,False
3004,False
3005,False
3006,False
3007,False
3008,False
3009,False
3010,False
3011,False
3012,True
3013,False
3014,False
3015,False
3016,False
3017,False
3018,False
3019,False
3020,False
3021,False
3022,False
3023,False
3024,False
3025,False
3026,False
3027,True
3028,False
3029,False
3030,False
3031,False
3032,False
3033,False
3034,False
3035,False
3036,False
3037,False
3038,False
3039,False
3040,False
3041,False
3042,False
3043,False
3044,False
3045,False
3046,False
3047,False
3048,False
3049,False
3050,False
3051,False
3052,False
3053,False
3054,False
3055,True
3056,False
3057,False
3058,False
3059,False
3060,True
3061,False
3062,False
3063,False
3064,False
3065,False
3066,False
3067,False
3068,False
3069,False
3070,False
3071,False
3072,False
3073,False
3074,False
3075,False
3076,False
3077,False
3078,False
3079,False
3080,False
3081,False
3082,False
3083,False
3084,False
3085,False
3086,False
3087,False
3088,True
3089,False
3090,True
3091,False
3092,False
3093,False
3094,False
3095,False
3096,False
3097,False
3098,False
3099,False
3100,False
3101,False
3102,False
3103,False
3104,False
3105,False
3106,False
3107,False
3108,True
3109,False
3110,False
3111,False
3112,False
3113,False
3114,False
3115,True
3116,False
3117,False
3118,False
3119,False
3120,False
3121,False
3122,False
3123,False
3124,False
3125,False
3126,False
3127,False
3128,False
3129,False
3130,False
3131,False
3132,False
3133,False
3134,False
3135,False
3136,False
3137,True
3138,False
3139,False
3140,False
3141,False
3142,False
3143,False
3144,False
3145,False
3146,False
3147,False
3148,False
3149,False
3150,False
3151,False
3152,False
3153,False
3154,False
3155,False
3156,False
3157,False
3158,False
3159,False
3160,False
3161,False
3162,False
3163,False
3164,False
3165,False
3166,False
3167,False
3168,False
3169,False
3170,False
3171,False
3172,False
3173,False
3174,False
3175,False
3176,False
3177,False
3178,False
3179,False
3180,False
3181,False
3182,False
3183,False
3184,False
3185,False
3186,False
3187,False
3188,False
3189,False
3190,False
3191,False
3192,False
3193,False
3194,False
3195,False
3196,False
3197,False
3198,False
3199,False
3200,False
3201,False
3202,False
3203,False
3204,False
3205,False
3206,False
3207,False
3208,False
3209,False
3210,False
3211,False
3212,False
3213,False
3214,False
3215,False
3216,False
3217,False
3218,False
3219,False
3220,False
3221,False
3222,False
3223,True
3224,False
3225,False
3226,False
3227,False
3228,False
3229,False
3230,False
3231,False
3232,False
3233,False
3234,False
3235,True
3236,False
3237,False
3238,False
3239,False
3240,False
3241,False
3242,False
3243,False
3244,False
3245,False
3246,False
3247,False
3248,False
3249,False
3250,False
3251,False
3252,False
3253,False
3254,False
3255,False
3256,False
3257,False
3258,False
3259,False
3260,False
3261,False
3262,False
3263,False
3264,False
3265,False
3266,False
3267,False
3268,False
3269,False
3270,False
3271,False
3272,False
3273,False
3274,True
3275,False
3276,False
3277,False
3278,False
3279,False
3280,False
3281,False
3282,False
3283,False
3284,False
3285,False
3286,False
3287,False
3288,False
3289,False
3290,False
3291,False
3292,False
3293,True
3294,False
3295,False
3296,False
3297,False
3298,False
3299,False
3300,False
3301,False
3302,False
3303,False
3304,False
3305,False
3306,False
3307,False
3308,False
3309,False
3310,False
3311,False
3312,False
3313,False
3314,False
3315,False
3316,False
3317,False
3318,False
3319,False
3320,False
3321,False
3322,False
3323,False
3324,False
3325,False
3326,False
3327,False
3328,False
3329,False
3330,False
3331,False
3332,False
3333,False
3334,False
3335,False
3336,False
3337,False
3338,False
3339,False
3340,False
3341,False
3342,False
3343,False
3344,False
3345,False
3346,False
3347,False
3348,True
3349,False
3350,False
3351,False
3352,False
3353,False
3354,False
3355,False
3356,False
3357,False
3358,False
3359,False
3360,False
3361,False
3362,False
3363,False
3364,False
3365,True
3366,False
3367,False
3368,False
3369,False
3370,True
3371,False
3372,False
3373,False
3374,False
3375,False
3376,False
3377,False
3378,False
3379,False
3380,False
3381,False
3382,False
3383,False
3384,False
3385,False
3386,False
3387,False
3388,False
3389,True
3390,False
3391,False
3392,False
3393,False
3394,False
3395,False
3396,False
3397,False
3398,False
3399,False
3400,False
3401,False
3402,True
3403,False
3404,False
3405,False
3406,False
3407,False
3408,False
3409,False
3410,False
3411,False
3412,False
3413,False
3414,False
3415,False
3416,False
3417,False
3418,False
3419,False
3420,False
3421,False
3422,False
3423,False
3424,False
3425,False
3426,False
3427,False
3428,False
3429,False
3430,False
3431,False
3432,False
3433,False
3434,False
3435,False
3436,False
3437,False
3438,False
3439,False
3440,False
3441,False
3442,False
3443,False
3444,False
3445,False
3446,False
3447,False
3448,False
3449,False
3450,False
3451,False
3452,True
3453,False
3454,False
3455,False
3456,False
3457,False
3458,False
3459,True
3460,False
3461,False
3462,False
3463,False
3464,True
3465,False
3466,False
3467,False
3468,False
3469,False
3470,False
3471,False
3472,False
3473,False
3474,False
3475,False
3476,False
3477,False
3478,False
3479,False
3480,True
3481,False
3482,False
3483,False
3484,False
3485,False
3486,False
3487,False
3488,False
3489,False
3490,False
3491,False
3492,False
3493,False
3494,False
3495,False
3496,False
3497,False
3498,False
3499,False
3500,False
3501,False
3502,False
3503,False
3504,False
3505,False
3506,False
3507,False
3508,False
3509,False
3510,False
3511,False
3512,False
3513,False
3514,False
3515,False
3516,False
3517,True
3518,False
3519,False
3520,False
3521,False
3522,False
3523,False
3524,False
3525,False
3526,False
3527,False
3528,False
3529,False
3530,False
3531,False
3532,False
3533,False
3534,False
3535,False
3536,False
3537,False
3538,False
3539,False
3540,False
3541,False
3542,False
3543,False
3544,False
3545,False
3546,False
3547,False
3548,False
3549,False
3550,False
3551,False
3552,False
3553,False
3554,False
3555,False
3556,False
3557,False
3558,False
3559,False
3560,False
3561,False
3562,False
3563,False
3564,False
3565,False
3566,False
3567,False
3568,False
3569,False
3570,False
3571,False
3572,False
3573,False
3574,False
3575,False
3576,False
3577,False
3578,False
3579,False
3580,True
3581,False
3582,False
3583,False
3584,False
3585,False
3586,False
3587,False
3588,False
3589,False
3590,False
3591,False
3592,False
3593,False
3594,False
3595,False
3596,False
3597,False
3598,True
3599,False
3600,True
3601,False
3602,False
3603,False
3604,False
3605,False
3606,False
3607,False
3608,False
3609,False
3610,False
3611,False
3612,False
3613,False
3614,False
3615,False
3616,False
3617,False
3618,False
3619,False
3620,False
3621,False
3622,False
3623,False
3624,False
3625,False
3626,False
3627,False
3628,False
3629,False
3630,False
3631,False
3632,False
3633,False
3634,False
3635,False
3636,False
3637,False
3638,False
3639,False
3640,False
3641,False
3642,False
3643,False
3644,False
3645,False
3646,False
3647,False
3648,False
3649,False
3650,False
3651,True
3652,False
3653,False
3654,False
3655,False
3656,False
3657,False
3658,False
3659,False
3660,False
3661,False
3662,False
3663,True
3664,False
3665,False
3666,False
3667,False
3668,False
3669,False
3670,False
3671,False
3672,False
3673,False
3674,False
3675,True
3676,False
3677,False
3678,False
3679,False
3680,False
3681,False
3682,False
3683,False
3684,False
3685,False
3686,False
3687,False
3688,False
3689,False
3690,False
3691,False
3692,False
3693,True
3694,False
3695,False
3696,False
3697,False
3698,False
3699,False
3700,False
3701,False
3702,False
3703,False
3704,True
3705,False
3706,False
3707,False
3708,False
3709,False
3710,False
3711,True
3712,False
3713,False
3714,False
3715,False
3716,False
3717,False
3718,False
3719,False
3720,False
3721,False
3722,False
3723,False
3724,False
3725,False
3726,False
3727,False
3728,False
3729,False
3730,False
3731,False
3732,False
3733,False
3734,False
3735,False
3736,False
3737,False
3738,False
3739,False
3740,False
3741,False
3742,False
3743,False
3744,False
3745,False
3746,False
3747,False
3748,False
3749,False
3750,False
3751,False
3752,False
3753,False
3754,False
3755,False
3756,False
3757,False
3758,False
3759,False
3760,False
3761,False
3762,False
3763,False
3764,False
3765,False
3766,False
3767,False
3768,False
3769,False
3770,False
3771,False
3772,False
3773,False
3774,False
3775,False
3776,False
3777,False
3778,False
3779,False
3780,False
3781,False
3782,False
3783,False
3784,False
3785,False
3786,False
3787,False
3788,False
3789,False
3790,False
3791,False
3792,False
3793,False
3794,False
3795,False
3796,False
3797,False
3798,True
3799,False
3800,False
3801,False
3802,False
3803,False
3804,False
3805,False
3806,False
3807,False
3808,False
3809,False
3810,False
3811,False
3812,False
3813,False
3814,False
3815,False
3816,False
3817,True
3818,False
3819,False
3820,False
3821,False
3822,False
3823,False
3824,False
3825,False
3826,False
3827,False
3828,False
3829,False
3830,False
3831,False
3832,False
3833,False
3834,False
3835,False
3836,False
3837,False
3838,False
3839,False
3840,False
3841,False
3842,False
3843,False
3844,False
3845,False
3846,False
3847,False
3848,True
3849,False
3850,False
3851,False
3852,False
3853,False
3854,False
3855,False
3856,False
3857,False
3858,False
3859,False
3860,False
3861,False
3862,False
3863,False
3864,False
3865,False
3866,False
3867,False
3868,False
3869,False
3870,False
3871,False
3872,False
3873,True
3874,False
3875,False
3876,False
3877,False
3878,False
3879,False
3880,False
3881,False
3882,False
3883,False
3884,False
3885,False
3886,False
3887,False
3888,False
3889,False
3890,False
3891,False
3892,False
3893,False
3894,False
3895,False
3896,False
3897,False
3898,False
3899,False
3900,False
3901,False
3902,False
3903,False
3904,False
3905,False
3906,False
3907,False
3908,False
3909,False
3910,False
3911,False
3912,False
3913,False
3914,False
3915,False
3916,True
3917,False
3918,False
3919,False
3920,False
3921,False
3922,False
3923,False
3924,False
3925,False
3926,False
3927,False
3928,False
3929,False
3930,False
3931,False
3932,False
3933,False
3934,False
3935,False
3936,False
3937,False
3938,False
3939,False
3940,False
3941,False
3942,False
3943,False
3944,False
3945,False
3946,False
3947,False
3948,False
3949,True
3950,False
3951,False
3952,False
3953,False
3954,False
3955,False
3956,False
3957,False
3958,False
3959,False
3960,False
3961,False
3962,False
3963,False
3964,False
3965,False
3966,False
3967,False
3968,False
3969,False
3970,False
3971,False
3972,False
3973,False
3974,False
3975,False
3976,False
3977,False
3978,False
3979,False
3980,False
3981,False
3982,False
3983,False
3984,False
3985,False
3986,False
3987,False
3988,False
3989,False
3990,False
3991,False
3992,False
3993,False
3994,False
3995,False
3996,False
3997,False
3998,False
3999,False
4000,False
4001,False
4002,False
4003,False
4004,False
4005,False
4006,False
4007,False
4008,False
4009,False
4010,False
4011,False
4012,True
4013,False
4014,False
4015,False
4016,False
4017,False
4018,False
4019,False
4020,False
4021,False
4022,False
4023,False
4024,False
4025,False
4026,False
4027,False
4028,False
4029,False
4030,False
4031,False
4032,False
4033,False
4034,False
4035,False
4036,True
4037,False
4038,False
4039,False
4040,False
4041,False
4042,False
4043,False
4044,False
4045,False
4046,False
4047,False
4048,False
4049,False
4050,False
4051,False
4052,False
4053,False
4054,False
4055,False
4056,False
4057,False
4058,True
4059,False
4060,False
4061,False
4062,False
4063,False
4064,False
4065,False
4066,False
4067,False
4068,False
4069,False
4070,False
4071,False
4072,False
4073,False
4074,False
4075,False
4076,False
4077,False
4078,False
4079,False
4080,True
4081,False
4082,False
4083,False
4084,False
4085,False
4086,False
4087,True
4088,False
4089,False
4090,False
4091,False
4092,False
4093,False
4094,False
4095,False
4096,False
4097,False
4098,True
4099,False
4100,False
4101,False
4102,False
4103,False
4104,False
4105,False
4106,False
4107,False
4108,False
4109,False
4110,False
4111,False
4112,False
4113,True
4114,False
4115,False
4116,False
4117,False
4118,False
4119,False
4120,False
4121,False
4122,False
4123,False
4124,False
4125,False
4126,True
4127,False
4128,False
4129,False
4130,False
4131,False
4132,False
4133,False
4134,False
4135,False
4136,False
4137,False
4138,False
4139,False
4140,False
4141,False
4142,False
4143,False
4144,False
4145,False
4146,False
4147,False
4148,False
4149,False
4150,False
4151,False
4152,False
4153,False
4154,False
4155,True
4156,False
4157,False
4158,False
4159,False
4160,False
4161,False
4162,True
4163,False
4164,False
4165,False
4166,False
4167,False
4168,False
4169,False
4170,False
4171,False
4172,False
4173,False
4174,False
4175,False
4176,False
4177,False
4178,False
4179,False
4180,False
4181,False
4182,False
4183,False
4184,False
4185,False
4186,False
4187,False
4188,False
4189,True
4190,False
4191,False
4192,False
4193,False
4194,False
4195,False
4196,False
4197,False
4198,False
4199,False
4200,False
4201,False
4202,False
4203,False
4204,False
4205,False
4206,False
4207,False
4208,False
4209,False
4210,False
4211,False
4212,False
4213,False
4214,False
4215,False
4216,False
4217,False
4218,False
4219,False
4220,False
4221,False
4222,True
4223,False
4224,False
4225,False
4226,False
4227,True
4228,False
4229,False
4230,False
4231,False
4232,False
4233,False
4234,False
4235,False
4236,False
4237,False
4238,False
4239,False
4240,False
4241,False
4242,False
4243,False
4244,False
4245,False
4246,False
4247,False
4248,False
4249,False
4250,False
4251,False
4252,False
4253,False
4254,False
4255,False
4256,False
4257,False
4258,False
4259,False
4260,False
4261,False
4262,False
4263,False
4264,False
4265,False
4266,False
4267,False
4268,False
4269,False
4270,False
4271,False
4272,False
4273,False
4274,False
4275,False
4276,False
4277,False
4278,False
4279,False
4280,False
4281,False
4282,False
4283,False
4284,False
4285,False
4286,False
4287,False
4288,False
4289,False
4290,True
4291,False
4292,False
4293,False
4294,False
4295,False
4296,False
4297,False
4298,False
4299,False
4300,False
4301,False
4302,False
4303,False
4304,False
4305,False
4306,False
4307,False
4308,False
4309,False
4310,False
4311,False
4312,False
4313,False
4314,False
4315,False
4316,False
4317,False
4318,False
4319,False
4320,False
4321,False
4322,False
4323,False
4324,False
4325,False
4326,False
4327,False
4328,False
4329,False
4330,False
4331,False
4332,False
4333,False
4334,False
4335,False
4336,True
4337,False
4338,False
4339,False
4340,False
4341,False
4342,False
4343,False
4344,False
4345,False
4346,False
4347,False
4348,False
4349,False
4350,False
4351,False
4352,False
4353,False
4354,False
4355,False
4356,False
4357,False
4358,False
4359,False
4360,False
4361,False
4362,False
4363,False
4364,False
4365,True
4366,False
4367,False
4368,False
4369,False
4370,False
4371,False
4372,True
4373,False
4374,False
4375,False
4376,False
4377,False
4378,False
4379,False
4380,False
4381,False
4382,False
4383,False
4384,False
4385,False
4386,False
4387,False
4388,False
4389,False
4390,False
4391,False
4392,False
4393,False
4394,False
4395,False
4396,False
4397,False
4398,False
4399,False
4400,False
4401,False
4402,False
4403,False
4404,False
4405,False
4406,False
4407,False
4408,False
4409,False
4410,False
4411,False
4412,False
4413,False
4414,False
4415,False
4416,False
4417,False
4418,False
4419,False
4420,False
4421,True
4422,False
4423,False
4424,False
4425,False
4426,False
4427,False
4428,False
4429,False
4430,False
4431,False
4432,False
4433,False
4434,True
4435,False
4436,False
4437,False
4438,True
4439,False
4440,False
4441,False
4442,False
4443,False
4444,False
4445,False
4446,False
4447,False
4448,False
4449,False
4450,False
4451,False
4452,False
4453,False
4454,False
4455,False
4456,False
4457,False
4458,False
4459,False
4460,False
4461,False
4462,False
4463,False
4464,False
4465,False
4466,False
4467,False
4468,False
4469,False
4470,True
4471,False
4472,False
4473,False
4474,False
4475,True
4476,False
4477,False
4478,False
4479,False
4480,False
4481,False
4482,False
4483,False
4484,False
4485,False
4486,False
4487,False
4488,False
4489,False
4490,False
4491,False
4492,False
4493,False
4494,False
4495,False
4496,False
4497,False
4498,False
4499,False
4500,False
4501,False
4502,False
4503,False
4504,False
4505,False
4506,False
4507,True
4508,False
4509,True
4510,False
4511,False
4512,False
4513,False
4514,False
4515,False
4516,False
4517,False
4518,False
4519,False
4520,False
4521,False
4522,False
4523,False
4524,False
4525,True
4526,False
4527,False
4528,False
4529,False
4530,False
4531,False
4532,False
4533,False
4534,False
4535,False
4536,False
4537,False
4538,False
4539,False
4540,False
4541,False
4542,False
4543,False
4544,False
4545,False
4546,False
4547,False
4548,False
4549,False
4550,True
4551,False
4552,False
4553,False
4554,False
4555,False
4556,False
4557,False
4558,False
4559,False
4560,False
4561,False
4562,False
4563,False
4564,False
4565,False
4566,False
4567,False
4568,False
4569,True
4570,False
4571,False
4572,False
4573,False
4574,False
4575,False
4576,False
4577,False
4578,False
4579,False
4580,False
4581,False
4582,False
4583,False
4584,False
4585,False
4586,False
4587,False
4588,True
4589,False
4590,False
4591,False
4592,False
4593,False
4594,False
4595,False
4596,False
4597,False
4598,False
4599,False
4600,False
4601,False
4602,False
4603,False
4604,False
4605,False
4606,False
4607,False
4608,False
4609,False
4610,False
4611,False
4612,False
4613,False
4614,False
4615,False
4616,False
4617,False
4618,False
4619,False
4620,False
4621,False
4622,False
4623,False
4624,False
4625,False
4626,False
4627,False
4628,False
4629,False
4630,False
4631,False
4632,False
4633,False
4634,False
4635,False
4636,False
4637,False
4638,False
4639,False
4640,False
4641,False
4642,True
4643,False
4644,False
4645,False
4646,False
4647,False
4648,False
4649,False
4650,False
4651,False
4652,False
4653,False
4654,False
4655,False
4656,False
4657,False
4658,False
4659,False
4660,False
4661,False
4662,False
4663,False
4664,False
4665,False
4666,False
4667,False
4668,False
4669,False
4670,False
4671,False
4672,False
4673,False
4674,False
4675,False
4676,False
4677,False
4678,False
4679,False
4680,False
4681,False
4682,False
4683,False
4684,False
4685,False
4686,False
4687,False
4688,False
4689,False
4690,False
4691,True
4692,True
4693,False
4694,False
4695,False
4696,False
4697,False
4698,False
4699,False
4700,False
4701,False
4702,False
4703,False
4704,False
4705,False
4706,False
4707,False
4708,False
4709,False
4710,False
4711,False
4712,False
4713,True
4714,False
4715,False
4716,False
4717,False
4718,False
4719,False
4720,False
4721,False
4722,False
4723,False
4724,False
4725,False
4726,False
4727,False
4728,False
4729,False
4730,False
4731,False
4732,False
4733,False
4734,False
4735,False
4736,False
4737,False
4738,False
4739,False
4740,False
4741,False
4742,False
4743,False
4744,False
4745,False
4746,False
4747,False
4748,False
4749,False
4750,False
4751,False
4752,False
4753,False
4754,False
4755,True
4756,False
4757,False
4758,False
4759,False
4760,False
4761,False
4762,False
4763,False
4764,False
4765,False
4766,False
4767,False
4768,False
4769,False
4770,False
4771,False
4772,False
4773,False
4774,False
4775,False
4776,False
4777,False
4778,False
4779,False
4780,True
4781,False
4782,False
4783,False
4784,False
4785,False
4786,False
4787,False
4788,False
4789,False
4790,False
4791,False
4792,False
4793,False
4794,False
4795,False
4796,False
4797,False
4798,False
4799,False
4800,False
4801,False
4802,False
4803,False
4804,False
4805,False
4806,False
4807,False
4808,False
4809,False
4810,False
4811,False
4812,False
4813,False
4814,False
4815,False
4816,False
4817,False
4818,False
4819,False
4820,False
4821,False
4822,False
4823,False
4824,False
4825,False
4826,False
4827,False
4828,False
4829,False
4830,False
4831,False
4832,False
4833,False
4834,False
4835,False
4836,False
4837,False
4838,False
4839,False
4840,False
4841,False
4842,False
4843,False
4844,False
4845,False
4846,False
4847,False
4848,False
4849,False
4850,False
4851,False
4852,False
4853,False
4854,False
4855,False
4856,False
4857,False
4858,False
4859,False
4860,False
4861,True
4862,False
4863,False
4864,False
4865,False
4866,False
4867,False
4868,False
4869,False
4870,False
4871,False
4872,False
4873,False
4874,False
4875,False
4876,False
4877,False
4878,False
4879,False
4880,False
4881,False
4882,False
4883,False
4884,False
4885,False
4886,False
4887,False
4888,False
4889,False
4890,False
4891,False
4892,False
4893,False
4894,False
4895,False
4896,False
4897,False
4898,False
4899,False
4900,False
4901,False
4902,False
4903,False
4904,False
4905,False
4906,False
4907,False
4908,False
4909,False
4910,False
4911,False
4912,False
4913,False
4914,False
4915,False
4916,False
4917,False
4918,False
4919,False
4920,False
4921,False
4922,True
4923,False
4924,False
4925,False
4926,False
4927,True
4928,False
4929,False
4930,False
4931,False
4932,False
4933,False
4934,False
4935,False
4936,False
4937,False
4938,False
4939,False
4940,False
4941,False
4942,False
4943,False
4944,False
4945,False
4946,False
4947,False
4948,False
4949,False
4950,False
4951,False
4952,False
4953,False
4954,False
4955,False
4956,False
4957,False
4958,False
4959,False
4960,False
4961,False
4962,False
4963,False
4964,False
4965,False
4966,False
4967,False
4968,False
4969,False
4970,False
4971,False
4972,False
4973,False
4974,False
4975,False
4976,False
4977,False
4978,False
4979,False
4980,False
4981,False
4982,False
4983,False
4984,False
4985,False
4986,False
4987,False
4988,False
4989,False
4990,False
4991,False
4992,False
4993,True
4994,False
4995,False
4996,False
4997,False
4998,False
4999,False
5000,False
5001,False
5002,False
5003,False
5004,False
5005,False
5006,False
5007,False
5008,False
5009,False
5010,False
5011,False
5012,False
5013,False
5014,False
5015,False
5016,False
5017,False
5018,False
5019,False
5020,False
5021,False
5022,False
5023,False
5024,False
5025,False
5026,False
5027,False
5028,False
5029,False
5030,False
5031,False
5032,False
5033,False
5034,False
5035,False
5036,False
5037,False
5038,False
5039,False
5040,False
5041,False
5042,False
5043,False
5044,False
5045,False
5046,False
5047,False
5048,False
5049,False
5050,False
5051,False
5052,False
5053,False
5054,False
5055,False
5056,False
5057,False
5058,False
5059,False
5060,False
5061,False
5062,False
5063,False
5064,False
5065,False
5066,False
5067,False
5068,False
5069,False
5070,True
5071,False
5072,False
5073,False
5074,False
5075,False
5076,False
5077,False
5078,False
5079,False
5080,False
5081,False
5082,False
5083,False
5084,False
5085,False
5086,False
5087,False
5088,False
5089,False
5090,False
5091,False
5092,False
5093,False
5094,False
5095,False
5096,False
5097,False
5098,False
5099,False
5100,False
5101,True
5102,False
5103,False
5104,False
5105,False
5106,False
5107,False
5108,False
5109,False
5110,False
5111,False
5112,False
5113,False
5114,False
5115,False
5116,False
5117,False
5118,False
5119,False
5120,False
5121,False
5122,False
5123,False
5124,False
5125,False
5126,False
5127,False
5128,False
5129,False
5130,False
5131,False
5132,False
5133,False
5134,False
5135,False
5136,False
5137,False
5138,False
5139,False
5140,False
5141,False
5142,False
5143,False
5144,False
5145,False
5146,False
5147,False
5148,False
5149,False
5150,False
5151,False
5152,False
5153,False
5154,False
5155,False
5156,False
5157,False
5158,False
5159,False
5160,False
5161,False
5162,False
5163,False
5164,False
5165,False
5166,False
5167,False
5168,False
5169,False
5170,False
5171,False
5172,False
5173,False
5174,False
5175,False
5176,False
5177,False
5178,False
5179,False
5180,False
5181,False
5182,False
5183,False
5184,False
5185,False
5186,False
5187,False
5188,False
5189,False
5190,False
5191,False
5192,False
5193,False
5194,False
5195,False
5196,False
5197,False
5198,False
5199,False
5200,False
5201,False
5202,False
5203,False
5204,False
5205,False
5206,False
5207,False
5208,False
5209,False
5210,False
5211,True
5212,False
5213,False
5214,False
5215,False
5216,False
5217,False
5218,False
5219,False
5220,False
5221,False
5222,False
5223,False
5224,False
5225,False
5226,False
5227,False
5228,False
5229,False
5230,False
5231,False
5232,False
5233,False
5234,False
5235,False
5236,False
5237,False
5238,True
5239,False
5240,False
5241,False
5242,False
5243,False
5244,False
5245,False
5246,False
5247,False
5248,False
5249,False
5250,False
5251,False
5252,False
5253,False
5254,False
5255,False
5256,False
5257,False
5258,False
5259,False
5260,False
5261,False
5262,False
5263,False
5264,False
5265,False
5266,False
5267,True
5268,False
5269,False
5270,False
5271,True
5272,False
5273,False
5274,False
5275,False
5276,False
5277,False
5278,False
5279,False
5280,False
5281,False
5282,False
5283,False
5284,True
5285,False
5286,False
5287,False
5288,False
5289,False
5290,False
5291,False
5292,False
5293,False
5294,False
5295,False
5296,False
5297,False
5298,False
5299,False
5300,False
5301,False
5302,False
5303,False
5304,False
5305,False
5306,False
5307,False
5308,False
5309,False
5310,False
5311,True
5312,False
5313,False
5314,False
5315,False
5316,False
5317,False
5318,False
5319,False
5320,False
5321,False
5322,False
5323,False
5324,False
5325,False
5326,False
5327,False
5328,False
5329,False
5330,False
5331,False
5332,False
5333,False
5334,False
5335,False
5336,False
5337,False
5338,False
5339,False
5340,False
5341,False
5342,False
5343,False
5344,False
5345,False
5346,False
5347,False
5348,False
5349,False
5350,False
5351,False
5352,False
5353,False
5354,False
5355,False
5356,False
5357,False
5358,False
5359,False
5360,False
5361,False
5362,True
5363,False
5364,False
5365,False
5366,False
5367,False
5368,False
5369,False
5370,False
5371,False
5372,False
5373,False
5374,False
5375,False
5376,False
5377,False
5378,False
5379,False
5380,False
5381,False
5382,False
5383,False
5384,False
5385,False
5386,False
5387,False
5388,False
5389,False
5390,False
5391,False
5392,False
5393,False
5394,False
5395,False
5396,False
5397,False
5398,False
5399,False
5400,False
5401,False
5402,False
5403,False
5404,False
5405,False
5406,False
5407,False
5408,False
5409,False
5410,False
5411,False
5412,False
5413,False
5414,False
5415,False
5416,False
5417,False
5418,False
5419,False
5420,False
5421,True
5422,True
5423,False
5424,False
5425,False
5426,False
5427,False
5428,False
5429,False
5430,False
5431,False
5432,False
5433,False
5434,True
5435,False
5436,False
5437,False
5438,False
5439,False
5440,False
5441,False
5442,True
5443,False
5444,False
5445,False
5446,False
5447,True
5448,False
5449,True
5450,False
5451,False
5452,False
5453,False
5454,False
5455,False
5456,False
5457,False
5458,False
5459,False
5460,False
5461,False
5462,False
5463,False
5464,False
5465,False
5466,False
5467,False
5468,False
5469,False
5470,False
5471,False
5472,False
5473,False
5474,False
5475,False
5476,True
5477,False
5478,False
5479,False
5480,False
5481,False
5482,False
5483,False
5484,False
5485,False
5486,False
5487,False
5488,False
5489,False
5490,False
5491,False
5492,False
5493,False
5494,False
5495,False
5496,False
5497,False
5498,False
5499,False
5500,False
5501,False
5502,False
5503,False
5504,False
5505,False
5506,False
5507,False
5508,False
5509,False
5510,False
5511,False
5512,False
5513,False
5514,False
5515,False
5516,False
5517,False
5518,False
5519,False
5520,False
5521,False
5522,False
5523,False
5524,False
5525,False
5526,False
5527,False
5528,False
5529,False
5530,False
5531,False
5532,False
5533,False
5534,False
5535,False
5536,False
5537,False
5538,False
5539,False
5540,False
5541,False
5542,False
5543,False
5544,False
5545,False
5546,False
5547,False
5548,False
5549,False
5550,False
5551,False
5552,False
5553,False
5554,False
5555,False
5556,False
5557,False
5558,False
5559,False
5560,False
5561,False
5562,False
5563,False
5564,False
5565,False
5566,False
5567,False
5568,False
5569,False
5570,False
5571,False
5572,False
5573,False
5574,False
5575,False
5576,False
5577,False
5578,False
5579,False
5580,False
5581,False
5582,False
5583,False
5584,False
5585,False
5586,False
5587,False
5588,False
5589,False
5590,False
5591,False
5592,False
5593,False
5594,False
5595,False
5596,False
5597,False
5598,False
5599,False
5600,False
5601,False
5602,False
5603,False
5604,False
5605,False
5606,False
5607,False
5608,False
5609,False
5610,False
5611,False
5612,False
5613,True
5614,False
5615,False
5616,False
5617,False
5618,True
5619,True
5620,False
5621,False
5622,False
5623,False
5624,False
5625,False
5626,False
5627,False
5628,False
5629,False
5630,False
5631,False
5632,False
5633,True
5634,False
5635,False
5636,False
5637,False
5638,False
5639,True
5640,False
5641,False
5642,False
5643,False
5644,False
5645,False
5646,False
5647,False
5648,False
5649,False
5650,False
5651,False
5652,False
5653,False
5654,False
5655,False
5656,False
5657,False
5658,False
5659,False
5660,False
5661,False
5662,False
5663,False
5664,False
5665,False
5666,False
5667,False
5668,False
5669,False
5670,False
5671,False
5672,False
5673,False
5674,False
5675,False
5676,False
5677,False
5678,False
5679,False
5680,False
5681,False
5682,False
5683,False
5684,False
5685,False
5686,False
5687,False
5688,False
5689,False
5690,False
5691,False
5692,False
5693,False
5694,True
5695,True
5696,False
5697,False
5698,False
5699,False
5700,False
5701,False
5702,False
5703,False
5704,False
5705,False
5706,False
5707,False
5708,False
5709,False
5710,False
5711,False
5712,False
5713,False
5714,False
5715,False
5716,False
5717,True
5718,False
5719,False
5720,False
5721,False
5722,False
5723,False
5724,False
5725,False
5726,False
5727,False
5728,False
5729,False
5730,False
5731,False
5732,False
5733,False
5734,False
5735,False
5736,False
5737,False
5738,False
5739,False
5740,False
5741,False
5742,False
5743,False
5744,False
5745,False
5746,False
5747,False
5748,False
5749,False
5750,False
5751,False
5752,False
5753,False
5754,False
5755,True
5756,False
5757,False
5758,False
5759,False
5760,False
5761,False
5762,False
5763,False
5764,False
5765,False
5766,False
5767,False
5768,False
5769,False
5770,False
5771,False
5772,False
5773,False
5774,False
5775,False
5776,False
5777,False
5778,False
5779,False
5780,False
5781,False
5782,False
5783,True
5784,False
5785,False
5786,False
5787,False
5788,False
5789,False
5790,False
5791,False
5792,False
5793,False
5794,False
5795,False
5796,False
5797,False
5798,False
5799,False
5800,False
5801,False
5802,False
5803,False
5804,False
5805,False
5806,False
5807,False
5808,False
5809,False
5810,False
5811,False
5812,False
5813,True
5814,False
5815,False
5816,False
5817,False
5818,False
5819,False
5820,False
5821,False
5822,False
5823,False
5824,False
5825,False
5826,False
5827,False
5828,False
5829,False
5830,False
5831,False
5832,False
5833,False
5834,False
5835,False
5836,False
5837,False
5838,False
5839,False
5840,False
5841,False
5842,False
5843,False
5844,False
5845,False
5846,False
5847,False
5848,False
5849,False
5850,False
5851,False
5852,False
5853,False
5854,False
5855,False
5856,False
5857,False
5858,False
5859,False
5860,False
5861,False
5862,False
5863,False
5864,False
5865,False
5866,False
5867,False
5868,False
5869,False
5870,False
5871,False
5872,False
5873,False
5874,False
5875,False
5876,False
5877,False
5878,False
5879,False
5880,False
5881,False
5882,False
5883,False
5884,False
5885,False
5886,False
5887,False
5888,False
5889,False
5890,False
5891,False
5892,False
5893,False
5894,False
5895,True
5896,False
5897,False
5898,False
5899,False
5900,False
5901,False
5902,False
5903,False
5904,False
5905,False
5906,False
5907,False
5908,False
5909,False
5910,False
5911,False
5912,True
5913,False
5914,False
5915,False
5916,False
5917,False
5918,False
5919,False
5920,False
5921,False
5922,False
5923,False
5924,False
5925,False
5926,False
5927,False
5928,False
5929,False
5930,False
5931,False
5932,False
5933,False
5934,False
5935,True
5936,False
5937,False
5938,False
5939,False
5940,False
5941,False
5942,False
5943,False
5944,False
5945,False
5946,False
5947,False
5948,False
5949,False
5950,False
5951,False
5952,False
5953,False
5954,True
5955,False
5956,False
5957,False
5958,False
5959,False
5960,False
5961,False
5962,False
5963,False
5964,False
5965,False
5966,False
5967,False
5968,False
5969,False
5970,True
5971,False
5972,False
5973,False
5974,False
5975,False
5976,False
5977,False
5978,False
5979,False
5980,False
5981,False
5982,False
5983,True
5984,False
5985,False
5986,False
5987,False
5988,False
5989,False
5990,True
5991,False
5992,False
5993,False
5994,True
5995,False
5996,False
5997,False
5998,False
5999,False
6000,False
6001,True
6002,False
6003,False
6004,False
6005,False
6006,False
6007,False
6008,False
6009,False
6010,False
6011,False
6012,False
6013,False
6014,False
6015,False
6016,False
6017,False
6018,False
6019,False
6020,False
6021,False
6022,False
6023,False
6024,False
6025,False
6026,False
6027,False
6028,False
6029,True
6030,False
6031,False
6032,False
6033,False
6034,False
6035,False
6036,False
6037,False
6038,False
6039,False
6040,False
6041,False
6042,False
6043,False
6044,False
6045,False
6046,False
6047,False
6048,False
6049,False
6050,False
6051,False
6052,False
6053,False
6054,False
6055,False
6056,False
6057,False
6058,False
6059,False
6060,False
6061,False
6062,True
6063,True
6064,False
6065,False
6066,False
6067,False
6068,False
6069,False
6070,True
6071,False
6072,False
6073,False
6074,False
6075,True
6076,False
6077,False
6078,False
6079,False
6080,False
6081,False
6082,False
6083,False
6084,False
6085,False
6086,False
6087,False
6088,False
6089,False
6090,False
6091,False
6092,False
6093,False
6094,False
6095,False
6096,False
6097,False
6098,False
6099,False
6100,False
6101,False
6102,False
6103,False
6104,False
6105,False
6106,False
6107,False
6108,True
6109,False
6110,False
6111,False
6112,False
6113,False
6114,False
6115,False
6116,False
6117,False
6118,False
6119,False
6120,False
6121,False
6122,False
6123,False
6124,False
6125,False
6126,False
6127,False
6128,False
6129,False
6130,False
6131,False
6132,False
6133,False
6134,False
6135,False
6136,False
6137,False
6138,False
6139,False
6140,False
6141,False
6142,True
6143,False
6144,False
6145,False
6146,False
6147,False
6148,False
6149,False
6150,False
6151,True
6152,False
6153,False
6154,False
6155,False
6156,False
6157,True
6158,False
6159,False
6160,False
6161,False
6162,False
6163,False
6164,False
6165,False
6166,False
6167,False
6168,False
6169,False
6170,False
6171,False
6172,False
6173,True
6174,False
6175,False
6176,False
6177,True
6178,True
6179,False
6180,False
6181,False
6182,False
6183,False
6184,False
6185,False
6186,False
6187,False
6188,False
6189,False
6190,False
6191,False
6192,False
6193,False
6194,False
6195,False
6196,False
6197,False
6198,True
6199,False
6200,False
6201,False
6202,False
6203,False
6204,False
6205,False
6206,False
6207,False
6208,False
6209,False
6210,False
6211,False
6212,False
6213,False
6214,False
6215,True
6216,False
6217,False
6218,False
6219,False
6220,False
6221,False
6222,False
6223,False
6224,False
6225,False
6226,True
6227,False
6228,False
6229,False
6230,True
6231,False
6232,False
6233,False
6234,False
6235,False
6236,False
6237,False
6238,False
6239,False
6240,False
6241,False
6242,False
6243,False
6244,False
6245,False
6246,False
6247,False
6248,False
6249,False
6250,False
6251,False
6252,False
6253,True
6254,False
6255,False
6256,False
6257,False
6258,False
6259,False
6260,False
6261,False
6262,False
6263,False
6264,False
6265,False
6266,False
6267,False
6268,False
6269,False
6270,False
6271,False
6272,False
6273,False
6274,False
6275,False
6276,False
6277,False
6278,False
6279,False
6280,False
6281,False
6282,True
6283,False
6284,False
6285,False
6286,False
6287,False
6288,False
6289,False
6290,False
6291,False
6292,False
6293,False
6294,False
6295,True
6296,False
6297,False
6298,False
6299,False
6300,False
6301,True
6302,False
6303,False
6304,False
6305,False
6306,False
6307,False
6308,False
6309,False
6310,False
6311,False
6312,False
6313,False
6314,False
6315,False
6316,True
6317,False
6318,False
6319,False
6320,False
6321,False
6322,False
6323,False
6324,False
6325,False
6326,False
6327,False
6328,False
6329,False
6330,False
6331,False
6332,False
6333,False
6334,False
6335,False
6336,False
6337,False
6338,False
6339,False
6340,False
6341,False
6342,False
6343,False
6344,False
6345,True
6346,False
6347,False
6348,False
6349,False
6350,False
6351,False
6352,False
6353,False
6354,False
6355,False
6356,False
6357,True
6358,False
6359,False
6360,False
6361,False
6362,False
6363,False
6364,False
6365,False
6366,False
6367,False
6368,False
6369,False
6370,False
6371,False
6372,False
6373,False
6374,False
6375,False
6376,False
6377,False
6378,False
6379,False
6380,True
6381,False
6382,False
6383,False
6384,False
6385,False
6386,False
6387,False
6388,False
6389,False
6390,False
6391,False
6392,False
6393,False
6394,False
6395,False
6396,False
6397,False
6398,True
6399,False
6400,False
6401,False
6402,False
6403,False
6404,False
6405,False
6406,False
6407,False
6408,False
6409,False
6410,False
6411,False
6412,False
6413,False
6414,False
6415,False
6416,False
6417,False
6418,False
6419,False
6420,False
6421,False
6422,False
6423,False
6424,False
6425,False
6426,False
6427,False
6428,False
6429,False
6430,False
6431,False
6432,False
6433,False
6434,False
6435,False
6436,False
6437,False
6438,False
6439,False
6440,False
6441,False
6442,False
6443,True
6444,False
6445,False
6446,False
6447,False
6448,False
6449,False
6450,False
6451,False
6452,False
6453,False
6454,False
6455,False
6456,False
6457,False
6458,False
6459,False
6460,False
6461,False
6462,False
6463,False
6464,False
6465,False
6466,False
6467,False
6468,False
6469,False
6470,True
6471,False
6472,False
6473,False
6474,False
6475,False
6476,False
6477,False
6478,False
6479,False
6480,False
6481,False
6482,False
6483,False
6484,False
6485,False
6486,False
6487,False
6488,True
6489,False
6490,False
6491,False
6492,False
6493,False
6494,False
6495,False
6496,False
6497,False
6498,False
6499,False
6500,False
6501,False
6502,False
6503,False
6504,False
6505,False
6506,False
6507,False
6508,False
6509,False
6510,False
6511,False
6512,False
6513,True
6514,False
6515,False
6516,False
6517,False
6518,False
6519,False
6520,False
6521,False
6522,False
6523,False
6524,False
6525,False
6526,False
6527,False
6528,False
6529,False
6530,False
6531,False
6532,False
6533,False
6534,False
6535,False
6536,False
6537,False
6538,False
6539,False
6540,False
6541,False
6542,False
6543,False
6544,False
6545,False
6546,False
6547,False
6548,False
6549,False
6550,False
6551,False
6552,False
6553,False
6554,False
6555,False
6556,False
6557,False
6558,False
6559,False
6560,False
6561,False
6562,False
6563,False
6564,False
6565,False
6566,False
6567,False
6568,False
6569,False
6570,False
6571,False
6572,False
6573,False
6574,False
6575,False
6576,False
6577,False
6578,False
6579,False
6580,False
6581,True
6582,False
6583,False
6584,False
6585,False
6586,False
6587,False
6588,False
6589,False
6590,False
6591,False
6592,False
6593,False
6594,False
6595,False
6596,False
6597,False
6598,False
6599,False
6600,False
6601,False
6602,False
6603,True
6604,False
6605,False
6606,False
6607,False
6608,False
6609,False
6610,False
6611,False
6612,False
6613,False
6614,False
6615,False
6616,False
6617,False
6618,False
6619,False
6620,False
6621,False
6622,False
6623,False
6624,False
6625,True
6626,False
6627,False
6628,False
6629,False
6630,False
6631,False
6632,False
6633,False
6634,False
6635,False
6636,False
6637,False
6638,False
6639,False
6640,False
6641,False
6642,False
6643,False
6644,False
6645,True
6646,False
6647,False
6648,False
6649,False
6650,False
6651,False
6652,False
6653,False
6654,False
6655,False
6656,False
6657,False
6658,False
6659,False
6660,False
6661,False
6662,False
6663,False
6664,False
6665,False
6666,False
6667,False
6668,False
6669,False
6670,False
6671,False
6672,False
6673,False
6674,False
6675,False
6676,False
6677,False
6678,False
6679,False
6680,False
6681,False
6682,False
6683,False
6684,False
6685,False
6686,False
6687,False
6688,False
6689,False
6690,False
6691,False
6692,False
6693,False
6694,False
6695,False
6696,False
6697,False
6698,False
6699,False
6700,False
6701,False
6702,False
6703,False
6704,False
6705,False
6706,False
6707,False
6708,False
6709,False
6710,False
6711,True
6712,False
6713,False
6714,False
6715,False
6716,False
6717,False
6718,True
6719,False
6720,False
6721,False
6722,False
6723,False
6724,False
6725,False
6726,False
6727,False
6728,False
6729,False
6730,False
6731,False
6732,False
6733,False
6734,False
6735,False
6736,True
6737,False
6738,False
6739,False
6740,False
6741,True
6742,False
6743,False
6744,False
6745,False
6746,False
6747,False
6748,False
6749,False
6750,False
6751,False
6752,False
6753,False
6754,False
6755,False
6756,False
6757,False
6758,False
6759,False
6760,False
6761,False
6762,False
6763,False
6764,False
6765,False
6766,False
6767,False
6768,False
6769,False
6770,False
6771,False
6772,False
6773,False
6774,False
6775,False
6776,False
6777,False
6778,False
6779,False
6780,False
6781,False
6782,False
6783,True
6784,False
6785,False
6786,False
6787,False
6788,False
6789,True
6790,False
6791,False
6792,False
6793,False
6794,False
6795,False
6796,False
6797,False
6798,False
6799,False
6800,False
6801,False
6802,False
6803,False
6804,False
6805,False
6806,False
6807,True
6808,False
6809,False
6810,False
6811,False
6812,False
6813,False
6814,False
6815,False
6816,False
6817,False
6818,False
6819,False
6820,False
6821,False
6822,False
6823,False
6824,False
6825,False
6826,False
6827,False
6828,False
6829,False
6830,False
6831,False
6832,False
6833,False
6834,False
6835,False
6836,False
6837,False
6838,False
6839,False
6840,False
6841,False
6842,False
6843,False
6844,False
6845,False
6846,False
6847,False
6848,False
6849,False
6850,False
6851,False
6852,False
6853,False
6854,False
6855,False
6856,False
6857,False
6858,False
6859,True
6860,False
6861,False
6862,False
6863,False
6864,False
6865,False
6866,False
6867,False
6868,False
6869,False
6870,False
6871,False
6872,False
6873,False
6874,False
6875,False
6876,False
6877,False
6878,False
6879,False
6880,False
6881,False
6882,False
6883,False
6884,False
6885,False
6886,False
6887,False
6888,False
6889,False
6890,False
6891,False
6892,False
6893,False
6894,False
6895,False
6896,False
6897,False
6898,False
6899,False
6900,False
6901,False
6902,False
6903,False
6904,False
6905,False
6906,False
6907,False
6908,False
6909,False
6910,False
6911,False
6912,False
6913,False
6914,False
6915,False
6916,False
6917,False
6918,False
6919,False
6920,False
6921,False
6922,False
6923,False
6924,True
6925,False
6926,False
6927,False
6928,False
6929,False
6930,False
6931,False
6932,False
6933,False
6934,False
6935,False
6936,False
6937,False
6938,False
6939,False
6940,False
6941,False
6942,True
6943,False
6944,False
6945,True
6946,False
6947,False
6948,False
6949,False
6950,False
6951,True
6952,False
6953,False
6954,False
6955,False
6956,False
6957,False
6958,True
6959,False
6960,False
6961,False
6962,False
6963,False
6964,False
6965,False
6966,False
6967,False
6968,False
6969,False
6970,False
6971,False
6972,False
6973,True
6974,False
6975,False
6976,False
6977,False
6978,True
6979,False
6980,False
6981,False
6982,False
6983,False
6984,False
6985,False
6986,False
6987,False
6988,False
6989,False
6990,False
6991,False
6992,False
6993,False
6994,False
6995,False
6996,False
6997,False
6998,False
6999,False
7000,False
7001,False
7002,False
7003,False
7004,False
7005,False
7006,False
7007,False
7008,False
7009,False
7010,False
7011,False
7012,False
7013,False
7014,False
7015,False
7016,False
7017,False
7018,True
7019,False
7020,True
7021,False
7022,False
7023,False
7024,False
7025,False
7026,False
7027,False
7028,False
7029,False
7030,False
7031,False
7032,False
7033,False
7034,False
7035,False
7036,False
7037,False
7038,False
7039,False
7040,False
7041,False
7042,False
7043,False
7044,False
7045,False
7046,False
7047,False
7048,False
7049,False
7050,False
7051,False
7052,False
7053,False
7054,False
7055,False
7056,False
7057,False
7058,False
7059,False
7060,False
7061,False
7062,False
7063,False
7064,False
7065,False
7066,False
7067,False
7068,False
7069,False
7070,False
7071,False
7072,False
7073,False
7074,False
7075,True
7076,False
7077,False
7078,False
7079,False
7080,False
7081,True
7082,False
7083,False
7084,False
7085,False
7086,False
7087,False
7088,False
7089,False
7090,False
7091,False
7092,False
7093,False
7094,False
7095,False
7096,False
7097,False
7098,False
7099,False
7100,False
7101,False
7102,False
7103,False
7104,False
7105,False
7106,True
7107,False
7108,False
7109,False
7110,False
7111,False
7112,False
7113,False
7114,False
7115,False
7116,False
7117,False
7118,False
7119,False
7120,False
7121,False
7122,False
7123,False
7124,False
7125,False
7126,False
7127,False
7128,False
7129,False
7130,False
7131,False
7132,False
7133,False
7134,False
7135,False
7136,False
7137,False
7138,False
7139,False
7140,False
7141,False
7142,False
7143,False
7144,False
7145,False
7146,False
7147,False
7148,False
7149,False
7150,False
7151,False
7152,False
7153,False
7154,False
7155,False
7156,False
7157,False
7158,False
7159,False
7160,False
7161,False
7162,False
7163,False
7164,False
7165,False
7166,False
7167,False
7168,False
7169,False
7170,False
7171,False
7172,False
7173,False
7174,False
7175,False
7176,False
7177,False
7178,False
7179,False
7180,False
7181,False
7182,False
7183,False
7184,False
7185,False
7186,False
7187,False
7188,False
7189,False
7190,False
7191,False
7192,False
7193,False
7194,False
7195,False
7196,False
7197,False
7198,False
7199,False
7200,False
7201,False
7202,False
7203,False
7204,False
7205,False
7206,False
7207,False
7208,False
7209,False
7210,False
7211,False
7212,False
7213,False
7214,False
7215,False
7216,False
7217,False
7218,False
7219,False
7220,False
7221,False
7222,False
7223,False
7224,False
7225,False
7226,False
7227,False
7228,False
7229,False
7230,False
7231,False
7232,False
7233,False
7234,False
7235,False
7236,False
7237,False
7238,False
7239,False
7240,False
7241,False
7242,False
7243,False
7244,False
7245,False
7246,False
7247,False
7248,False
7249,False
7250,False
7251,False
7252,False
7253,False
7254,False
7255,False
7256,False
7257,False
7258,False
7259,False
7260,False
7261,False
7262,False
7263,False
7264,False
7265,True
7266,False
7267,False
7268,False
7269,False
7270,False
7271,False
7272,False
7273,False
7274,False
7275,False
7276,False
7277,False
7278,False
7279,False
7280,False
7281,False
7282,False
7283,False
7284,False
7285,False
7286,False
7287,False
7288,False
7289,False
7290,False
7291,False
7292,False
7293,False
7294,False
7295,False
7296,False
7297,False
7298,False
7299,False
7300,False
7301,True
7302,False
7303,True
7304,False
7305,False
7306,False
7307,False
7308,False
7309,False
7310,False
7311,False
7312,False
7313,False
7314,False
7315,False
7316,False
7317,False
7318,False
7319,False
7320,False
7321,True
7322,False
7323,False
7324,False
7325,False
7326,False
7327,False
7328,False
7329,False
7330,False
7331,False
7332,False
7333,False
7334,False
7335,False
7336,False
7337,False
7338,False
7339,False
7340,False
7341,False
7342,False
7343,True
7344,False
7345,False
7346,False
7347,False
7348,False
7349,False
7350,False
7351,False
7352,False
7353,False
7354,False
7355,False
7356,False
7357,False
7358,False
7359,False
7360,False
7361,False
7362,False
7363,False
7364,False
7365,False
7366,False
7367,False
7368,False
7369,False
7370,False
7371,False
7372,False
7373,False
7374,False
7375,False
7376,True
7377,False
7378,False
7379,False
7380,False
7381,False
7382,False
7383,False
7384,False
7385,False
7386,False
7387,False
7388,False
7389,False
7390,False
7391,False
7392,False
7393,False
7394,False
7395,False
7396,False
7397,False
7398,False
7399,False
7400,False
7401,False
7402,False
7403,False
7404,False
7405,False
7406,False
7407,False
7408,False
7409,False
7410,False
7411,False
7412,False
7413,False
7414,False
7415,False
7416,False
7417,False
7418,False
7419,False
7420,False
7421,False
7422,False
7423,False
7424,False
7425,False
7426,False
7427,False
7428,False
7429,False
7430,False
7431,True
7432,False
7433,False
7434,False
7435,False
7436,False
7437,False
7438,False
7439,False
7440,False
7441,False
7442,False
7443,False
7444,False
7445,False
7446,False
7447,False
7448,False
7449,False
7450,False
7451,False
7452,False
7453,False
7454,False
7455,False
7456,False
7457,False
7458,False
7459,False
7460,False
7461,False
7462,False
7463,False
7464,True
7465,False
7466,False
7467,False
7468,False
7469,False
7470,False
7471,False
7472,False
7473,False
7474,False
7475,False
7476,False
7477,False
7478,False
7479,False
7480,False
7481,True
7482,False
7483,False
7484,False
7485,False
7486,False
7487,False
7488,False
7489,False
7490,False
7491,False
7492,False
7493,False
7494,False
7495,False
7496,False
7497,False
7498,False
7499,False
7500,False
7501,False
7502,False
7503,False
7504,False
7505,False
7506,False
7507,False
7508,False
7509,False
7510,True
7511,False
7512,False
7513,False
7514,False
7515,False
7516,False
7517,False
7518,False
7519,False
7520,False
7521,False
7522,False
7523,False
7524,False
7525,False
7526,False
7527,False
7528,False
7529,False
7530,False
7531,False
7532,False
7533,False
7534,False
7535,False
7536,False
7537,False
7538,False
7539,False
7540,False
7541,False
7542,False
7543,False
7544,False
7545,False
7546,False
7547,False
7548,False
7549,False
7550,False
7551,False
7552,False
7553,False
7554,False
7555,False
7556,False
7557,False
7558,False
7559,False
7560,False
7561,False
7562,False
7563,False
7564,False
7565,False
7566,False
7567,False
7568,False
7569,False
7570,False
7571,False
7572,False
7573,False
7574,True
7575,False
7576,False
7577,False
7578,False
7579,False
7580,False
7581,False
7582,False
7583,False
7584,False
7585,False
7586,False
7587,False
7588,False
7589,False
7590,False
7591,False
7592,False
7593,False
7594,False
7595,False
7596,False
7597,False
7598,False
7599,False
7600,False
7601,False
7602,False
7603,False
7604,False
7605,True
7606,False
7607,False
7608,False
7609,False
7610,False
7611,True
7612,False
7613,False
7614,False
7615,False
7616,False
7617,False
7618,False
7619,False
7620,False
7621,False
7622,True
7623,False
7624,True
7625,False
7626,False
7627,False
7628,False
7629,False
7630,False
7631,False
7632,False
7633,False
7634,False
7635,False
7636,False
7637,False
7638,False
7639,False
7640,False
7641,False
7642,False
7643,False
7644,False
7645,False
7646,False
7647,False
7648,False
7649,False
7650,False
7651,False
7652,False
7653,False
7654,False
7655,False
7656,False
7657,False
7658,False
7659,False
7660,False
7661,False
7662,False
7663,False
7664,False
7665,False
7666,False
7667,False
7668,False
7669,False
7670,False
7671,False
7672,False
7673,False
7674,False
7675,False
7676,False
7677,False
7678,False
7679,False
7680,False
7681,False
7682,False
7683,False
7684,False
7685,False
7686,False
7687,False
7688,False
7689,False
7690,False
7691,False
7692,False
7693,False
7694,False
7695,False
7696,True
7697,False
7698,False
7699,False
7700,False
7701,False
7702,False
7703,False
7704,False
7705,False
7706,False
7707,False
7708,False
7709,False
7710,True
7711,False
7712,False
7713,False
7714,False
7715,False
7716,False
7717,False
7718,False
7719,False
7720,False
7721,False
7722,False
7723,False
7724,False
7725,False
7726,True
7727,False
7728,False
7729,False
7730,False
7731,False
7732,False
7733,False
7734,False
7735,False
7736,False
7737,False
7738,False
7739,False
7740,False
7741,False
7742,False
7743,False
7744,False
7745,False
7746,False
7747,True
7748,False
7749,False
7750,False
7751,False
7752,False
7753,False
7754,False
7755,False
7756,False
7757,False
7758,False
7759,True
7760,False
7761,False
7762,False
7763,False
7764,False
7765,False
7766,False
7767,False
7768,False
7769,False
7770,False
7771,False
7772,False
7773,False
7774,False
7775,False
7776,False
7777,False
7778,False
7779,False
7780,False
7781,False
7782,False
7783,False
7784,False
7785,False
7786,False
7787,False
7788,False
7789,False
7790,False
7791,False
7792,False
7793,False
7794,True
7795,False
7796,False
7797,False
7798,False
7799,False
7800,False
7801,False
7802,False
7803,False
7804,False
7805,False
7806,False
7807,False
7808,False
7809,False
7810,False
7811,False
7812,False
7813,False
7814,False
7815,False
7816,False
7817,False
7818,False
7819,False
7820,False
7821,False
7822,False
7823,False
7824,False
7825,False
7826,False
7827,False
7828,False
7829,False
7830,False
7831,False
7832,False
7833,False
7834,True
7835,False
7836,False
7837,False
7838,False
7839,False
7840,False
7841,False
7842,False
7843,False
7844,False
7845,False
7846,True
7847,False
7848,False
7849,True
7850,False
7851,False
7852,False
7853,False
7854,False
7855,False
7856,False
7857,False
7858,False
7859,False
7860,False
7861,False
7862,False
7863,False
7864,False
7865,False
7866,False
7867,False
7868,False
7869,True
7870,False
7871,False
7872,False
7873,False
7874,False
7875,False
7876,False
7877,False
7878,False
7879,False
7880,False
7881,False
7882,False
7883,True
7884,False
7885,False
7886,False
7887,False
7888,False
7889,True
7890,False
7891,False
7892,False
7893,False
7894,False
7895,False
7896,False
7897,False
7898,False
7899,False
7900,False
7901,True
7902,False
7903,False
7904,False
7905,True
7906,True
7907,False
7908,False
7909,False
7910,False
7911,False
7912,False
7913,False
7914,False
7915,False
7916,False
7917,False
7918,False
7919,False
7920,False
7921,False
7922,False
7923,False
7924,False
7925,False
7926,False
7927,False
7928,False
7929,False
7930,False
7931,False
7932,False
7933,False
7934,False
7935,False
7936,False
7937,False
7938,False
7939,False
7940,False
7941,False
7942,False
7943,True
7944,False
7945,False
7946,False
7947,False
7948,False
7949,False
7950,False
7951,False
7952,False
7953,False
7954,False
7955,False
7956,False
7957,False
7958,False
7959,False
7960,False
7961,False
7962,False
7963,False
7964,False
7965,False
7966,False
7967,False
7968,False
7969,False
7970,False
7971,False
7972,False
7973,False
7974,False
7975,True
7976,False
7977,False
7978,False
7979,False
7980,True
7981,False
7982,False
7983,False
7984,False
7985,False
7986,False
7987,False
7988,False
7989,False
7990,False
7991,False
7992,False
7993,False
7994,False
7995,False
7996,False
7997,False
7998,False
7999,False
8000,False
8001,False
8002,False
8003,False
8004,False
8005,False
8006,False
8007,False
8008,False
8009,False
8010,False
8011,False
8012,False
8013,False
8014,False
8015,False
8016,False
8017,False
8018,False
8019,False
8020,False
8021,False
8022,False
8023,False
8024,False
8025,False
8026,False
8027,False
8028,False
8029,False
8030,False
8031,False
8032,False
8033,False
8034,False
8035,False
8036,False
8037,False
8038,False
8039,False
8040,False
8041,False
8042,False
8043,False
8044,False
8045,False
8046,False
8047,False
8048,False
8049,False
8050,False
8051,False
8052,False
8053,False
8054,False
8055,False
8056,False
8057,False
8058,False
8059,False
8060,False
8061,False
8062,False
8063,False
8064,False
8065,False
8066,False
8067,False
8068,False
8069,False
8070,False
8071,False
8072,False
8073,False
8074,False
8075,False
8076,False
8077,False
8078,False
8079,False
8080,False
8081,False
8082,True
8083,False
8084,False
8085,False
8086,True
8087,False
8088,False
8089,False
8090,False
8091,False
8092,False
8093,False
8094,False
8095,False
8096,False
8097,False
8098,False
8099,False
8100,False
8101,False
8102,False
8103,False
8104,False
8105,False
8106,False
8107,True
8108,False
8109,False
8110,False
8111,False
8112,False
8113,False
8114,False
8115,False
8116,False
8117,False
8118,False
8119,False
8120,False
8121,False
8122,False
8123,False
8124,False
8125,False
8126,False
8127,False
8128,False
8129,False
8130,False
8131,False
8132,False
8133,False
8134,False
8135,False
8136,False
8137,False
8138,False
8139,False
8140,False
8141,False
8142,False
8143,False
8144,False
8145,False
8146,False
8147,False
8148,False
8149,False
8150,False
8151,False
8152,False
8153,False
8154,False
8155,False
8156,False
8157,False
8158,True
8159,False
8160,False
8161,False
8162,False
8163,False
8164,False
8165,False
8166,False
8167,False
8168,False
8169,False
8170,False
8171,False
8172,False
8173,False
8174,False
8175,False
8176,False
8177,False
8178,False
8179,False
8180,False
8181,False
8182,False
8183,False
8184,False
8185,False
8186,False
8187,False
8188,False
8189,False
8190,False
8191,False
8192,False
8193,False
8194,False
8195,False
8196,False
8197,False
8198,False
8199,False
8200,True
8201,False
8202,False
8203,False
8204,False
8205,False
8206,False
8207,False
8208,False
8209,True
8210,False
8211,False
8212,False
8213,False
8214,False
8215,False
8216,False
8217,True
8218,False
8219,False
8220,False
8221,False
8222,False
8223,False
8224,False
8225,False
8226,False
8227,False
8228,False
8229,False
8230,False
8231,False
8232,False
8233,False
8234,False
8235,False
8236,False
8237,False
8238,False
8239,False
8240,False
8241,False
8242,False
8243,False
8244,True
8245,False
8246,False
8247,False
8248,False
8249,False
8250,False
8251,False
8252,False
8253,False
8254,False
8255,False
8256,False
8257,False
8258,False
8259,False
8260,True
8261,False
8262,False
8263,False
8264,False
8265,False
8266,False
8267,True
8268,False
8269,False
8270,False
8271,False
8272,False
8273,False
8274,False
8275,False
8276,False
8277,False
8278,False
8279,False
8280,False
8281,False
8282,False
8283,False
8284,False
8285,False
8286,False
8287,False
8288,False
8289,False
8290,False
8291,False
8292,False
8293,False
8294,False
8295,False
8296,False
8297,False
8298,False
8299,False
8300,False
8301,False
8302,False
8303,False
8304,False
8305,False
8306,False
8307,False
8308,False
8309,False
8310,False
8311,False
8312,False
8313,False
8314,False
8315,False
8316,False
8317,False
8318,False
8319,True
8320,False
8321,False
8322,False
8323,False
8324,False
8325,False
8326,False
8327,False
8328,False
8329,False
8330,False
8331,False
8332,False
8333,False
8334,False
8335,False
8336,False
8337,False
8338,False
8339,False
8340,False
8341,False
8342,False
8343,False
8344,False
8345,False
8346,False
8347,True
8348,False
8349,False
8350,False
8351,False
8352,False
8353,False
8354,False
8355,False
8356,False
8357,False
8358,False
8359,False
8360,False
8361,False
8362,False
8363,False
8364,False
8365,False
8366,False
8367,False
8368,False
8369,False
8370,False
8371,False
8372,False
8373,False
8374,False
8375,True
8376,False
8377,False
8378,False
8379,False
8380,False
8381,False
8382,False
8383,False
8384,False
8385,False
8386,False
8387,False
8388,False
8389,False
8390,False
8391,False
8392,False
8393,False
8394,False
8395,False
8396,False
8397,False
8398,False
8399,False
8400,False
8401,False
8402,False
8403,False
8404,False
8405,False
8406,False
8407,False
8408,False
8409,False
8410,False
8411,False
8412,False
8413,False
8414,False
8415,False
8416,False
8417,False
8418,False
8419,False
8420,False
8421,False
8422,False
8423,False
8424,False
8425,False
8426,False
8427,False
8428,False
8429,False
8430,False
8431,False
8432,False
8433,False
8434,True
8435,False
8436,False
8437,False
8438,False
8439,False
8440,False
8441,False
8442,True
8443,False
8444,False
8445,False
8446,False
8447,False
8448,False
8449,False
8450,False
8451,False
8452,False
8453,False
8454,False
8455,False
8456,False
8457,False
8458,False
8459,False
8460,False
8461,False
8462,False
8463,False
8464,False
8465,False
8466,False
8467,False
8468,False
8469,False
8470,False
8471,False
8472,False
8473,False
8474,False
8475,False
8476,False
8477,False
8478,False
8479,False
8480,False
8481,False
8482,False
8483,False
8484,False
8485,False
8486,False
8487,False
8488,False
8489,False
8490,False
8491,False
8492,False
8493,False
8494,False
8495,False
8496,False
8497,False
8498,False
8499,False
8500,False
8501,False
8502,False
8503,False
8504,False
8505,True
8506,False
8507,False
8508,False
8509,False
8510,False
8511,False
8512,False
8513,False
8514,False
8515,True
8516,False
8517,False
8518,False
8519,False
8520,False
8521,False
8522,False
8523,False
8524,False
8525,False
8526,False
8527,True
8528,False
8529,False
8530,False
8531,False
8532,False
8533,False
8534,False
8535,False
8536,False
8537,False
8538,False
8539,False
8540,False
8541,False
8542,False
8543,False
8544,False
8545,False
8546,False
8547,False
8548,False
8549,False
8550,False
8551,False
8552,False
8553,False
8554,False
8555,False
8556,False
8557,False
8558,False
8559,False
8560,False
8561,False
8562,False
8563,False
8564,False
8565,False
8566,False
8567,False
8568,False
8569,False
8570,False
8571,False
8572,False
8573,False
8574,False
8575,False
8576,False
8577,False
8578,False
8579,False
8580,False
8581,False
8582,False
8583,False
8584,False
8585,False
8586,False
8587,False
8588,False
8589,False
8590,False
8591,False
8592,False
8593,False
8594,False
8595,False
8596,False
8597,False
8598,False
8599,False
8600,False
8601,False
8602,False
8603,False
8604,False
8605,False
8606,False
8607,False
8608,False
8609,False
8610,False
8611,False
8612,False
8613,False
8614,False
8615,True
8616,False
8617,False
8618,False
8619,False
8620,False
8621,False
8622,False
8623,False
8624,False
8625,False
8626,False
8627,False
8628,False
8629,False
8630,False
8631,False
8632,False
8633,False
8634,False
8635,False
8636,False
8637,False
8638,False
8639,False
8640,False
8641,False
8642,False
8643,False
8644,False
8645,False
8646,False
8647,False
8648,False
8649,True
8650,False
8651,False
8652,False
8653,False
8654,False
8655,True
8656,False
8657,False
8658,False
8659,False
8660,False
8661,False
8662,False
8663,False
8664,False
8665,False
8666,False
8667,False
8668,False
8669,False
8670,False
8671,False
8672,False
8673,False
8674,False
8675,False
8676,False
8677,False
8678,False
8679,False
8680,False
8681,False
8682,False
8683,False
8684,False
8685,False
8686,False
8687,False
8688,False
8689,False
8690,False
8691,False
8692,False
8693,False
8694,False
8695,False
8696,False
8697,False
8698,False
8699,False
8700,False
8701,False
8702,False
8703,False
8704,False
8705,False
8706,False
8707,False
8708,False
8709,False
8710,False
8711,False
8712,False
8713,False
8714,False
8715,False
8716,False
8717,False
8718,False
8719,False
8720,False
8721,False
8722,False
8723,False
8724,False
8725,False
8726,False
8727,False
8728,False
8729,False
8730,False
8731,False
8732,True
8733,True
8734,False
8735,False
8736,False
8737,False
8738,False
8739,False
8740,False
8741,False
8742,False
8743,False
8744,False
8745,False
8746,False
8747,False
8748,False
8749,False
8750,False
8751,False
8752,False
8753,False
8754,False
8755,False
8756,False
8757,False
8758,False
8759,False
8760,False
8761,False
8762,True
8763,False
8764,False
8765,False
8766,False
8767,False
8768,False
8769,False
8770,False
8771,False
8772,False
8773,False
8774,False
8775,False
8776,False
8777,False
8778,True
8779,False
8780,False
8781,False
8782,False
8783,False
8784,True
8785,False
8786,False
8787,False
8788,False
8789,False
8790,False
8791,False
8792,False
8793,False
8794,False
8795,False
8796,False
8797,False
8798,False
8799,False
8800,False
8801,False
8802,False
8803,False
8804,False
8805,False
8806,True
8807,False
8808,False
8809,False
8810,False
8811,False
8812,False
8813,False
8814,False
8815,False
8816,False
8817,False
8818,False
8819,False
8820,False
8821,False
8822,False
8823,False
8824,False
8825,False
8826,False
8827,False
8828,False
8829,True
8830,False
8831,False
8832,False
8833,False
8834,False
8835,False
8836,False
8837,False
8838,False
8839,False
8840,False
8841,False
8842,False
8843,False
8844,False
8845,False
8846,False
8847,False
8848,False
8849,False
8850,False
8851,False
8852,False
8853,False
8854,False
8855,False
8856,True
8857,False
8858,False
8859,False
8860,False
8861,False
8862,False
8863,False
8864,False
8865,False
8866,False
8867,False
8868,False
8869,False
8870,False
8871,False
8872,False
8873,False
8874,False
8875,False
8876,False
8877,False
8878,False
8879,False
8880,False
8881,False
8882,False
8883,False
8884,False
8885,False
8886,True
8887,False
8888,False
8889,False
8890,False
8891,False
8892,True
8893,False
8894,False
8895,False
8896,False
8897,False
8898,False
8899,False
8900,False
8901,False
8902,False
8903,False
8904,False
8905,False
8906,False
8907,False
8908,False
8909,False
8910,False
8911,False
8912,False
8913,False
8914,False
8915,True
8916,False
8917,False
8918,False
8919,False
8920,False
8921,False
8922,False
8923,False
8924,False
8925,False
8926,False
8927,False
8928,False
8929,False
8930,False
8931,False
8932,False
8933,False
8934,False
8935,True
8936,False
8937,False
8938,False
8939,False
8940,False
8941,False
8942,False
8943,False
8944,False
8945,False
8946,False
8947,False
8948,False
8949,False
8950,False
8951,False
8952,False
8953,False
8954,False
8955,False
8956,False
8957,False
8958,False
8959,False
8960,False
8961,False
8962,False
8963,False
8964,False
8965,False
8966,False
8967,False
8968,False
8969,False
8970,True
8971,False
8972,False
8973,False
8974,False
8975,False
8976,False
8977,False
8978,False
8979,False
8980,False
8981,False
8982,False
8983,False
8984,False
8985,False
8986,False
8987,False
8988,False
8989,False
8990,False
8991,False
8992,False
8993,False
8994,False
8995,False
8996,False
8997,False
8998,False
8999,False
9000,False
9001,False
9002,False
9003,False
9004,False
9005,False
9006,False
9007,False
9008,False
9009,False
9010,False
9011,False
9012,False
9013,False
9014,False
9015,False
9016,False
9017,False
9018,False
9019,False
9020,False
9021,False
9022,False
9023,False
9024,False
9025,False
9026,False
9027,False
9028,False
9029,False
9030,False
9031,False
9032,False
9033,False
9034,False
9035,True
9036,False
9037,False
9038,False
9039,False
9040,False
9041,False
9042,False
9043,False
9044,False
9045,False
9046,False
9047,False
9048,False
9049,False
9050,False
9051,False
9052,False
9053,False
9054,False
9055,False
9056,False
9057,False
9058,False
9059,False
9060,False
9061,False
9062,False
9063,False
9064,False
9065,False
9066,False
9067,True
9068,False
9069,False
9070,False
9071,False
9072,False
9073,False
9074,False
9075,False
9076,False
9077,False
9078,False
9079,False
9080,False
9081,False
9082,False
9083,False
9084,False
9085,False
9086,False
9087,False
9088,False
9089,False
9090,False
9091,False
9092,False
9093,False
9094,False
9095,False
9096,False
9097,False
9098,False
9099,False
9100,False
9101,True
9102,False
9103,False
9104,False
9105,False
9106,False
9107,False
9108,False
9109,False
9110,True
9111,False
9112,False
9113,False
9114,False
9115,True
9116,False
9117,False
9118,False
9119,False
9120,False
9121,False
9122,False
9123,False
9124,False
9125,False
9126,False
9127,False
9128,False
9129,False
9130,False
9131,False
9132,False
9133,False
9134,False
9135,False
9136,False
9137,False
9138,False
9139,False
9140,False
9141,False
9142,False
9143,False
9144,False
9145,False
9146,False
9147,False
9148,False
9149,False
9150,False
9151,False
9152,False
9153,False
9154,False
9155,False
9156,False
9157,False
9158,False
9159,False
9160,False
9161,False
9162,False
9163,False
9164,False
9165,False
9166,False
9167,False
9168,True
9169,False
9170,False
9171,False
9172,False
9173,False
9174,False
9175,False
9176,False
9177,False
9178,False
9179,False
9180,False
9181,False
9182,False
9183,False
9184,False
9185,False
9186,False
9187,False
9188,False
9189,False
9190,False
9191,False
9192,False
9193,False
9194,False
9195,False
9196,False
9197,False
9198,False
9199,False
9200,False
9201,False
9202,False
9203,False
9204,False
9205,False
9206,False
9207,False
9208,False
9209,False
9210,False
9211,False
9212,False
9213,False
9214,False
9215,False
9216,False
9217,False
9218,False
9219,False
9220,False
9221,False
9222,False
9223,False
9224,False
9225,False
9226,False
9227,False
9228,False
9229,False
9230,False
9231,False
9232,False
9233,False
9234,False
9235,False
9236,False
9237,False
9238,False
9239,False
9240,False
9241,False
9242,False
9243,False
9244,False
9245,False
9246,False
9247,False
9248,False
9249,False
9250,False
9251,False
9252,False
9253,False
9254,False
9255,False
9256,False
9257,False
9258,False
9259,False
9260,False
9261,False
9262,False
9263,False
9264,False
9265,False
9266,False
9267,False
9268,False
9269,False
9270,False
9271,False
9272,False
9273,False
9274,False
9275,False
9276,False
9277,False
9278,False
9279,False
9280,False
9281,False
9282,False
9283,False
9284,False
9285,False
9286,False
9287,False
9288,False
9289,False
9290,False
9291,False
9292,False
9293,False
9294,False
9295,True
9296,False
9297,False
9298,False
9299,False
9300,True
9301,False
9302,False
9303,False
9304,False
9305,False
9306,False
9307,False
9308,False
9309,False
9310,False
9311,False
9312,False
9313,False
9314,False
9315,False
9316,False
9317,False
9318,False
9319,True
9320,False
9321,False
9322,False
9323,False
9324,False
9325,False
9326,False
9327,False
9328,False
9329,False
9330,False
9331,False
9332,False
9333,False
9334,False
9335,False
9336,False
9337,False
9338,False
9339,False
9340,False
9341,False
9342,False
9343,False
9344,False
9345,False
9346,False
9347,False
9348,False
9349,False
9350,False
9351,False
9352,False
9353,False
9354,False
9355,False
9356,False
9357,False
9358,False
9359,False
9360,True
9361,False
9362,False
9363,True
9364,False
9365,False
9366,False
9367,False
9368,False
9369,False
9370,False
9371,False
9372,False
9373,False
9374,False
9375,False
9376,False
9377,False
9378,False
9379,False
9380,True
9381,False
9382,False
9383,True
9384,False
9385,False
9386,False
9387,False
9388,False
9389,False
9390,False
9391,False
9392,False
9393,False
9394,False
9395,False
9396,False
9397,False
9398,False
9399,False
9400,False
9401,True
9402,False
9403,False
9404,False
9405,False
9406,False
9407,False
9408,False
9409,False
9410,False
9411,False
9412,False
9413,False
9414,False
9415,False
9416,False
9417,False
9418,False
9419,False
9420,False
9421,False
9422,False
9423,False
9424,False
9425,False
9426,False
9427,False
9428,False
9429,False
9430,True
9431,False
9432,False
9433,False
9434,False
9435,False
9436,False
9437,False
9438,False
9439,False
9440,False
9441,False
9442,False
9443,False
9444,False
9445,False
9446,False
9447,False
9448,False
9449,False
9450,False
9451,False
9452,False
9453,False
9454,False
9455,False
9456,False
9457,False
9458,False
9459,False
9460,False
9461,False
9462,False
9463,False
9464,False
9465,False
9466,False
9467,False
9468,False
9469,False
9470,False
9471,False
9472,False
9473,False
9474,False
9475,False
9476,False
9477,False
9478,False
9479,False
9480,False
9481,False
9482,False
9483,False
9484,False
9485,False
9486,False
9487,False
9488,False
9489,False
9490,False
9491,False
9492,False
9493,False
9494,False
9495,False
9496,False
9497,False
9498,False
9499,False
9500,False
9501,False
9502,False
9503,False
9504,False
9505,False
9506,False
9507,False
9508,False
9509,False
9510,False
9511,False
9512,False
9513,False
9514,False
9515,True
9516,False
9517,False
9518,False
9519,False
9520,False
9521,False
9522,False
9523,False
9524,False
9525,False
9526,False
9527,False
9528,False
9529,False
9530,False
9531,False
9532,False
9533,False
9534,False
9535,False
9536,False
9537,False
9538,False
9539,False
9540,False
9541,False
9542,False
9543,False
9544,False
9545,False
9546,False
9547,False
9548,False
9549,False
9550,False
9551,False
9552,False
9553,False
9554,False
9555,False
9556,True
9557,False
9558,False
9559,False
9560,False
9561,False
9562,False
9563,False
9564,False
9565,True
9566,False
9567,False
9568,False
9569,False
9570,False
9571,False
9572,False
9573,False
9574,False
9575,False
9576,False
9577,False
9578,False
9579,False
9580,False
9581,False
9582,False
9583,False
9584,False
9585,False
9586,False
9587,False
9588,False
9589,False
9590,False
9591,False
9592,False
9593,False
9594,False
9595,False
9596,False
9597,False
9598,False
9599,False
9600,False
9601,False
9602,False
9603,False
9604,False
9605,False
9606,False
9607,False
9608,False
9609,False
9610,False
9611,False
9612,False
9613,False
9614,False
9615,False
9616,False
9617,False
9618,False
9619,False
9620,False
9621,False
9622,False
9623,True
9624,False
9625,False
9626,False
9627,False
9628,False
9629,False
9630,False
9631,False
9632,False
9633,False
9634,False
9635,False
9636,False
9637,False
9638,False
9639,False
9640,False
9641,False
9642,False
9643,False
9644,False
9645,False
9646,False
9647,False
9648,False
9649,False
9650,False
9651,False
9652,False
9653,False
9654,False
9655,False
9656,False
9657,False
9658,False
9659,False
9660,False
9661,False
9662,False
9663,False
9664,False
9665,False
9666,False
9667,False
9668,False
9669,False
9670,False
9671,False
9672,False
9673,True
9674,False
9675,False
9676,False
9677,False
9678,False
9679,False
9680,False
9681,False
9682,False
9683,False
9684,False
9685,False
9686,False
9687,False
9688,False
9689,False
9690,False
9691,False
9692,False
9693,False
9694,False
9695,False
9696,False
9697,False
9698,False
9699,True
9700,False
9701,False
9702,False
9703,False
9704,False
9705,False
9706,True
9707,False
9708,False
9709,False
9710,False
9711,False
9712,False
9713,False
9714,False
9715,False
9716,False
9717,False
9718,False
9719,False
9720,False
9721,False
9722,False
9723,False
9724,False
9725,False
9726,False
9727,False
9728,False
9729,False
9730,False
9731,False
9732,False
9733,False
9734,False
9735,False
9736,False
9737,False
9738,False
9739,False
9740,False
9741,False
9742,False
9743,False
9744,False
9745,False
9746,False
9747,False
9748,False
9749,False
9750,False
9751,False
9752,False
9753,False
9754,False
9755,True
9756,False
9757,False
9758,False
9759,False
9760,False
9761,False
9762,False
9763,False
9764,False
9765,False
9766,False
9767,False
9768,False
9769,False
9770,False
9771,False
9772,True
9773,False
9774,False
9775,False
9776,False
9777,False
9778,False
9779,False
9780,False
9781,False
9782,False
9783,False
9784,False
9785,False
9786,False
9787,False
9788,False
9789,False
9790,False
9791,False
9792,False
9793,False
9794,False
9795,False
9796,False
9797,False
9798,False
9799,False
9800,False
9801,False
9802,False
9803,False
9804,False
9805,False
9806,False
9807,False
9808,False
9809,False
9810,False
9811,False
9812,False
9813,False
9814,False
9815,False
9816,False
9817,False
9818,False
9819,False
9820,False
9821,False
9822,False
9823,False
9824,False
9825,False
9826,False
9827,False
9828,False
9829,False
9830,False
9831,False
9832,False
9833,False
9834,False
9835,False
9836,False
9837,False
9838,False
9839,False
9840,False
9841,False
9842,True
9843,False
9844,False
9845,False
9846,False
9847,False
9848,False
9849,False
9850,False
9851,False
9852,False
9853,False
9854,False
9855,False
9856,False
9857,False
9858,False
9859,False
9860,False
9861,False
9862,False
9863,False
9864,False
9865,False
9866,False
9867,False
9868,False
9869,False
9870,False
9871,False
9872,False
9873,False
9874,False
9875,False
9876,False
9877,False
9878,False
9879,False
9880,False
9881,False
9882,False
9883,False
9884,False
9885,False
9886,False
9887,False
9888,False
9889,False
9890,False
9891,False
9892,False
9893,False
9894,False
9895,False
9896,False
9897,False
9898,False
9899,False
9900,False
9901,False
9902,False
9903,False
9904,False
9905,False
9906,False
9907,False
9908,False
9909,False
9910,False
9911,False
9912,False
9913,False
9914,False
9915,False
9916,False
9917,False
9918,False
9919,False
9920,False
9921,False
9922,False
9923,False
9924,False
9925,False
9926,False
9927,False
9928,False
9929,False
9930,False
9931,False
9932,False
9933,False
9934,False
9935,False
9936,False
9937,False
9938,False
9939,False
9940,False
9941,True
9942,False
9943,False
9944,False
9945,False
9946,False
9947,False
9948,False
9949,False
9950,False
9951,False
9952,False
9953,False
9954,False
9955,False
9956,False
9957,False
9958,False
9959,False
9960,False
9961,False
9962,False
9963,False
9964,False
9965,False
9966,False
9967,False
9968,False
9969,False
9970,False
9971,False
9972,False
9973,False
9974,False
9975,False
9976,False
9977,False
9978,False
9979,False
9980,False
9981,False
9982,False
9983,False
9984,False
9985,False
9986,False
9987,False
9988,False
9989,False
9990,False
9991,False
9992,False
9993,False
9994,False
9995,False
9996,False
9997,False
9998,False
9999,False
10000,False
10001,False
10002,False
10003,False
10004,False
10005,False
10006,False
10007,False
10008,False
10009,False
10010,False
10011,True
10012,False
10013,False
10014,False
10015,False
10016,False
10017,False
10018,False
10019,False
10020,False
10021,False
10022,False
10023,False
10024,False
10025,False
10026,False
10027,False
10028,False
10029,False
10030,False
10031,False
10032,False
10033,False
10034,False
10035,False
10036,False
10037,False
10038,False
10039,False
10040,True
10041,False
10042,False
10043,False
10044,True
10045,False
10046,False
10047,False
10048,False
10049,False
10050,False
10051,False
10052,False
10053,False
10054,False
10055,False
10056,False
10057,False
10058,False
10059,False
10060,False
10061,False
10062,False
10063,False
10064,False
10065,False
10066,False
10067,False
10068,False
10069,False
10070,False
10071,False
10072,False
10073,False
10074,False
10075,False
10076,False
10077,False
10078,False
10079,False
10080,False
10081,False
10082,False
10083,False
10084,False
10085,False
10086,False
10087,False
10088,False
10089,False
10090,False
10091,False
10092,False
10093,False
10094,False
10095,False
10096,False
10097,False
10098,False
10099,False
10100,False
10101,False
10102,False
10103,False
10104,False
10105,False
10106,False
10107,False
10108,False
10109,False
10110,False
10111,False
10112,False
10113,False
10114,False
10115,False
10116,False
10117,False
10118,False
10119,False
10120,False
10121,False
10122,False
10123,False
10124,False
10125,False
10126,False
10127,False
10128,False
10129,False
10130,False
10131,False
10132,False
10133,False
10134,False
10135,False
10136,False
10137,False
10138,False
10139,False
10140,False
10141,False
10142,False
10143,False
10144,False
10145,False
10146,False
10147,False
10148,False
10149,False
10150,False
10151,False
10152,False
10153,False
10154,False
10155,False
10156,False
10157,False
10158,False
10159,False
10160,False
10161,False
10162,False
10163,False
10164,False
10165,False
10166,False
10167,False
10168,False
10169,False
10170,False
10171,False
10172,False
10173,False
10174,False
10175,False
10176,False
10177,False
10178,False
10179,True
10180,False
10181,False
10182,False
10183,False
10184,False
10185,False
10186,False
10187,False
10188,False
10189,False
10190,False
10191,False
10192,False
10193,False
10194,False
10195,False
10196,False
10197,False
10198,False
10199,False
10200,False
10201,False
10202,True
10203,False
10204,False
10205,False
10206,False
10207,False
10208,False
10209,False
10210,False
10211,False
10212,False
10213,False
10214,False
10215,False
10216,False
10217,False
10218,False
10219,False
10220,False
10221,False
10222,False
10223,False
10224,False
10225,False
10226,False
10227,False
10228,False
10229,False
10230,False
10231,False
10232,False
10233,False
10234,False
10235,False
10236,False
10237,False
10238,False
10239,False
10240,False
10241,False
10242,False
10243,False
10244,False
10245,False
10246,False
10247,False
10248,False
10249,False
10250,False
10251,False
10252,False
10253,False
10254,False
10255,False
10256,False
10257,True
10258,False
10259,True
10260,False
10261,False
10262,False
10263,False
10264,False
10265,False
10266,False
10267,False
10268,False
10269,False
10270,False
10271,False
10272,False
10273,False
10274,False
10275,False
10276,False
10277,False
10278,False
10279,False
10280,False
10281,False
10282,False
10283,False
10284,False
10285,False
10286,False
10287,False
10288,False
10289,False
10290,False
10291,False
10292,False
10293,False
10294,False
10295,False
10296,False
10297,False
10298,False
10299,False
10300,False
10301,False
10302,False
10303,False
10304,True
10305,False
10306,False
10307,False
10308,False
10309,False
10310,True
10311,False
10312,False
10313,False
10314,False
10315,False
10316,False
10317,False
10318,False
10319,False
10320,False
10321,False
10322,False
10323,False
10324,False
10325,False
10326,False
10327,False
10328,False
10329,False
10330,False
10331,False
10332,False
10333,False
10334,False
10335,False
10336,False
10337,False
10338,False
10339,False
10340,False
10341,False
10342,False
10343,False
10344,False
10345,False
10346,False
10347,False
10348,False
10349,False
10350,False
10351,False
10352,False
10353,False
10354,False
10355,False
10356,False
10357,False
10358,False
10359,False
10360,False
10361,False
10362,False
10363,True
10364,False
10365,False
10366,False
10367,False
10368,False
10369,False
10370,False
10371,True
10372,False
10373,True
10374,False
10375,False
10376,False
10377,False
10378,False
10379,False
10380,False
10381,False
10382,False
10383,False
10384,False
10385,False
10386,False
10387,False
10388,False
10389,False
10390,False
10391,False
10392,False
10393,False
10394,False
10395,False
10396,False
10397,False
10398,False
10399,False
10400,False
10401,False
10402,False
10403,False
10404,False
10405,False
10406,False
10407,False
10408,False
10409,False
10410,False
10411,False
10412,False
10413,False
10414,False
10415,False
10416,False
10417,False
10418,False
10419,False
10420,False
10421,False
10422,False
10423,False
10424,False
10425,False
10426,False
10427,False
10428,False
10429,False
10430,False
10431,False
10432,False
10433,False
10434,False
10435,False
10436,False
10437,False
10438,False
10439,False
10440,False
10441,False
10442,False
10443,False
10444,False
10445,False
10446,False
10447,False
10448,False
10449,False
10450,False
10451,False
10452,False
10453,False
10454,False
10455,False
10456,False
10457,False
10458,True
10459,False
10460,False
10461,False
10462,False
10463,False
10464,False
10465,False
10466,False
10467,False
10468,False
10469,False
10470,False
10471,False
10472,False
10473,False
10474,False
10475,False
10476,False
10477,False
10478,False
10479,False
10480,False
10481,False
10482,False
10483,False
10484,False
10485,False
10486,False
10487,False
10488,False
10489,False
10490,False
10491,False
10492,False
10493,False
10494,False
10495,False
10496,False
10497,False
10498,False
10499,False
10500,False
10501,False
10502,False
10503,False
10504,False
10505,False
10506,False
10507,False
10508,False
10509,False
10510,False
10511,False
10512,False
10513,False
10514,False
10515,False
10516,False
10517,True
10518,False
10519,False
10520,False
10521,False
10522,False
10523,False
10524,False
10525,False
10526,False
10527,False
10528,False
10529,False
10530,False
10531,False
10532,False
10533,False
10534,False
10535,False
10536,False
10537,False
10538,False
10539,False
10540,False
10541,False
10542,False
10543,False
10544,True
10545,False
10546,False
10547,False
10548,False
10549,False
10550,False
10551,False
10552,False
10553,False
10554,False
10555,False
10556,True
10557,False
10558,False
10559,False
10560,False
10561,False
10562,False
10563,False
10564,False
10565,False
10566,False
10567,False
10568,False
10569,False
10570,False
10571,False
10572,False
10573,False
10574,False
10575,False
10576,False
10577,False
10578,False
10579,False
10580,False
10581,False
10582,False
10583,False
10584,False
10585,False
10586,False
10587,False
10588,False
10589,False
10590,False
10591,False
10592,False
10593,False
10594,False
10595,False
10596,False
10597,False
10598,False
10599,False
10600,False
10601,False
10602,False
10603,False
10604,False
10605,False
10606,False
10607,False
10608,False
10609,False
10610,False
10611,False
10612,False
10613,False
10614,False
10615,False
10616,False
10617,False
10618,False
10619,False
10620,False
10621,False
10622,False
10623,False
10624,True
10625,False
10626,False
10627,False
10628,False
10629,False
10630,False
10631,False
10632,False
10633,False
10634,False
10635,False
10636,False
10637,False
10638,False
10639,False
10640,False
10641,False
10642,False
10643,False
10644,False
10645,False
10646,False
10647,False
10648,False
10649,False
10650,False
10651,False
10652,False
10653,True
10654,False
10655,False
10656,False
10657,False
10658,False
10659,False
10660,False
10661,False
10662,False
10663,False
10664,True
10665,False
10666,False
10667,False
10668,False
10669,False
10670,False
10671,False
10672,False
10673,False
10674,False
10675,False
10676,False
10677,False
10678,False
10679,False
10680,False
10681,False
10682,False
10683,False
10684,False
10685,False
10686,False
10687,False
10688,False
10689,False
10690,False
10691,False
10692,False
10693,False
10694,False
10695,False
10696,False
10697,False
10698,False
10699,False
10700,False
10701,False
10702,False
10703,False
10704,False
10705,False
10706,False
10707,False
10708,False
10709,False
10710,False
10711,False
10712,False
10713,False
10714,False
10715,False
10716,False
10717,False
10718,False
10719,False
10720,False
10721,False
10722,False
10723,False
10724,False
10725,False
10726,False
10727,False
10728,False
10729,False
10730,True
10731,False
10732,False
10733,False
10734,False
10735,False
10736,False
10737,False
10738,False
10739,False
10740,False
10741,False
10742,False
10743,False
10744,False
10745,False
10746,False
10747,False
10748,False
10749,False
10750,False
10751,True
10752,True
10753,False
10754,False
10755,False
10756,False
10757,False
10758,False
10759,False
10760,False
10761,False
10762,False
10763,False
10764,False
10765,False
10766,False
10767,False
10768,True
10769,False
10770,True
10771,False
10772,False
10773,False
10774,False
10775,False
10776,False
10777,False
10778,False
10779,False
10780,False
10781,False
10782,False
10783,False
10784,False
10785,False
10786,False
10787,False
10788,False
10789,False
10790,False
10791,False
10792,False
10793,False
10794,False
10795,False
10796,False
10797,False
10798,False
10799,False
10800,False
10801,False
10802,True
10803,False
10804,False
10805,False
10806,False
10807,False
10808,False
10809,False
10810,False
10811,False
10812,False
10813,False
10814,False
10815,False
10816,False
10817,False
10818,False
10819,False
10820,False
10821,False
10822,False
10823,False
10824,False
10825,False
10826,False
10827,False
10828,False
10829,False
10830,False
10831,False
10832,False
10833,False
10834,False
10835,False
10836,False
10837,True
10838,False
10839,True
10840,False
10841,False
10842,False
10843,False
10844,False
10845,False
10846,False
10847,False
10848,False
10849,False
10850,False
10851,False
10852,False
10853,False
10854,False
10855,False
10856,False
10857,False
10858,False
10859,False
10860,False
10861,False
10862,False
10863,False
10864,False
10865,False
10866,False
10867,False
10868,False
10869,True
10870,False
10871,False
10872,False
10873,False
10874,False
10875,False
10876,False
10877,False
10878,False
10879,False
10880,False
10881,False
10882,False
10883,False
10884,False
10885,False
10886,False
10887,False
10888,False
10889,False
10890,False
10891,False
10892,False
10893,False
10894,False
10895,False
10896,False
10897,False
10898,False
10899,False
10900,False
10901,False
10902,False
10903,False
10904,False
10905,False
10906,False
10907,False
10908,False
10909,False
10910,False
10911,False
10912,True
10913,False
10914,False
10915,False
10916,False
10917,False
10918,False
10919,False
10920,False
10921,False
10922,False
10923,False
10924,False
10925,False
10926,False
10927,False
10928,False
10929,False
10930,False
10931,False
10932,False
10933,False
10934,False
10935,False
10936,False
10937,False
10938,False
10939,False
10940,False
10941,False
10942,False
10943,False
10944,False
10945,False
10946,False
10947,False
10948,False
10949,False
10950,False
10951,False
10952,False
10953,False
10954,False
10955,False
10956,False
10957,False
10958,False
10959,False
10960,False
10961,False
10962,False
10963,False
10964,False
10965,True
10966,False
10967,False
10968,False
10969,False
10970,False
10971,False
10972,False
10973,False
10974,False
10975,False
10976,False
10977,False
10978,True
10979,False
10980,False
10981,False
10982,False
10983,False
10984,False
10985,False
10986,False
10987,False
10988,False
10989,False
10990,False
10991,False
10992,False
10993,False
10994,False
10995,False
10996,False
10997,False
10998,False
10999,False
11000,False
11001,False
11002,True
11003,False
11004,False
11005,False
11006,False
11007,False
11008,False
11009,False
11010,False
11011,False
11012,False
11013,False
11014,False
11015,False
11016,False
11017,False
11018,False
11019,False
11020,False
11021,False
11022,False
11023,False
11024,False
11025,False
11026,False
11027,False
11028,False
11029,False
11030,False
11031,False
11032,True
11033,False
11034,False
11035,False
11036,False
11037,False
11038,False
11039,False
11040,False
11041,False
11042,False
11043,False
11044,False
11045,False
11046,False
11047,False
11048,False
11049,False
11050,False
11051,False
11052,False
11053,False
11054,False
11055,False
11056,False
11057,False
11058,False
11059,False
11060,False
11061,False
11062,False
11063,False
11064,False
11065,True
11066,False
11067,False
11068,False
11069,False
11070,False
11071,True
11072,True
11073,False
11074,False
11075,False
11076,False
11077,False
11078,False
11079,False
11080,False
11081,False
11082,False
11083,False
11084,False
11085,False
11086,True
11087,False
11088,False
11089,False
11090,False
11091,False
11092,False
11093,True
11094,False
11095,False
11096,False
11097,False
11098,False
11099,False
11100,False
11101,False
11102,False
11103,True
11104,False
11105,True
11106,False
11107,False
11108,False
11109,False
11110,False
11111,True
11112,False
11113,False
11114,False
11115,False
11116,True
11117,False
11118,False
11119,False
11120,False
11121,False
11122,False
11123,False
11124,False
11125,False
11126,True
11127,False
11128,False
11129,False
11130,False
11131,False
11132,False
11133,False
11134,False
11135,False
11136,False
11137,False
11138,False
11139,False
11140,False
11141,False
11142,False
11143,False
11144,False
11145,False
11146,False
11147,False
11148,False
11149,False
11150,False
11151,False
11152,False
11153,False
11154,False
11155,True
11156,False
11157,False
11158,False
11159,False
11160,False
11161,False
11162,False
11163,False
11164,False
11165,False
11166,False
11167,False
11168,False
11169,False
11170,False
11171,False
11172,False
11173,False
11174,False
11175,False
11176,False
11177,False
11178,False
11179,False
11180,False
11181,False
11182,True
11183,False
11184,False
11185,False
11186,False
11187,False
11188,False
11189,False
11190,False
11191,False
11192,False
11193,False
11194,False
11195,False
11196,False
11197,False
11198,False
11199,False
11200,False
11201,True
11202,False
11203,False
11204,False
11205,False
11206,False
11207,False
11208,False
11209,False
11210,False
11211,False
11212,False
11213,False
11214,False
11215,False
11216,False
11217,False
11218,False
11219,False
11220,False
11221,False
11222,False
11223,False
11224,False
11225,False
11226,False
11227,False
11228,False
11229,False
11230,False
11231,False
11232,False
11233,False
11234,False
11235,False
11236,False
11237,False
11238,False
11239,False
11240,False
11241,False
11242,False
11243,False
11244,False
11245,True
11246,False
11247,False
11248,False
11249,False
11250,False
11251,False
11252,False
11253,False
11254,False
11255,False
11256,False
11257,False
11258,False
11259,False
11260,False
11261,False
11262,False
11263,False
11264,False
11265,False
11266,False
11267,False
11268,False
11269,False
11270,False
11271,False
11272,False
11273,False
11274,False
11275,False
11276,False
11277,False
11278,False
11279,False
11280,False
11281,False
11282,False
11283,False
11284,False
11285,False
11286,False
11287,False
11288,True
11289,False
11290,False
11291,False
11292,False
11293,False
11294,False
11295,False
11296,False
11297,False
11298,False
11299,False
11300,False
11301,False
11302,False
11303,False
11304,False
11305,False
11306,False
11307,False
11308,False
11309,False
11310,False
11311,False
11312,False
11313,False
11314,False
11315,False
11316,False
11317,False
11318,False
11319,False
11320,False
11321,False
11322,False
11323,False
11324,False
11325,False
11326,False
11327,False
11328,False
11329,False
11330,False
11331,False
11332,False
11333,False
11334,False
11335,False
11336,False
11337,False
11338,False
11339,False
11340,False
11341,False
11342,False
11343,False
11344,False
11345,False
11346,False
11347,False
11348,False
11349,False
11350,False
11351,False
11352,False
11353,False
11354,False
11355,False
11356,False
11357,True
11358,False
11359,False
11360,False
11361,False
11362,False
11363,False
11364,False
11365,False
11366,False
11367,False
11368,False
11369,False
11370,False
11371,False
11372,False
11373,False
11374,False
11375,False
11376,False
11377,False
11378,False
11379,False
11380,False
11381,False
11382,False
11383,False
11384,False
11385,False
11386,False
11387,False
11388,False
11389,False
11390,False
11391,False
11392,False
11393,False
11394,False
11395,False
11396,False
11397,False
11398,False
11399,False
11400,False
11401,False
11402,False
11403,False
11404,False
11405,False
11406,False
11407,False
11408,False
11409,False
11410,False
11411,False
11412,False
11413,False
11414,False
11415,False
11416,False
11417,False
11418,False
11419,False
11420,False
11421,False
11422,False
11423,False
11424,False
11425,False
11426,False
11427,False
11428,False
11429,False
11430,False
11431,False
11432,False
11433,False
11434,False
11435,False
11436,False
11437,False
11438,False
11439,False
11440,False
11441,False
11442,False
11443,False
11444,True
11445,False
11446,False
11447,False
11448,False
11449,False
11450,False
11451,False
11452,True
11453,False
11454,False
11455,False
11456,False
11457,True
11458,False
11459,False
11460,False
11461,False
11462,False
11463,False
11464,False
11465,False
11466,False
11467,False
11468,False
11469,False
11470,False
11471,False
11472,False
11473,False
11474,False
11475,False
11476,False
11477,False
11478,False
11479,False
11480,False
11481,False
11482,False
11483,False
11484,False
11485,False
11486,False
11487,False
11488,False
11489,False
11490,False
11491,False
11492,False
11493,False
11494,False
11495,False
11496,False
11497,False
11498,False
11499,False
11500,False
11501,False
11502,False
11503,False
11504,False
11505,False
11506,False
11507,False
11508,False
11509,False
11510,False
11511,False
11512,True
11513,True
11514,False
11515,False
11516,False
11517,False
11518,False
11519,False
11520,False
11521,False
11522,False
11523,False
11524,False
11525,False
11526,False
11527,False
11528,False
11529,False
11530,False
11531,False
11532,False
11533,False
11534,False
11535,False
11536,False
11537,False
11538,False
11539,False
11540,False
11541,False
11542,False
11543,False
11544,False
11545,False
11546,False
11547,False
11548,False
11549,False
11550,False
11551,False
11552,False
11553,False
11554,True
11555,False
11556,False
11557,False
11558,False
11559,False
11560,False
11561,False
11562,False
11563,False
11564,False
11565,False
11566,False
11567,False
11568,False
11569,False
11570,False
11571,False
11572,False
11573,False
11574,False
11575,False
11576,False
11577,False
11578,False
11579,False
11580,False
11581,False
11582,False
11583,False
11584,False
11585,False
11586,False
11587,False
11588,False
11589,False
11590,False
11591,False
11592,False
11593,False
11594,False
11595,False
11596,False
11597,False
11598,False
11599,False
11600,False
11601,False
11602,False
11603,False
11604,False
11605,False
11606,False
11607,False
11608,False
11609,False
11610,False
11611,False
11612,False
11613,False
11614,False
11615,False
11616,False
11617,False
11618,False
11619,False
11620,False
11621,False
11622,False
11623,False
11624,False
11625,False
11626,False
11627,False
11628,False
11629,False
11630,False
11631,False
11632,False
11633,False
11634,False
11635,False
11636,False
11637,False
11638,False
11639,False
11640,False
11641,False
11642,False
11643,False
11644,False
11645,False
11646,False
11647,False
11648,False
11649,False
11650,False
11651,False
11652,False
11653,False
11654,False
11655,False
11656,False
11657,False
11658,False
11659,False
11660,True
11661,False
11662,False
11663,False
11664,False
11665,False
11666,False
11667,False
11668,False
11669,False
11670,True
11671,False
11672,False
11673,False
11674,False
11675,False
11676,False
11677,False
11678,False
11679,False
11680,False
11681,False
11682,False
11683,False
11684,False
11685,False
11686,False
11687,False
11688,False
11689,False
11690,False
11691,False
11692,False
11693,False
11694,False
11695,False
11696,False
11697,False
11698,False
11699,False
11700,False
11701,False
11702,False
11703,False
11704,False
11705,False
11706,False
11707,False
11708,False
11709,False
11710,False
11711,False
11712,False
11713,False
11714,False
11715,False
11716,False
11717,False
11718,False
11719,False
11720,False
11721,False
11722,False
11723,False
11724,False
11725,False
11726,False
11727,False
11728,False
11729,False
11730,False
11731,False
11732,False
11733,False
11734,False
11735,False
11736,False
11737,False
11738,False
11739,False
11740,False
11741,False
11742,False
11743,False
11744,False
11745,False
11746,True
11747,False
11748,False
11749,False
11750,False
11751,False
11752,False
11753,False
11754,False
11755,False
11756,False
11757,False
11758,False
11759,False
11760,False
11761,False
11762,False
11763,False
11764,False
11765,False
11766,False
11767,False
11768,False
11769,True
11770,False
11771,False
11772,False
11773,False
11774,False
11775,False
11776,False
11777,False
11778,False
11779,False
11780,False
11781,False
11782,False
11783,False
11784,False
11785,False
11786,False
11787,True
11788,False
11789,False
11790,False
11791,False
11792,False
11793,False
11794,False
11795,False
11796,False
11797,False
11798,False
11799,False
11800,False
11801,False
11802,False
11803,False
11804,False
11805,False
11806,False
11807,False
11808,False
11809,False
11810,False
11811,False
11812,False
11813,False
11814,False
11815,False
11816,False
11817,False
11818,False
11819,False
11820,False
11821,False
11822,False
11823,False
11824,False
11825,False
11826,True
11827,False
11828,False
11829,False
11830,False
11831,False
11832,False
11833,False
11834,False
11835,False
11836,False
11837,False
11838,False
11839,False
11840,False
11841,False
11842,True
11843,False
11844,False
11845,False
11846,True
11847,False
11848,False
11849,False
11850,False
11851,False
11852,False
11853,False
11854,False
11855,False
11856,False
11857,False
11858,False
11859,False
11860,False
11861,False
11862,False
11863,False
11864,False
11865,False
11866,False
11867,False
11868,False
11869,False
11870,False
11871,False
11872,False
11873,False
11874,False
11875,False
11876,False
11877,False
11878,False
11879,False
11880,False
11881,False
11882,False
11883,False
11884,False
11885,False
11886,False
11887,False
11888,False
11889,False
11890,False
11891,False
11892,False
11893,False
11894,False
11895,False
11896,False
11897,False
11898,False
11899,False
11900,False
11901,False
11902,False
11903,False
11904,False
11905,False
11906,False
11907,False
11908,False
11909,False
11910,False
11911,False
11912,False
11913,False
11914,False
11915,False
11916,False
11917,False
11918,False
11919,False
11920,False
11921,True
11922,False
11923,False
11924,False
11925,False
11926,True
11927,False
11928,False
11929,False
11930,False
11931,False
11932,False
11933,False
11934,False
11935,False
11936,False
11937,False
11938,False
11939,True
11940,False
11941,False
11942,False
11943,False
11944,False
11945,False
11946,False
11947,False
11948,False
11949,False
11950,False
11951,False
11952,False
11953,True
11954,False
11955,False
11956,False
11957,False
11958,False
11959,False
11960,False
11961,False
11962,False
11963,False
11964,False
11965,False
11966,False
11967,False
11968,False
11969,False
11970,False
11971,False
11972,False
11973,False
11974,False
11975,False
11976,False
11977,False
11978,False
11979,False
11980,False
11981,False
11982,False
11983,False
11984,False
11985,False
11986,True
11987,False
11988,False
11989,False
11990,False
11991,False
11992,False
11993,False
11994,False
11995,False
11996,False
11997,False
11998,False
11999,True
12000,False
12001,False
12002,False
12003,False
12004,False
12005,False
12006,False
12007,False
12008,False
12009,False
12010,False
12011,False
12012,False
12013,False
12014,False
12015,False
12016,False
12017,False
12018,False
12019,False
12020,False
12021,False
12022,False
12023,False
12024,False
12025,False
12026,False
12027,False
12028,True
12029,False
12030,False
12031,False
12032,False
12033,False
12034,False
12035,False
12036,False
12037,False
12038,False
12039,False
12040,False
12041,False
12042,False
12043,False
12044,False
12045,False
12046,False
12047,True
12048,False
12049,False
12050,False
12051,False
12052,False
12053,False
12054,False
12055,False
12056,False
12057,False
12058,False
12059,False
12060,False
12061,True
12062,False
12063,False
12064,False
12065,False
12066,False
12067,False
12068,False
12069,False
12070,True
12071,False
12072,False
12073,False
12074,False
12075,False
12076,False
12077,False
12078,False
12079,False
12080,False
12081,False
12082,False
12083,False
12084,False
12085,False
12086,False
12087,False
12088,True
12089,False
12090,False
12091,False
12092,False
12093,False
12094,False
12095,False
12096,False
12097,False
12098,False
12099,True
12100,False
12101,False
12102,False
12103,False
12104,False
12105,False
12106,False
12107,False
12108,False
12109,False
12110,False
12111,False
12112,False
12113,False
12114,False
12115,False
12116,True
12117,False
12118,False
12119,False
12120,False
12121,False
12122,False
12123,False
12124,False
12125,False
12126,False
12127,False
12128,False
12129,False
12130,False
12131,False
12132,False
12133,False
12134,False
12135,False
12136,False
12137,False
12138,False
12139,False
12140,False
12141,False
12142,False
12143,False
12144,False
12145,False
12146,False
12147,False
12148,False
12149,False
12150,False
12151,False
12152,False
12153,False
12154,False
12155,False
12156,False
12157,False
12158,False
12159,False
12160,False
12161,False
12162,False
12163,False
12164,False
12165,False
12166,False
12167,False
12168,False
12169,False
12170,False
12171,False
12172,False
12173,False
12174,False
12175,False
12176,False
12177,False
12178,False
12179,False
12180,False
12181,False
12182,False
12183,False
12184,False
12185,False
12186,False
12187,False
12188,False
12189,False
12190,False
12191,False
12192,False
12193,False
12194,False
12195,False
12196,False
12197,False
12198,False
12199,False
12200,False
12201,False
12202,False
12203,False
12204,False
12205,False
12206,False
12207,False
12208,False
12209,False
12210,False
12211,False
12212,False
12213,False
12214,False
12215,False
12216,False
12217,False
12218,False
12219,False
12220,False
12221,False
12222,False
12223,False
12224,False
12225,False
12226,False
12227,False
12228,False
12229,False
12230,False
12231,False
12232,False
12233,False
12234,False
12235,False
12236,False
12237,False
12238,False
12239,False
12240,False
12241,False
12242,False
12243,True
12244,False
12245,False
12246,True
12247,False
12248,False
12249,False
12250,False
12251,False
12252,False
12253,False
12254,False
12255,False
12256,False
12257,False
12258,False
12259,False
12260,False
12261,False
12262,False
12263,False
12264,False
12265,False
12266,False
12267,False
12268,False
12269,False
12270,False
12271,False
12272,False
12273,False
12274,False
12275,False
12276,False
12277,False
12278,False
12279,False
12280,False
12281,False
12282,False
12283,False
12284,False
12285,False
12286,False
12287,False
12288,False
12289,False
12290,False
12291,False
12292,False
12293,False
12294,False
12295,False
12296,False
12297,True
12298,False
12299,False
12300,False
12301,False
12302,False
12303,False
12304,False
12305,False
12306,False
12307,False
12308,False
12309,False
12310,True
12311,False
12312,False
12313,False
12314,False
12315,False
12316,False
12317,False
12318,False
12319,False
12320,False
12321,False
12322,False
12323,False
12324,False
12325,True
12326,False
12327,False
12328,False
12329,False
12330,False
12331,False
12332,False
12333,True
12334,False
12335,False
12336,False
12337,False
12338,False
12339,False
12340,False
12341,False
12342,False
12343,False
12344,False
12345,False
12346,False
12347,False
12348,False
12349,False
12350,True
12351,False
12352,False
12353,False
12354,False
12355,False
12356,False
12357,False
12358,False
12359,False
12360,False
12361,False
12362,False
12363,False
12364,False
12365,False
12366,False
12367,False
12368,True
12369,False
12370,True
12371,False
12372,False
12373,False
12374,False
12375,False
12376,False
12377,False
12378,False
12379,False
12380,False
12381,False
12382,False
12383,False
12384,False
12385,False
12386,False
12387,False
12388,False
12389,False
12390,False
12391,False
12392,False
12393,False
12394,False
12395,False
12396,False
12397,False
12398,False
12399,False
12400,True
12401,False
12402,False
12403,False
12404,False
12405,False
12406,False
12407,True
12408,False
12409,False
12410,False
12411,False
12412,False
12413,False
12414,False
12415,False
12416,False
12417,False
12418,False
12419,False
12420,False
12421,False
12422,False
12423,False
12424,False
12425,False
12426,False
12427,False
12428,False
12429,False
12430,False
12431,False
12432,False
12433,False
12434,False
12435,False
12436,False
12437,False
12438,False
12439,False
12440,False
12441,False
12442,False
12443,False
12444,True
12445,False
12446,True
12447,False
12448,False
12449,False
12450,False
12451,False
12452,False
12453,False
12454,False
12455,False
12456,False
12457,False
12458,False
12459,True
12460,False
12461,False
12462,False
12463,False
12464,False
12465,False
12466,False
12467,False
12468,False
12469,False
12470,False
12471,False
12472,False
12473,False
12474,False
12475,False
12476,False
12477,False
12478,False
12479,False
12480,False
12481,False
12482,False
12483,False
12484,False
12485,False
12486,False
12487,False
12488,False
12489,False
12490,False
12491,False
12492,False
12493,False
12494,False
12495,False
12496,False
12497,False
12498,False
12499,False
12500,False
12501,False
12502,False
12503,False
12504,False
12505,False
12506,False
12507,False
12508,False
12509,False
12510,False
12511,False
12512,False
12513,False
12514,False
12515,False
12516,True
12517,False
12518,False
12519,False
12520,False
12521,False
12522,False
12523,False
12524,False
12525,False
12526,False
12527,False
12528,False
12529,False
12530,False
12531,False
12532,False
12533,False
12534,False
12535,False
12536,False
12537,False
12538,False
12539,False
12540,False
12541,False
12542,False
12543,False
12544,False
12545,False
12546,False
12547,False
12548,False
12549,False
12550,False
12551,False
12552,False
12553,False
12554,False
12555,False
12556,False
12557,False
12558,False
12559,False
12560,False
12561,False
12562,False
12563,False
12564,False
12565,True
12566,False
12567,False
12568,False
12569,False
12570,False
12571,False
12572,False
12573,False
12574,False
12575,False
12576,False
12577,False
12578,False
12579,False
12580,False
12581,False
12582,False
12583,False
12584,False
12585,True
12586,False
12587,False
12588,False
12589,False
12590,False
12591,False
12592,False
12593,False
12594,False
12595,False
12596,True
12597,False
12598,False
12599,False
12600,False
12601,False
12602,False
12603,False
12604,False
12605,False
12606,False
12607,False
12608,False
12609,False
12610,False
12611,False
12612,False
12613,False
12614,True
12615,False
12616,False
12617,False
12618,False
12619,False
12620,False
12621,False
12622,False
12623,False
12624,False
12625,False
12626,False
12627,False
12628,False
12629,False
12630,False
12631,False
12632,False
12633,False
12634,True
12635,False
12636,False
12637,False
12638,False
12639,False
12640,False
12641,False
12642,False
12643,False
12644,False
12645,False
12646,False
12647,False
12648,False
12649,False
12650,False
12651,False
12652,False
12653,False
12654,False
12655,False
12656,False
12657,True
12658,False
12659,False
12660,False
12661,False
12662,False
12663,False
12664,False
12665,False
12666,False
12667,False
12668,False
12669,False
12670,False
12671,False
12672,False
12673,False
12674,False
12675,False
12676,False
12677,False
12678,False
12679,False
12680,False
12681,False
12682,False
12683,True
12684,False
12685,False
12686,False
12687,False
12688,False
12689,False
12690,False
12691,False
12692,False
12693,False
12694,False
12695,False
12696,False
12697,False
12698,False
12699,False
12700,False
12701,False
12702,False
12703,False
12704,False
12705,False
12706,False
12707,False
12708,False
12709,False
12710,False
12711,True
12712,False
12713,False
12714,False
12715,False
12716,False
12717,False
12718,False
12719,False
12720,False
12721,False
12722,False
12723,False
12724,False
12725,False
12726,False
12727,False
12728,False
12729,False
12730,False
12731,False
12732,False
12733,False
12734,False
12735,False
12736,False
12737,False
12738,False
12739,False
12740,False
12741,False
12742,False
12743,False
12744,False
12745,False
12746,False
12747,False
12748,False
12749,False
12750,False
12751,False
12752,False
12753,False
12754,False
12755,False
12756,False
12757,False
12758,False
12759,False
12760,False
12761,False
12762,False
12763,False
12764,False
12765,False
12766,False
12767,False
12768,False
12769,False
12770,False
12771,False
12772,False
12773,False
12774,False
12775,False
12776,False
12777,False
12778,True
12779,False
12780,False
12781,False
12782,False
12783,False
12784,False
12785,False
12786,False
12787,False
12788,False
12789,False
12790,False
12791,False
12792,False
12793,False
12794,False
12795,False
12796,False
12797,False
12798,False
12799,False
12800,False
12801,False
12802,False
12803,False
12804,False
12805,False
12806,False
12807,False
12808,False
12809,False
12810,False
12811,False
12812,True
12813,False
12814,False
12815,False
12816,False
12817,False
12818,False
12819,False
12820,False
12821,False
12822,True
12823,False
12824,True
12825,False
12826,False
12827,False
12828,False
12829,False
12830,False
12831,False
12832,False
12833,False
12834,False
12835,False
12836,False
12837,False
12838,False
12839,False
12840,False
12841,False
12842,False
12843,False
12844,False
12845,False
12846,False
12847,False
12848,False
12849,False
12850,False
12851,False
12852,False
12853,False
12854,False
12855,False
12856,True
12857,False
12858,False
12859,False
12860,False
12861,False
12862,False
12863,False
12864,False
12865,False
12866,False
12867,False
12868,False
12869,False
12870,False
12871,False
12872,False
12873,False
12874,False
12875,False
12876,False
12877,False
12878,False
12879,False
12880,False
12881,False
12882,False
12883,False
12884,False
12885,False
12886,False
12887,False
12888,False
12889,False
12890,False
12891,False
12892,False
12893,False
12894,False
12895,False
12896,False
12897,False
12898,False
12899,False
12900,False
12901,False
12902,False
12903,False
12904,False
12905,False
12906,False
12907,False
12908,False
12909,False
12910,False
12911,False
12912,False
12913,False
12914,False
12915,False
12916,False
12917,False
12918,False
12919,False
12920,False
12921,False
12922,False
12923,False
12924,False
12925,False
12926,False
12927,False
12928,False
12929,False
12930,False
12931,False
12932,False
12933,False
12934,False
12935,False
12936,False
12937,False
12938,False
12939,False
12940,False
12941,False
12942,False
12943,False
12944,False
12945,False
12946,False
12947,False
12948,False
12949,False
12950,False
12951,False
12952,False
12953,False
12954,False
12955,False
12956,False
12957,False
12958,False
12959,False
12960,False
12961,False
12962,False
12963,False
12964,False
12965,False
12966,False
12967,False
12968,False
12969,False
12970,False
12971,False
12972,False
12973,False
12974,False
12975,False
12976,False
12977,True
12978,False
12979,False
12980,False
12981,False
12982,False
12983,False
12984,False
12985,False
12986,False
12987,False
12988,False
12989,False
12990,False
12991,False
12992,False
12993,False
12994,False
12995,False
12996,False
12997,False
12998,False
12999,False
13000,False
13001,False
13002,False
13003,True
13004,False
13005,False
13006,False
13007,False
13008,False
13009,False
13010,False
13011,False
13012,False
13013,False
13014,False
13015,False
13016,False
13017,False
13018,False
13019,False
13020,False
13021,False
13022,False
13023,False
13024,False
13025,True
13026,False
13027,False
13028,False
13029,False
13030,False
13031,False
13032,False
13033,False
13034,False
13035,False
13036,False
13037,False
13038,False
13039,False
13040,False
13041,False
13042,False
13043,False
13044,False
13045,False
13046,False
13047,False
13048,False
13049,False
13050,False
13051,False
13052,False
13053,False
13054,False
13055,False
13056,False
13057,True
13058,False
13059,False
13060,False
13061,False
13062,False
13063,False
13064,False
13065,False
13066,False
13067,False
13068,False
13069,False
13070,False
13071,False
13072,False
13073,False
13074,False
13075,False
13076,False
13077,False
13078,False
13079,False
13080,False
13081,False
13082,False
13083,False
13084,False
13085,False
13086,False
13087,False
13088,False
13089,False
13090,False
13091,False
13092,False
13093,False
13094,False
13095,False
13096,False
13097,False
13098,False
13099,False
13100,False
13101,True
13102,False
13103,False
13104,False
13105,False
13106,False
13107,True
13108,False
13109,False
13110,False
13111,True
13112,False
13113,False
13114,False
13115,False
13116,False
13117,False
13118,False
13119,False
13120,False
13121,False
13122,False
13123,False
13124,False
13125,False
13126,False
13127,False
13128,False
13129,False
13130,False
13131,False
13132,False
13133,False
13134,False
13135,False
13136,False
13137,False
13138,False
13139,False
13140,False
13141,False
13142,False
13143,False
13144,False
13145,False
13146,False
13147,False
13148,False
13149,False
13150,False
13151,False
13152,False
13153,False
13154,False
13155,False
13156,False
13157,False
13158,False
13159,False
13160,False
13161,False
13162,False
13163,False
13164,False
13165,False
13166,False
13167,False
13168,False
13169,False
13170,False
13171,False
13172,False
13173,False
13174,False
13175,False
13176,False
13177,False
13178,False
13179,False
13180,False
13181,False
13182,False
13183,False
13184,False
13185,False
13186,False
13187,False
13188,False
13189,False
13190,False
13191,False
13192,False
13193,False
13194,False
13195,False
13196,False
13197,False
13198,False
13199,False
13200,False
13201,False
13202,False
13203,False
13204,False
13205,False
13206,False
13207,False
13208,False
13209,False
13210,False
13211,False
13212,False
13213,False
13214,False
13215,False
13216,False
13217,False
13218,False
13219,False
13220,False
13221,False
13222,False
13223,True
13224,True
13225,False
13226,False
13227,False
13228,False
13229,False
13230,False
13231,False
13232,False
13233,False
13234,False
13235,False
13236,False
13237,False
13238,False
13239,False
13240,False
13241,False
13242,False
13243,False
13244,False
13245,False
13246,False
13247,False
13248,False
13249,False
13250,False
13251,False
13252,False
13253,False
13254,False
13255,False
13256,False
13257,False
13258,False
13259,False
13260,False
13261,False
13262,False
13263,False
13264,False
13265,False
13266,False
13267,False
13268,False
13269,False
13270,False
13271,False
13272,False
13273,False
13274,False
13275,False
13276,False
13277,False
13278,False
13279,False
13280,False
13281,False
13282,False
13283,False
13284,False
13285,False
13286,False
13287,False
13288,False
13289,False
13290,False
13291,False
13292,False
13293,False
13294,False
13295,False
13296,False
13297,False
13298,False
13299,False
13300,False
13301,False
13302,True
13303,False
13304,False
13305,False
13306,False
13307,False
13308,False
13309,False
13310,False
13311,False
13312,False
13313,False
13314,False
13315,False
13316,False
13317,False
13318,False
13319,False
13320,False
13321,False
13322,False
13323,False
13324,False
13325,False
13326,False
13327,False
13328,False
13329,False
13330,False
13331,False
13332,False
13333,False
13334,False
13335,False
13336,False
13337,False
13338,False
13339,False
13340,False
13341,False
13342,False
13343,False
13344,False
13345,False
13346,False
13347,False
13348,False
13349,False
13350,False
13351,False
13352,False
13353,False
13354,False
13355,False
13356,False
13357,False
13358,False
13359,False
13360,False
13361,False
13362,False
13363,False
13364,False
13365,False
13366,False
13367,False
13368,True
13369,False
13370,True
13371,False
13372,False
13373,False
13374,False
13375,False
13376,False
13377,False
13378,False
13379,False
13380,False
13381,False
13382,False
13383,False
13384,False
13385,False
13386,False
13387,False
13388,False
13389,False
13390,False
13391,False
13392,False
13393,False
13394,False
13395,False
13396,False
13397,False
13398,False
13399,False
13400,False
13401,False
13402,False
13403,False
13404,False
13405,False
13406,True
13407,False
13408,False
13409,False
13410,False
13411,False
13412,False
13413,False
13414,False
13415,False
13416,True
13417,False
13418,False
13419,False
13420,False
13421,True
13422,False
13423,False
13424,False
13425,False
13426,False
13427,False
13428,False
13429,False
13430,False
13431,False
13432,False
13433,False
13434,False
13435,False
13436,False
13437,False
13438,False
13439,False
13440,False
13441,False
13442,False
13443,False
13444,False
13445,False
13446,False
13447,False
13448,False
13449,False
13450,False
13451,False
13452,False
13453,False
13454,False
13455,False
13456,False
13457,False
13458,False
13459,False
13460,True
13461,False
13462,False
13463,False
13464,False
13465,False
13466,False
13467,False
13468,False
13469,False
13470,False
13471,False
13472,False
13473,False
13474,False
13475,False
13476,False
13477,False
13478,False
13479,False
13480,False
13481,False
13482,False
13483,False
13484,False
13485,False
13486,False
13487,True
13488,False
13489,False
13490,False
13491,False
13492,False
13493,False
13494,False
13495,False
13496,False
13497,False
13498,False
13499,False
13500,False
13501,False
13502,False
13503,False
13504,False
13505,False
13506,False
13507,False
13508,False
13509,False
13510,False
13511,False
13512,False
13513,False
13514,False
13515,False
13516,False
13517,False
13518,False
13519,False
13520,False
13521,False
13522,True
13523,False
13524,False
13525,False
13526,False
13527,False
13528,False
13529,False
13530,False
13531,False
13532,False
13533,False
13534,False
13535,False
13536,False
13537,False
13538,False
13539,False
13540,False
13541,False
13542,False
13543,False
13544,False
13545,True
13546,False
13547,False
13548,False
13549,False
13550,False
13551,False
13552,False
13553,False
13554,False
13555,False
13556,False
13557,False
13558,False
13559,False
13560,False
13561,False
13562,False
13563,False
13564,False
13565,True
13566,False
13567,False
13568,True
13569,False
13570,False
13571,True
13572,False
13573,False
13574,False
13575,False
13576,False
13577,False
13578,False
13579,False
13580,False
13581,False
13582,False
13583,True
13584,False
13585,True
13586,False
13587,False
13588,False
13589,False
13590,False
13591,False
13592,False
13593,False
13594,False
13595,False
13596,True
13597,False
13598,False
13599,False
13600,False
13601,False
13602,False
13603,False
13604,False
13605,False
13606,False
13607,False
13608,False
13609,False
13610,False
13611,False
13612,False
13613,False
13614,False
13615,False
13616,False
13617,False
13618,False
13619,False
13620,False
13621,False
13622,False
13623,False
13624,True
13625,False
13626,False
13627,False
13628,False
13629,True
13630,False
13631,False
13632,False
13633,False
13634,False
13635,False
13636,False
13637,False
13638,False
13639,False
13640,False
13641,False
13642,False
13643,False
13644,False
13645,False
13646,False
13647,False
13648,False
13649,False
13650,False
13651,False
13652,False
13653,False
13654,False
13655,False
13656,False
13657,False
13658,False
13659,False
13660,False
13661,False
13662,False
13663,False
13664,False
13665,False
13666,False
13667,False
13668,False
13669,False
13670,False
13671,False
13672,False
13673,False
13674,False
13675,False
13676,False
13677,False
13678,False
13679,False
13680,False
13681,False
13682,False
13683,False
13684,False
13685,False
13686,False
13687,False
13688,False
13689,False
13690,False
13691,False
13692,False
13693,False
13694,False
13695,False
13696,False
13697,False
13698,False
13699,False
13700,False
13701,False
13702,False
13703,False
13704,False
13705,False
13706,False
13707,False
13708,False
13709,False
13710,False
13711,False
13712,False
13713,False
13714,False
13715,False
13716,False
13717,False
13718,False
13719,False
13720,False
13721,False
13722,False
13723,False
13724,False
13725,False
13726,False
13727,False
13728,False
13729,False
13730,False
13731,False
13732,False
13733,False
13734,False
13735,False
13736,False
13737,False
13738,False
13739,False
13740,False
13741,False
13742,False
13743,False
13744,False
13745,False
13746,False
13747,False
13748,False
13749,False
13750,False
13751,True
13752,False
13753,False
13754,False
13755,False
13756,False
13757,False
13758,False
13759,False
13760,False
13761,False
13762,False
13763,False
13764,True
13765,False
13766,False
13767,False
13768,False
13769,False
13770,False
13771,False
13772,False
13773,False
13774,False
13775,True
13776,False
13777,True
13778,False
13779,False
13780,False
13781,False
13782,False
13783,False
13784,False
13785,False
13786,True
13787,False
13788,False
13789,False
13790,False
13791,False
13792,False
13793,False
13794,False
13795,False
13796,False
13797,False
13798,False
13799,True
13800,False
13801,False
13802,False
13803,False
13804,False
13805,False
13806,False
13807,False
13808,False
13809,False
13810,False
13811,False
13812,False
13813,False
13814,False
13815,False
13816,False
13817,False
13818,False
13819,False
13820,False
13821,True
13822,False
13823,False
13824,False
13825,False
13826,False
13827,False
13828,False
13829,False
13830,False
13831,False
13832,False
13833,False
13834,False
13835,False
13836,False
13837,False
13838,False
13839,False
13840,False
13841,False
13842,False
13843,False
13844,False
13845,False
13846,False
13847,False
13848,False
13849,False
13850,False
13851,False
13852,False
13853,False
13854,False
13855,False
13856,False
13857,False
13858,False
13859,False
13860,False
13861,False
13862,False
13863,False
13864,False
13865,False
13866,False
13867,False
13868,False
13869,False
13870,False
13871,False
13872,False
13873,False
13874,False
13875,False
13876,False
13877,False
13878,False
13879,False
13880,False
13881,False
13882,False
13883,False
13884,True
13885,False
13886,False
13887,False
13888,False
13889,False
13890,False
13891,False
13892,False
13893,False
13894,False
13895,False
13896,False
13897,False
13898,False
13899,False
13900,True
13901,False
13902,False
13903,False
13904,True
13905,False
13906,False
13907,False
13908,False
13909,False
13910,False
13911,False
13912,False
13913,False
13914,False
13915,False
13916,False
13917,False
13918,False
13919,False
13920,False
13921,False
13922,False
13923,False
13924,False
13925,False
13926,False
13927,False
13928,False
13929,False
13930,False
13931,False
13932,False
13933,False
13934,False
13935,False
13936,False
13937,False
13938,False
13939,False
13940,False
13941,False
13942,False
13943,False
13944,False
13945,False
13946,False
13947,True
13948,False
13949,False
13950,False
13951,False
13952,False
13953,False
13954,False
13955,False
13956,False
13957,True
13958,False
13959,False
13960,False
13961,False
13962,False
13963,False
13964,False
13965,False
13966,False
13967,False
13968,False
13969,False
13970,False
13971,False
13972,False
13973,False
13974,False
13975,False
13976,False
13977,False
13978,False
13979,False
13980,False
13981,False
13982,False
13983,False
13984,False
13985,False
13986,False
13987,False
13988,False
13989,False
13990,False
13991,False
13992,False
13993,False
13994,False
13995,False
13996,False
13997,False
13998,False
13999,False
14000,False
14001,False
14002,False
14003,False
14004,False
14005,False
14006,False
14007,False
14008,False
14009,False
14010,False
14011,False
14012,False
14013,False
14014,False
14015,False
14016,False
14017,False
14018,False
14019,False
14020,False
14021,False
14022,False
14023,False
14024,False
14025,False
14026,False
14027,False
14028,False
14029,False
14030,False
14031,False
14032,False
14033,False
14034,False
14035,False
14036,False
14037,False
14038,True
14039,False
14040,False
14041,True
14042,False
14043,False
14044,False
14045,False
14046,False
14047,False
14048,False
14049,False
14050,False
14051,False
14052,False
14053,False
14054,False
14055,False
14056,False
14057,False
14058,False
14059,False
14060,False
14061,False
14062,False
14063,False
14064,False
14065,False
14066,False
14067,False
14068,False
14069,False
14070,False
14071,False
14072,False
14073,False
14074,False
14075,False
14076,False
14077,False
14078,False
14079,False
14080,False
14081,False
14082,False
14083,False
14084,False
14085,False
14086,False
14087,False
14088,False
14089,False
14090,False
14091,False
14092,False
14093,False
14094,False
14095,False
14096,False
14097,True
14098,False
14099,False
14100,False
14101,False
14102,False
14103,False
14104,False
14105,False
14106,False
14107,False
14108,False
14109,False
14110,False
14111,False
14112,False
14113,False
14114,False
14115,True
14116,True
14117,False
14118,False
14119,False
14120,False
14121,False
14122,False
14123,False
14124,False
14125,False
14126,False
14127,False
14128,False
14129,False
14130,False
14131,False
14132,False
14133,True
14134,False
14135,False
14136,False
14137,False
14138,False
14139,False
14140,False
14141,False
14142,False
14143,False
14144,False
14145,False
14146,False
14147,False
14148,False
14149,False
14150,False
14151,False
14152,False
14153,False
14154,False
14155,False
14156,False
14157,False
14158,False
14159,True
14160,False
14161,False
14162,False
14163,False
14164,False
14165,False
14166,False
14167,False
14168,False
14169,False
14170,False
14171,False
14172,False
14173,False
14174,False
14175,False
14176,False
14177,False
14178,False
14179,False
14180,False
14181,False
14182,False
14183,False
14184,False
14185,False
14186,False
14187,False
14188,False
14189,False
14190,False
14191,True
14192,False
14193,False
14194,False
14195,False
14196,False
14197,False
14198,False
14199,False
14200,False
14201,False
14202,False
14203,False
14204,False
14205,False
14206,False
14207,False
14208,False
14209,False
14210,False
14211,False
14212,False
14213,False
14214,False
14215,False
14216,False
14217,False
14218,False
14219,False
14220,False
14221,False
14222,False
14223,False
14224,False
14225,False
14226,False
14227,False
14228,False
14229,False
14230,False
14231,False
14232,False
14233,False
14234,False
14235,False
14236,False
14237,False
14238,False
14239,False
14240,False
14241,False
14242,False
14243,False
14244,False
14245,False
14246,False
14247,False
14248,False
14249,False
14250,False
14251,False
14252,False
14253,False
14254,False
14255,False
14256,False
14257,False
14258,False
14259,False
14260,False
14261,True
14262,False
14263,False
14264,False
14265,False
14266,False
14267,False
14268,False
14269,False
14270,False
14271,False
14272,False
14273,False
14274,False
14275,False
14276,False
14277,False
14278,False
14279,False
14280,False
14281,False
14282,False
14283,False
14284,False
14285,False
14286,False
14287,False
14288,False
14289,False
14290,False
14291,False
14292,False
14293,False
14294,False
14295,False
14296,False
14297,False
14298,False
14299,False
14300,False
14301,False
14302,False
14303,False
14304,False
14305,False
14306,True
14307,False
14308,False
14309,False
14310,False
14311,False
14312,False
14313,False
14314,False
14315,False
14316,False
14317,False
14318,False
14319,False
14320,False
14321,False
14322,False
14323,False
14324,False
14325,False
14326,False
14327,False
14328,False
14329,False
14330,False
14331,False
14332,False
14333,False
14334,False
14335,False
14336,False
14337,False
14338,False
14339,False
14340,False
14341,False
14342,False
14343,False
14344,False
14345,False
14346,False
14347,False
14348,False
14349,False
14350,False
14351,False
14352,False
14353,False
14354,False
14355,False
14356,False
14357,False
14358,False
14359,False
14360,False
14361,False
14362,False
14363,False
14364,False
14365,False
14366,False
14367,False
14368,False
14369,False
14370,False
14371,False
14372,False
14373,False
14374,False
14375,False
14376,False
14377,False
14378,False
14379,False
14380,False
14381,True
14382,False
14383,False
14384,True
14385,True
14386,False
14387,False
14388,False
14389,False
14390,False
14391,False
14392,False
14393,False
14394,False
14395,False
14396,False
14397,False
14398,False
14399,False
14400,False
14401,False
14402,False
14403,False
14404,False
14405,False
14406,False
14407,False
14408,False
14409,False
14410,False
14411,False
14412,False
14413,False
14414,False
14415,False
14416,False
14417,False
14418,False
14419,False
14420,False
14421,False
14422,False
14423,True
14424,False
14425,False
14426,False
14427,False
14428,False
14429,False
14430,False
14431,False
14432,False
14433,False
14434,False
14435,False
14436,False
14437,False
14438,False
14439,False
14440,False
14441,False
14442,False
14443,False
14444,False
14445,False
14446,False
14447,False
14448,False
14449,False
14450,False
14451,False
14452,False
14453,False
14454,False
14455,False
14456,False
14457,False
14458,False
14459,False
14460,False
14461,False
14462,False
14463,False
14464,False
14465,False
14466,False
14467,False
14468,False
14469,False
14470,False
14471,False
14472,False
14473,False
14474,False
14475,False
14476,False
14477,False
14478,False
14479,True
14480,False
14481,False
14482,False
14483,False
14484,False
14485,False
14486,False
14487,False
14488,False
14489,False
14490,False
14491,False
14492,False
14493,False
14494,False
14495,False
14496,False
14497,False
14498,False
14499,False
14500,False
14501,False
14502,False
14503,False
14504,False
14505,False
14506,False
14507,False
14508,False
14509,False
14510,False
14511,False
14512,False
14513,False
14514,False
14515,False
14516,False
14517,False
14518,False
14519,True
14520,False
14521,False
14522,False
14523,True
14524,False
14525,False
14526,False
14527,False
14528,False
14529,False
14530,False
14531,False
14532,False
14533,False
14534,False
14535,False
14536,False
14537,False
14538,False
14539,False
14540,False
14541,False
14542,False
14543,False
14544,False
14545,False
14546,False
14547,True
14548,False
14549,False
14550,False
14551,False
14552,False
14553,False
14554,False
14555,False
14556,False
14557,False
14558,False
14559,False
14560,False
14561,False
14562,False
14563,False
14564,False
14565,False
14566,False
14567,False
14568,False
14569,False
14570,False
14571,False
14572,False
14573,False
14574,False
14575,False
14576,False
14577,False
14578,False
14579,False
14580,False
14581,False
14582,False
14583,False
14584,False
14585,False
14586,False
14587,False
14588,False
14589,False
14590,False
14591,False
14592,False
14593,False
14594,False
14595,False
14596,False
14597,False
14598,False
14599,False
14600,False
14601,False
14602,False
14603,False
14604,False
14605,False
14606,False
14607,False
14608,False
14609,False
14610,False
14611,False
14612,False
14613,False
14614,False
14615,False
14616,False
14617,False
14618,True
14619,False
14620,False
14621,False
14622,False
14623,False
14624,False
14625,False
14626,False
14627,False
14628,True
14629,False
14630,False
14631,False
14632,False
14633,False
14634,False
14635,False
14636,False
14637,False
14638,False
14639,False
14640,False
14641,False
14642,False
14643,False
14644,False
14645,False
14646,False
14647,False
14648,False
14649,False
14650,False
14651,True
14652,False
14653,False
14654,False
14655,False
14656,True
14657,False
14658,False
14659,False
14660,False
14661,False
14662,False
14663,False
14664,False
14665,False
14666,False
14667,False
14668,False
14669,False
14670,False
14671,False
14672,False
14673,False
14674,False
14675,False
14676,False
14677,False
14678,False
14679,False
14680,False
14681,True
14682,False
14683,False
14684,False
14685,False
14686,False
14687,False
14688,False
14689,False
14690,False
14691,False
14692,False
14693,False
14694,False
14695,False
14696,False
14697,False
14698,False
14699,False
14700,False
14701,False
14702,False
14703,False
14704,False
14705,False
14706,False
14707,False
14708,False
14709,False
14710,False
14711,False
14712,False
14713,False
14714,False
14715,False
14716,False
14717,False
14718,True
14719,False
14720,False
14721,False
14722,False
14723,False
14724,False
14725,False
14726,False
14727,False
14728,False
14729,False
14730,False
14731,False
14732,False
14733,False
14734,False
14735,False
14736,False
14737,False
14738,False
14739,False
14740,False
14741,False
14742,False
14743,False
14744,False
14745,False
14746,False
14747,False
14748,False
14749,False
14750,False
14751,False
14752,False
14753,False
14754,False
14755,False
14756,False
14757,False
14758,False
14759,False
14760,False
14761,False
14762,False
14763,True
14764,False
14765,False
14766,False
14767,False
14768,False
14769,False
14770,False
14771,False
14772,False
14773,False
14774,False
14775,False
14776,False
14777,False
14778,False
14779,False
14780,False
14781,False
14782,False
14783,False
14784,False
14785,False
14786,False
14787,False
14788,False
14789,False
14790,False
14791,False
14792,False
14793,False
14794,False
14795,False
14796,False
14797,False
14798,False
14799,False
14800,False
14801,False
14802,False
14803,False
14804,False
14805,False
14806,False
14807,False
14808,False
14809,False
14810,False
14811,False
14812,False
14813,False
14814,False
14815,False
14816,False
14817,False
14818,False
14819,False
14820,False
14821,False
14822,False
14823,False
14824,False
14825,False
14826,False
14827,False
14828,False
14829,False
14830,False
14831,False
14832,False
14833,False
14834,False
14835,False
14836,False
14837,False
14838,False
14839,False
14840,False
14841,False
14842,False
14843,False
14844,False
14845,False
14846,False
14847,False
14848,False
14849,False
14850,False
14851,False
14852,False
14853,False
14854,False
14855,False
14856,False
14857,False
14858,False
14859,False
14860,False
14861,False
14862,False
14863,False
14864,False
14865,False
14866,False
14867,False
14868,False
14869,False
14870,False
14871,False
14872,False
14873,False
14874,True
14875,False
14876,False
14877,False
14878,False
14879,False
14880,False
14881,False
14882,False
14883,False
14884,False
14885,False
14886,False
14887,False
14888,False
14889,False
14890,False
14891,False
14892,False
14893,False
14894,False
14895,False
14896,False
14897,False
14898,False
14899,False
14900,False
14901,False
14902,False
14903,False
14904,False
14905,False
14906,False
14907,False
14908,True
14909,False
14910,False
14911,False
14912,False
14913,False
14914,False
14915,False
14916,False
14917,False
14918,False
14919,False
14920,False
14921,True
14922,False
14923,False
14924,False
14925,False
14926,False
14927,False
14928,False
14929,False
14930,False
14931,False
14932,False
14933,False
14934,False
14935,False
14936,False
14937,False
14938,False
14939,False
14940,False
14941,False
14942,False
14943,False
14944,False
14945,False
14946,False
14947,False
14948,False
14949,False
14950,False
14951,False
14952,False
14953,False
14954,False
14955,False
14956,False
14957,True
14958,False
14959,False
14960,False
14961,False
14962,False
14963,False
14964,False
14965,False
14966,False
14967,False
14968,False
14969,False
14970,False
14971,False
14972,False
14973,False
14974,False
14975,False
14976,False
14977,False
14978,False
14979,False
14980,False
14981,False
14982,False
14983,False
14984,False
14985,False
14986,False
14987,False
14988,False
14989,False
14990,False
14991,False
14992,False
14993,False
14994,False
14995,False
14996,False
14997,False
14998,False
14999,False
15000,False
15001,True
15002,False
15003,False
15004,False
15005,False
15006,False
15007,False
15008,False
15009,False
15010,False
15011,False
15012,False
15013,False
15014,False
15015,False
15016,False
15017,False
15018,False
15019,False
15020,False
15021,False
15022,False
15023,False
15024,False
15025,False
15026,False
15027,False
15028,False
15029,False
15030,False
15031,False
15032,False
15033,False
15034,False
15035,False
15036,False
15037,False
15038,False
15039,False
15040,False
15041,False
15042,False
15043,False
15044,False
15045,False
15046,False
15047,False
15048,False
15049,False
15050,False
15051,False
15052,False
15053,False
15054,False
15055,False
15056,False
15057,False
15058,False
15059,False
15060,False
15061,False
15062,False
15063,False
15064,False
15065,False
15066,False
15067,False
15068,False
15069,False
15070,False
15071,False
15072,False
15073,False
15074,False
15075,False
15076,False
15077,False
15078,False
15079,False
15080,False
15081,False
15082,False
15083,False
15084,False
15085,False
15086,False
15087,False
15088,False
15089,False
15090,False
15091,False
15092,False
15093,False
15094,False
15095,False
15096,False
15097,False
15098,False
15099,False
15100,False
15101,False
15102,False
15103,False
15104,False
15105,False
15106,False
15107,False
15108,False
15109,False
15110,False
15111,False
15112,False
15113,False
15114,False
15115,False
15116,True
15117,False
15118,False
15119,False
15120,False
15121,False
15122,False
15123,False
15124,False
15125,False
15126,False
15127,False
15128,False
15129,False
15130,False
15131,False
15132,False
15133,True
15134,False
15135,False
15136,False
15137,False
15138,False
15139,False
15140,False
15141,False
15142,False
15143,False
15144,False
15145,False
15146,False
15147,False
15148,False
15149,False
15150,False
15151,False
15152,False
15153,False
15154,False
15155,False
15156,False
15157,False
15158,False
15159,False
15160,False
15161,False
15162,False
15163,False
15164,False
15165,False
15166,False
15167,False
15168,False
15169,False
15170,False
15171,False
15172,False
15173,False
15174,False
15175,False
15176,False
15177,False
15178,False
15179,False
15180,False
15181,False
15182,False
15183,False
15184,True
15185,False
15186,False
15187,False
15188,False
15189,False
15190,False
15191,False
15192,False
15193,False
15194,False
15195,False
15196,False
15197,False
15198,False
15199,False
15200,False
15201,False
15202,False
15203,False
15204,False
15205,False
15206,False
15207,False
15208,False
15209,False
15210,False
15211,False
15212,False
15213,False
15214,False
15215,True
15216,True
15217,False
15218,False
15219,False
15220,False
15221,False
15222,False
15223,False
15224,False
15225,False
15226,False
15227,False
15228,False
15229,False
15230,False
15231,False
15232,False
15233,False
15234,False
15235,False
15236,False
15237,False
15238,False
15239,False
15240,False
15241,False
15242,False
15243,False
15244,False
15245,False
15246,False
15247,False
15248,False
15249,False
15250,False
15251,False
15252,True
15253,False
15254,False
15255,False
15256,False
15257,False
15258,False
15259,False
15260,False
15261,False
15262,False
15263,False
15264,False
15265,False
15266,False
15267,False
15268,False
15269,False
15270,False
15271,False
15272,False
15273,False
15274,False
15275,False
15276,False
15277,False
15278,False
15279,False
15280,False
15281,False
15282,False
15283,False
15284,False
15285,False
15286,False
15287,False
15288,False
15289,False
15290,False
15291,False
15292,False
15293,False
15294,False
15295,False
15296,False
15297,False
15298,False
15299,False
15300,False
15301,False
15302,False
15303,False
15304,True
15305,False
15306,False
15307,False
15308,False
15309,False
15310,False
15311,False
15312,False
15313,False
15314,False
15315,False
15316,False
15317,False
15318,False
15319,False
15320,False
15321,False
15322,False
15323,False
15324,False
15325,False
15326,False
15327,False
15328,False
15329,False
15330,False
15331,False
15332,False
15333,False
15334,False
15335,False
15336,False
15337,False
15338,False
15339,False
15340,False
15341,False
15342,False
15343,False
15344,False
15345,False
15346,False
15347,False
15348,False
15349,False
15350,False
15351,False
15352,False
15353,False
15354,False
15355,False
15356,False
15357,False
15358,False
15359,False
15360,False
15361,False
15362,False
15363,False
15364,False
15365,False
15366,False
15367,False
15368,False
15369,False
15370,False
15371,False
15372,False
15373,False
15374,False
15375,False
15376,False
15377,False
15378,False
15379,False
15380,False
15381,False
15382,False
15383,False
15384,True
15385,False
15386,False
15387,False
15388,False
15389,False
15390,False
15391,False
15392,False
15393,False
15394,False
15395,False
15396,False
15397,False
15398,False
15399,False
15400,False
15401,False
15402,False
15403,False
15404,False
15405,False
15406,False
15407,False
15408,False
15409,False
15410,False
15411,False
15412,False
15413,False
15414,False
15415,False
15416,False
15417,False
15418,False
15419,False
15420,False
15421,False
15422,True
15423,False
15424,False
15425,False
15426,False
15427,True
15428,False
15429,False
15430,False
15431,False
15432,False
15433,False
15434,False
15435,False
15436,False
15437,False
15438,False
15439,False
15440,False
15441,True
15442,False
15443,False
15444,False
15445,False
15446,False
15447,False
15448,False
15449,False
15450,False
15451,False
15452,False
15453,False
15454,False
15455,False
15456,False
15457,False
15458,False
15459,False
15460,False
15461,False
15462,False
15463,True
15464,False
15465,False
15466,False
15467,True
15468,False
15469,False
15470,False
15471,False
15472,False
15473,False
15474,False
15475,False
15476,False
15477,True
15478,False
15479,False
15480,False
15481,False
15482,False
15483,False
15484,False
15485,False
15486,False
15487,False
15488,False
15489,False
15490,False
15491,False
15492,False
15493,False
15494,False
15495,False
15496,False
15497,False
15498,False
15499,True
15500,False
15501,False
15502,False
15503,False
15504,False
15505,False
15506,False
15507,False
15508,False
15509,False
15510,False
15511,False
15512,False
15513,False
15514,False
15515,False
15516,False
15517,False
15518,False
15519,False
15520,False
15521,False
15522,False
15523,True
15524,False
15525,False
15526,False
15527,False
15528,False
15529,False
15530,False
15531,False
15532,False
15533,False
15534,False
15535,False
15536,False
15537,False
15538,False
15539,True
15540,False
15541,False
15542,False
15543,False
15544,True
15545,False
15546,False
15547,False
15548,False
15549,False
15550,False
15551,False
15552,False
15553,False
15554,False
15555,False
15556,False
15557,False
15558,False
15559,False
15560,False
15561,False
15562,False
15563,False
15564,False
15565,False
15566,False
15567,False
15568,False
15569,False
15570,False
15571,False
15572,False
15573,False
15574,False
15575,False
15576,False
15577,False
15578,False
15579,False
15580,False
15581,False
15582,True
15583,False
15584,False
15585,False
15586,False
15587,False
15588,False
15589,False
15590,False
15591,False
15592,False
15593,False
15594,False
15595,False
15596,False
15597,False
15598,False
15599,False
15600,False
15601,False
15602,False
15603,False
15604,False
15605,False
15606,False
15607,False
15608,False
15609,False
15610,False
15611,False
15612,True
15613,False
15614,False
15615,False
15616,False
15617,False
15618,False
15619,False
15620,False
15621,False
15622,False
15623,False
15624,False
15625,False
15626,False
15627,False
15628,False
15629,False
15630,False
15631,False
15632,False
15633,False
15634,False
15635,False
15636,False
15637,False
15638,False
15639,False
15640,False
15641,False
15642,False
15643,False
15644,False
15645,False
15646,False
15647,False
15648,False
15649,False
15650,False
15651,False
15652,False
15653,False
15654,False
15655,False
15656,False
15657,False
15658,False
15659,True
15660,False
15661,False
15662,False
15663,False
15664,False
15665,False
15666,False
15667,False
15668,False
15669,False
15670,False
15671,False
15672,False
15673,False
15674,False
15675,False
15676,False
15677,False
15678,False
15679,False
15680,False
15681,False
15682,False
15683,False
15684,False
15685,False
15686,False
15687,False
15688,False
15689,False
15690,False
15691,False
15692,True
15693,False
15694,False
15695,False
15696,False
15697,False
15698,False
15699,False
15700,False
15701,False
15702,False
15703,False
15704,False
15705,False
15706,False
15707,False
15708,False
15709,False
15710,False
15711,False
15712,False
15713,False
15714,False
15715,False
15716,False
15717,True
15718,False
15719,False
15720,False
15721,False
15722,False
15723,False
15724,False
15725,False
15726,False
15727,False
15728,False
15729,False
15730,False
15731,False
15732,False
15733,False
15734,False
15735,False
15736,False
15737,False
15738,False
15739,False
15740,False
15741,False
15742,False
15743,False
15744,False
15745,False
15746,False
15747,False
15748,True
15749,False
15750,False
15751,False
15752,False
15753,False
15754,False
15755,False
15756,False
15757,False
15758,True
15759,False
15760,False
15761,False
15762,False
15763,False
15764,False
15765,False
15766,False
15767,False
15768,True
15769,False
15770,False
15771,False
15772,False
15773,False
15774,False
15775,False
15776,False
15777,False
15778,False
15779,False
15780,False
15781,False
15782,False
15783,False
15784,False
15785,False
15786,False
15787,False
15788,False
15789,False
15790,False
15791,False
15792,False
15793,False
15794,False
15795,False
15796,False
15797,False
15798,False
15799,False
15800,False
15801,False
15802,False
15803,False
15804,False
15805,False
15806,True
15807,False
15808,False
15809,False
15810,False
15811,False
15812,True
15813,False
15814,False
15815,False
15816,False
15817,False
15818,False
15819,False
15820,False
15821,False
15822,False
15823,False
15824,False
15825,False
15826,False
15827,False
15828,False
15829,False
15830,False
15831,False
15832,False
15833,False
15834,False
15835,False
15836,False
15837,False
15838,False
15839,False
15840,False
15841,False
15842,False
15843,False
15844,False
15845,False
15846,False
15847,False
15848,False
15849,False
15850,False
15851,False
15852,False
15853,False
15854,False
15855,False
15856,False
15857,False
15858,False
15859,False
15860,False
15861,False
15862,False
15863,False
15864,False
15865,False
15866,False
15867,False
15868,False
15869,False
15870,False
15871,False
15872,False
15873,False
15874,False
15875,False
15876,False
15877,False
15878,False
15879,False
15880,False
15881,False
15882,False
15883,False
15884,False
15885,False
15886,False
15887,True
15888,False
15889,False
15890,False
15891,False
15892,False
15893,False
15894,False
15895,False
15896,False
15897,False
15898,False
15899,False
15900,False
15901,False
15902,False
15903,False
15904,False
15905,False
15906,False
15907,False
15908,False
15909,False
15910,False
15911,False
15912,False
15913,False
15914,False
15915,False
15916,False
15917,False
15918,False
15919,False
15920,False
15921,False
15922,False
15923,False
15924,False
15925,False
15926,False
15927,False
15928,False
15929,False
15930,False
15931,False
15932,False
15933,False
15934,False
15935,False
15936,False
15937,False
15938,False
15939,False
15940,False
15941,False
15942,False
15943,True
15944,False
15945,False
15946,False
15947,False
15948,False
15949,False
15950,False
15951,False
15952,False
15953,False
15954,True
15955,False
15956,False
15957,False
15958,False
15959,False
15960,False
15961,False
15962,False
15963,False
15964,False
15965,False
15966,False
15967,False
15968,False
15969,False
15970,False
15971,False
15972,False
15973,False
15974,False
15975,False
15976,False
15977,False
15978,False
15979,True
15980,False
15981,False
15982,False
15983,False
15984,False
15985,False
15986,False
15987,False
15988,False
15989,False
15990,False
15991,False
15992,False
15993,False
15994,False
15995,False
15996,False
15997,False
15998,False
15999,False
16000,False
16001,False
16002,False
16003,False
16004,False
16005,False
16006,False
16007,False
16008,False
16009,False
16010,False
16011,False
16012,False
16013,False
16014,False
16015,False
16016,False
16017,False
16018,False
16019,False
16020,False
16021,False
16022,False
16023,False
16024,False
16025,False
16026,False
16027,False
16028,False
16029,False
16030,False
16031,False
16032,False
16033,False
16034,False
16035,False
16036,False
16037,False
16038,False
16039,False
16040,False
16041,False
16042,False
16043,False
16044,False
16045,False
16046,False
16047,False
16048,False
16049,False
16050,False
16051,False
16052,False
16053,False
16054,False
16055,False
16056,False
16057,False
16058,True
16059,False
16060,False
16061,False
16062,False
16063,False
16064,False
16065,False
16066,False
16067,False
16068,False
16069,False
16070,False
16071,False
16072,False
16073,False
16074,False
16075,False
16076,False
16077,False
16078,False
16079,False
16080,False
16081,False
16082,False
16083,False
16084,False
16085,False
16086,True
16087,False
16088,False
16089,False
16090,False
16091,False
16092,False
16093,False
16094,False
16095,False
16096,False
16097,False
16098,False
16099,False
16100,False
16101,False
16102,False
16103,False
16104,False
16105,False
16106,False
16107,False
16108,False
16109,False
16110,False
16111,False
16112,False
16113,False
16114,False
16115,False
16116,False
16117,False
16118,False
16119,False
16120,False
16121,False
16122,False
16123,False
16124,False
16125,False
16126,False
16127,False
16128,False
16129,False
16130,False
16131,False
16132,False
16133,False
16134,False
16135,False
16136,False
16137,False
16138,False
16139,False
16140,True
16141,False
16142,False
16143,False
16144,False
16145,False
16146,False
16147,False
16148,False
16149,False
16150,False
16151,False
16152,False
16153,False
16154,False
16155,False
16156,False
16157,False
16158,False
16159,False
16160,False
16161,False
16162,False
16163,False
16164,False
16165,False
16166,False
16167,False
16168,False
16169,False
16170,False
16171,False
16172,False
16173,False
16174,True
16175,False
16176,True
16177,False
16178,False
16179,False
16180,False
16181,False
16182,False
16183,True
16184,False
16185,False
16186,False
16187,False
16188,False
16189,False
16190,False
16191,False
16192,False
16193,False
16194,False
16195,False
16196,False
16197,False
16198,False
16199,False
16200,False
16201,False
16202,False
16203,False
16204,False
16205,False
16206,False
16207,False
16208,False
16209,False
16210,False
16211,False
16212,False
16213,False
16214,False
16215,False
16216,True
16217,False
16218,False
16219,False
16220,False
16221,False
16222,False
16223,False
16224,False
16225,False
16226,False
16227,False
16228,False
16229,False
16230,False
16231,False
16232,False
16233,False
16234,False
16235,False
16236,False
16237,False
16238,True
16239,False
16240,False
16241,False
16242,False
16243,False
16244,False
16245,False
16246,True
16247,False
16248,False
16249,False
16250,False
16251,False
16252,False
16253,False
16254,False
16255,False
16256,True
16257,False
16258,False
16259,False
16260,False
16261,False
16262,False
16263,False
16264,False
16265,False
16266,False
16267,False
16268,False
16269,False
16270,False
16271,False
16272,False
16273,False
16274,False
16275,False
16276,False
16277,False
16278,False
16279,False
16280,False
16281,False
16282,False
16283,False
16284,False
16285,False
16286,False
16287,False
16288,False
16289,False
16290,False
16291,False
16292,False
16293,False
16294,False
16295,False
16296,False
16297,False
16298,False
16299,False
16300,False
16301,False
16302,False
16303,True
16304,False
16305,False
16306,False
16307,False
16308,False
16309,False
16310,False
16311,False
16312,False
16313,False
16314,False
16315,False
16316,False
16317,False
16318,False
16319,False
16320,False
16321,False
16322,False
16323,False
16324,False
16325,False
16326,False
16327,False
16328,False
16329,False
16330,False
16331,False
16332,False
16333,False
16334,False
16335,False
16336,False
16337,False
16338,False
16339,False
16340,False
16341,False
16342,False
16343,False
16344,False
16345,False
16346,False
16347,False
16348,False
16349,False
16350,False
16351,False
16352,False
16353,False
16354,False
16355,False
16356,False
16357,False
16358,False
16359,False
16360,False
16361,False
16362,False
16363,False
16364,False
16365,False
16366,False
16367,False
16368,False
16369,False
16370,False
16371,False
16372,False
16373,False
16374,False
16375,False
16376,False
16377,False
16378,False
16379,True
16380,False
16381,False
16382,False
16383,False
16384,False
16385,False
16386,False
16387,False
16388,False
16389,False
16390,False
16391,False
16392,False
16393,False
16394,False
16395,False
16396,False
16397,True
16398,False
16399,False
16400,False
16401,False
16402,False
16403,False
16404,False
16405,False
16406,False
16407,True
16408,False
16409,True
16410,False
16411,False
16412,False
16413,False
16414,True
16415,False
16416,False
16417,False
16418,False
16419,False
16420,False
16421,False
16422,False
16423,False
16424,False
16425,False
16426,False
16427,False
16428,False
16429,False
16430,False
16431,False
16432,False
16433,False
16434,False
16435,False
16436,True
16437,False
16438,True
16439,False
16440,False
16441,False
16442,False
16443,False
16444,False
16445,False
16446,False
16447,False
16448,False
16449,False
16450,False
16451,False
16452,False
16453,False
16454,False
16455,False
16456,False
16457,False
16458,False
16459,False
16460,False
16461,False
16462,False
16463,False
16464,False
16465,False
16466,False
16467,False
16468,False
16469,False
16470,False
16471,False
16472,False
16473,False
16474,False
16475,False
16476,False
16477,False
16478,False
16479,False
16480,False
16481,False
16482,False
16483,False
16484,False
16485,False
16486,False
16487,False
16488,True
16489,False
16490,False
16491,False
16492,False
16493,False
16494,False
16495,False
16496,False
16497,False
16498,False
16499,False
16500,False
16501,False
16502,False
16503,False
16504,False
16505,False
16506,False
16507,False
16508,False
16509,False
16510,False
16511,False
16512,False
16513,False
16514,False
16515,True
16516,False
16517,False
16518,False
16519,False
16520,False
16521,False
16522,False
16523,False
16524,False
16525,False
16526,False
16527,False
16528,False
16529,True
16530,False
16531,False
16532,False
16533,False
16534,False
16535,False
16536,False
16537,False
16538,False
16539,False
16540,False
16541,False
16542,False
16543,False
16544,False
16545,False
16546,False
16547,False
16548,False
16549,False
16550,False
16551,False
16552,False
16553,False
16554,False
16555,False
16556,False
16557,True
16558,False
16559,False
16560,False
16561,False
16562,False
16563,False
16564,False
16565,False
16566,False
16567,False
16568,False
16569,False
16570,False
16571,False
16572,False
16573,False
16574,False
16575,False
16576,False
16577,False
16578,False
16579,False
16580,False
16581,False
16582,False
16583,False
16584,False
16585,False
16586,False
16587,False
16588,False
16589,False
16590,False
16591,False
16592,False
16593,False
16594,False
16595,False
16596,False
16597,False
16598,False
16599,False
16600,False
16601,False
16602,False
16603,False
16604,False
16605,False
16606,False
16607,False
16608,False
16609,False
16610,False
16611,False
16612,False
16613,False
16614,False
16615,False
16616,False
16617,False
16618,False
16619,False
16620,False
16621,False
16622,False
16623,False
16624,False
16625,False
16626,False
16627,False
16628,False
16629,False
16630,False
16631,False
16632,False
16633,False
16634,False
16635,False
16636,False
16637,False
16638,False
16639,False
16640,False
16641,False
16642,False
16643,False
16644,False
16645,False
16646,False
16647,False
16648,False
16649,False
16650,False
16651,False
16652,False
16653,False
16654,False
16655,False
16656,False
16657,False
16658,False
16659,False
16660,False
16661,False
16662,False
16663,False
16664,False
16665,False
16666,False
16667,False
16668,False
16669,False
16670,False
16671,False
16672,False
16673,False
16674,False
16675,False
16676,False
16677,False
16678,False
16679,False
16680,False
16681,False
16682,False
16683,False
16684,False
16685,False
16686,False
16687,False
16688,False
16689,False
16690,False
16691,False
16692,False
16693,False
16694,False
16695,False
16696,False
16697,False
16698,False
16699,False
16700,False
16701,False
16702,False
16703,False
16704,False
16705,False
16706,False
16707,False
16708,False
16709,False
16710,False
16711,False
16712,False
16713,False
16714,False
16715,False
16716,False
16717,False
16718,False
16719,False
16720,False
16721,False
16722,False
16723,False
16724,False
16725,False
16726,False
16727,False
16728,False
16729,False
16730,False
16731,False
16732,True
16733,False
16734,False
16735,False
16736,False
16737,False
16738,False
16739,False
16740,False
16741,False
16742,False
16743,False
16744,False
16745,False
16746,False
16747,False
16748,False
16749,False
16750,False
16751,False
16752,False
16753,False
16754,False
16755,False
16756,False
16757,False
16758,False
16759,False
16760,False
16761,False
16762,False
16763,False
16764,False
16765,False
16766,False
16767,True
16768,False
16769,False
16770,False
16771,False
16772,False
16773,False
16774,False
16775,False
16776,False
16777,False
16778,False
16779,True
16780,False
16781,False
16782,False
16783,False
16784,False
16785,False
16786,False
16787,False
16788,False
16789,False
16790,False
16791,False
16792,False
16793,False
16794,False
16795,False
16796,True
16797,False
16798,False
16799,False
16800,False
16801,False
16802,False
16803,False
16804,False
16805,False
16806,False
16807,False
16808,False
16809,False
16810,False
16811,False
16812,False
16813,False
16814,False
16815,True
16816,False
16817,False
16818,False
16819,False
16820,False
16821,False
16822,False
16823,False
16824,False
16825,True
16826,False
16827,False
16828,False
16829,False
16830,False
16831,False
16832,False
16833,False
16834,False
16835,False
16836,False
16837,False
16838,False
16839,False
16840,False
16841,False
16842,False
16843,False
16844,False
16845,False
16846,False
16847,False
16848,False
16849,False
16850,False
16851,False
16852,False
16853,False
16854,True
16855,False
16856,False
16857,False
16858,False
16859,False
16860,False
16861,False
16862,False
16863,False
16864,False
16865,False
16866,False
16867,False
16868,True
16869,False
16870,False
16871,False
16872,False
16873,False
16874,False
16875,False
16876,False
16877,False
16878,False
16879,False
16880,False
16881,False
16882,False
16883,False
16884,False
16885,False
16886,False
16887,False
16888,False
16889,False
16890,False
16891,False
16892,False
16893,False
16894,False
16895,False
16896,False
16897,False
16898,False
16899,False
16900,False
16901,False
16902,False
16903,False
16904,False
16905,True
16906,False
16907,False
16908,False
16909,False
16910,False
16911,False
16912,False
16913,False
16914,False
16915,False
16916,False
16917,False
16918,False
16919,False
16920,False
16921,False
16922,False
16923,False
16924,False
16925,False
16926,False
16927,False
16928,False
16929,False
16930,True
16931,False
16932,False
16933,False
16934,False
16935,False
16936,False
16937,False
16938,False
16939,False
16940,False
16941,False
16942,False
16943,False
16944,False
16945,False
16946,False
16947,False
16948,False
16949,False
16950,False
16951,False
16952,False
16953,False
16954,False
16955,False
16956,False
16957,False
16958,False
16959,True
16960,False
16961,False
16962,False
16963,False
16964,False
16965,False
16966,False
16967,False
16968,False
16969,False
16970,False
16971,False
16972,False
16973,False
16974,False
16975,False
16976,False
16977,False
16978,False
16979,False
16980,False
16981,False
16982,False
16983,False
16984,False
16985,False
16986,False
16987,False
16988,False
16989,False
16990,False
16991,False
16992,False
16993,False
16994,False
16995,False
16996,False
16997,False
16998,False
16999,False
17000,False
17001,False
17002,False
17003,False
17004,False
17005,False
17006,False
17007,False
17008,False
17009,False
17010,False
17011,False
17012,False
17013,False
17014,False
17015,False
17016,False
17017,False
17018,False
17019,True
17020,False
17021,False
17022,False
17023,False
17024,False
17025,False
17026,False
17027,False
17028,False
17029,False
17030,False
17031,False
17032,False
17033,False
17034,False
17035,False
17036,False
17037,False
17038,False
17039,False
17040,False
17041,False
17042,False
17043,False
17044,False
17045,False
17046,False
17047,False
17048,False
17049,False
17050,False
17051,False
17052,False
17053,False
17054,False
17055,False
17056,False
17057,False
17058,False
17059,False
17060,False
17061,False
17062,False
17063,False
17064,False
17065,False
17066,False
17067,False
17068,False
17069,False
17070,False
17071,False
17072,False
17073,False
17074,False
17075,False
17076,False
17077,False
17078,False
17079,False
17080,False
17081,False
17082,True
17083,False
17084,False
17085,False
17086,False
17087,False
17088,False
17089,False
17090,False
17091,False
17092,False
17093,False
17094,False
17095,False
17096,False
17097,False
17098,False
17099,False
17100,False
17101,False
17102,False
17103,False
17104,False
17105,False
17106,False
17107,False
17108,False
17109,False
17110,False
17111,False
17112,False
17113,False
17114,False
17115,False
17116,False
17117,False
17118,False
17119,False
17120,False
17121,False
17122,False
17123,False
17124,False
17125,False
17126,False
17127,False
17128,False
17129,False
17130,False
17131,False
17132,False
17133,False
17134,False
17135,False
17136,False
17137,False
17138,False
17139,False
17140,False
17141,False
17142,False
17143,False
17144,False
17145,False
17146,False
17147,False
17148,False
17149,False
17150,False
17151,False
17152,False
17153,False
17154,False
17155,False
17156,False
17157,False
17158,False
17159,False
17160,True
17161,False
17162,False
17163,False
17164,False
17165,False
17166,False
17167,False
17168,False
17169,False
17170,False
17171,False
17172,False
17173,False
17174,False
17175,False
17176,False
17177,False
17178,False
17179,False
17180,False
17181,False
17182,False
17183,False
17184,False
17185,False
17186,False
17187,False
17188,False
17189,False
17190,True
17191,False
17192,False
17193,False
17194,False
17195,False
17196,False
17197,False
17198,False
17199,False
17200,False
17201,False
17202,False
17203,False
17204,False
17205,False
17206,True
17207,False
17208,True
17209,False
17210,False
17211,False
17212,True
17213,False
17214,False
17215,False
17216,False
17217,False
17218,False
17219,False
17220,False
17221,False
17222,False
17223,False
17224,False
17225,False
17226,False
17227,True
17228,False
17229,False
17230,False
17231,False
17232,False
17233,False
17234,False
17235,False
17236,False
17237,False
17238,False
17239,False
17240,False
17241,False
17242,False
17243,False
17244,False
17245,False
17246,False
17247,False
17248,False
17249,False
17250,False
17251,False
17252,False
17253,False
17254,False
17255,False
17256,False
17257,False
17258,False
17259,True
17260,False
17261,False
17262,False
17263,False
17264,False
17265,False
17266,False
17267,False
17268,False
17269,False
17270,False
17271,False
17272,False
17273,False
17274,False
17275,False
17276,True
17277,False
17278,False
17279,False
17280,False
17281,False
17282,False
17283,False
17284,False
17285,False
17286,False
17287,False
17288,False
17289,False
17290,False
17291,False
17292,False
17293,False
17294,False
17295,False
17296,False
17297,False
17298,False
17299,False
17300,False
17301,False
17302,False
17303,False
17304,False
17305,False
17306,False
17307,False
17308,True
17309,False
17310,False
17311,False
17312,False
17313,False
17314,False
17315,False
17316,False
17317,False
17318,False
17319,False
17320,False
17321,False
17322,False
17323,False
17324,False
17325,False
17326,False
17327,False
17328,False
17329,False
17330,False
17331,False
17332,False
17333,False
17334,True
17335,False
17336,False
17337,False
17338,False
17339,False
17340,False
17341,False
17342,False
17343,False
17344,False
17345,False
17346,False
17347,False
17348,False
17349,False
17350,False
17351,False
17352,False
17353,False
17354,False
17355,False
17356,False
17357,False
17358,False
17359,False
17360,False
17361,False
17362,True
17363,False
17364,False
17365,False
17366,False
17367,False
17368,False
17369,False
17370,False
17371,False
17372,False
17373,False
17374,False
17375,True
17376,False
17377,False
17378,False
17379,False
17380,False
17381,False
17382,False
17383,False
17384,False
17385,False
17386,False
17387,False
17388,False
17389,False
17390,False
17391,False
17392,False
17393,False
17394,True
17395,False
17396,False
17397,False
17398,False
17399,False
17400,False
17401,False
17402,False
17403,False
17404,False
17405,False
17406,False
17407,False
17408,False
17409,False
17410,False
17411,False
17412,False
17413,False
17414,False
17415,True
17416,False
17417,False
17418,False
17419,False
17420,False
17421,False
17422,False
17423,False
17424,False
17425,False
17426,False
17427,False
17428,False
17429,False
17430,False
17431,False
17432,False
17433,False
17434,False
17435,False
17436,False
17437,False
17438,False
17439,False
17440,False
17441,False
17442,False
17443,False
17444,False
17445,False
17446,False
17447,False
17448,False
17449,False
17450,False
17451,False
17452,False
17453,False
17454,False
17455,False
17456,False
17457,False
17458,False
17459,False
17460,True
17461,False
17462,False
17463,False
17464,False
17465,False
17466,False
17467,False
17468,False
17469,False
17470,False
17471,False
17472,False
17473,False
17474,False
17475,False
17476,False
17477,False
17478,False
17479,False
17480,False
17481,False
17482,False
17483,False
17484,False
17485,False
17486,False
17487,True
17488,False
17489,False
17490,False
17491,False
17492,False
17493,False
17494,False
17495,False
17496,False
17497,False
17498,False
17499,False
17500,False
17501,False
17502,False
17503,False
17504,False
17505,False
17506,False
17507,False
17508,False
17509,False
17510,False
17511,False
17512,False
17513,False
17514,False
17515,False
17516,False
17517,False
17518,False
17519,False
17520,False
17521,False
17522,True
17523,False
17524,False
17525,False
17526,True
17527,False
17528,False
17529,True
17530,False
17531,False
17532,False
17533,False
17534,False
17535,True
17536,False
17537,False
17538,False
17539,False
17540,False
17541,False
17542,False
17543,False
17544,False
17545,False
17546,False
17547,False
17548,False
17549,False
17550,False
17551,False
17552,False
17553,False
17554,False
17555,False
17556,False
17557,False
17558,False
17559,False
17560,False
17561,False
17562,False
17563,False
17564,False
17565,False
17566,False
17567,False
17568,False
17569,False
17570,False
17571,False
17572,False
17573,False
17574,False
17575,False
17576,False
17577,True
17578,False
17579,False
17580,False
17581,True
17582,False
17583,False
17584,False
17585,False
17586,False
17587,False
17588,False
17589,False
17590,False
17591,False
17592,False
17593,False
17594,False
17595,False
17596,False
17597,False
17598,False
17599,False
17600,False
17601,False
17602,False
17603,False
17604,False
17605,False
17606,False
17607,True
17608,False
17609,False
17610,False
17611,False
17612,False
17613,False
17614,False
17615,False
17616,False
17617,False
17618,False
17619,False
17620,False
17621,False
17622,False
17623,False
17624,False
17625,False
17626,False
17627,False
17628,False
17629,False
17630,False
17631,False
17632,False
17633,False
17634,False
17635,False
17636,False
17637,False
17638,False
17639,False
17640,False
17641,False
17642,False
17643,False
17644,False
17645,False
17646,False
17647,False
17648,False
17649,False
17650,False
17651,False
17652,False
17653,False
17654,False
17655,False
17656,False
17657,False
17658,False
17659,False
17660,False
17661,False
17662,False
17663,False
17664,False
17665,False
17666,False
17667,False
17668,False
17669,False
17670,False
17671,False
17672,False
17673,False
17674,False
17675,False
17676,False
17677,False
17678,False
17679,False
17680,False
17681,False
17682,False
17683,False
17684,False
17685,False
17686,False
17687,False
17688,False
17689,False
17690,False
17691,False
17692,False
17693,True
17694,False
17695,False
17696,False
17697,False
17698,False
17699,False
17700,False
17701,False
17702,False
17703,False
17704,False
17705,False
17706,False
17707,False
17708,False
17709,False
17710,False
17711,False
17712,False
17713,False
17714,False
17715,False
17716,False
17717,False
17718,False
17719,False
17720,True
17721,False
17722,False
17723,True
17724,False
17725,False
17726,False
17727,False
17728,False
17729,False
17730,False
17731,False
17732,False
17733,False
17734,False
17735,True
17736,False
17737,False
17738,False
17739,False
17740,False
17741,False
17742,False
17743,True
17744,False
17745,False
17746,False
17747,False
17748,False
17749,True
17750,False
17751,False
17752,False
17753,False
17754,False
17755,False
17756,False
17757,False
17758,False
17759,False
17760,False
17761,False
17762,False
17763,False
17764,False
17765,False
17766,False
17767,False
17768,False
17769,False
17770,False
17771,False
17772,False
17773,False
17774,False
17775,False
17776,False
17777,False
17778,False
17779,False
17780,False
17781,False
17782,False
17783,False
17784,True
17785,False
17786,False
17787,False
17788,False
17789,False
17790,False
17791,False
17792,False
17793,False
17794,False
17795,False
17796,False
17797,False
17798,False
17799,False
17800,False
17801,False
17802,False
17803,False
17804,False
17805,False
17806,False
17807,False
17808,False
17809,False
17810,False
17811,False
17812,False
17813,False
17814,False
17815,False
17816,False
17817,False
17818,False
17819,False
17820,False
17821,False
17822,False
17823,False
17824,False
17825,False
17826,False
17827,False
17828,False
17829,False
17830,False
17831,False
17832,False
17833,False
17834,False
17835,False
17836,False
17837,False
17838,False
17839,False
17840,True
17841,False
17842,False
17843,False
17844,False
17845,False
17846,False
17847,False
17848,False
17849,False
17850,False
17851,True
17852,False
17853,False
17854,False
17855,True
17856,False
17857,False
17858,False
17859,False
17860,False
17861,False
17862,False
17863,False
17864,False
17865,False
17866,False
17867,False
17868,False
17869,False
17870,False
17871,False
17872,False
17873,False
17874,False
17875,False
17876,False
17877,False
17878,False
17879,False
17880,False
17881,False
17882,False
17883,False
17884,False
17885,False
17886,False
17887,False
17888,False
17889,False
17890,False
17891,False
17892,False
17893,False
17894,False
17895,False
17896,False
17897,False
17898,False
17899,False
17900,False
17901,True
17902,False
17903,True
17904,False
17905,False
17906,False
17907,False
17908,False
17909,False
17910,False
17911,False
17912,False
17913,True
17914,False
17915,False
17916,False
17917,False
17918,False
17919,False
17920,False
17921,False
17922,False
17923,False
17924,False
17925,False
17926,False
17927,False
17928,False
17929,False
17930,False
17931,False
17932,False
17933,False
17934,False
17935,False
17936,False
17937,False
17938,False
17939,False
17940,False
17941,False
17942,False
17943,False
17944,False
17945,True
17946,False
17947,False
17948,False
17949,False
17950,False
17951,False
17952,False
17953,False
17954,False
17955,False
17956,False
17957,False
17958,False
17959,False
17960,False
17961,False
17962,False
17963,False
17964,False
17965,False
17966,False
17967,False
17968,True
17969,False
17970,False
17971,False
17972,True
17973,False
17974,False
17975,False
17976,False
17977,False
17978,False
17979,False
17980,False
17981,False
17982,False
17983,False
17984,False
17985,False
17986,False
17987,False
17988,False
17989,False
17990,False
17991,False
17992,False
17993,False
17994,False
17995,False
17996,False
17997,False
17998,False
17999,False
18000,False
18001,False
18002,False
18003,False
18004,False
18005,True
18006,False
18007,False
18008,False
18009,False
18010,False
18011,False
18012,False
18013,False
18014,False
18015,False
18016,False
18017,False
18018,False
18019,False
18020,False
18021,False
18022,False
18023,False
18024,False
18025,False
18026,False
18027,False
18028,False
18029,False
18030,False
18031,False
18032,False
18033,False
18034,False
18035,True
18036,False
18037,False
18038,False
18039,False
18040,False
18041,False
18042,False
18043,False
18044,False
18045,False
18046,False
18047,False
18048,False
18049,False
18050,False
18051,False
18052,False
18053,False
18054,False
18055,False
18056,False
18057,False
18058,False
18059,False
18060,False
18061,False
18062,False
18063,False
18064,False
18065,False
18066,False
18067,False
18068,False
18069,False
18070,False
18071,False
18072,False
18073,False
18074,False
18075,False
18076,False
18077,False
18078,False
18079,False
18080,False
18081,False
18082,False
18083,False
18084,False
18085,False
18086,False
18087,False
18088,False
18089,False
18090,False
18091,False
18092,False
18093,False
18094,False
18095,False
18096,False
18097,False
18098,False
18099,False
18100,False
18101,False
18102,False
18103,False
18104,False
18105,False
18106,False
18107,False
18108,False
18109,False
18110,False
18111,False
18112,False
18113,False
18114,False
18115,False
18116,False
18117,False
18118,False
18119,False
18120,False
18121,False
18122,False
18123,False
18124,False
18125,False
18126,False
18127,False
18128,False
18129,False
18130,False
18131,False
18132,False
18133,False
18134,False
18135,False
18136,False
18137,False
18138,False
18139,False
18140,False
18141,False
18142,False
18143,False
18144,False
18145,False
18146,False
18147,False
18148,False
18149,False
18150,False
18151,False
18152,False
18153,False
18154,False
18155,False
18156,False
18157,False
18158,False
18159,False
18160,False
18161,False
18162,False
18163,False
18164,False
18165,False
18166,False
18167,True
18168,False
18169,False
18170,False
18171,False
18172,False
18173,False
18174,False
18175,False
18176,False
18177,True
18178,False
18179,False
18180,False
18181,False
18182,False
18183,False
18184,False
18185,False
18186,False
18187,False
18188,False
18189,False
18190,False
18191,False
18192,False
18193,False
18194,False
18195,False
18196,False
18197,False
18198,False
18199,False
18200,False
18201,False
18202,False
18203,False
18204,False
18205,False
18206,False
18207,False
18208,False
18209,False
18210,False
18211,False
18212,False
18213,False
18214,False
18215,False
18216,False
18217,False
18218,False
18219,False
18220,False
18221,False
18222,False
18223,False
18224,False
18225,False
18226,False
18227,False
18228,False
18229,False
18230,False
18231,False
18232,False
18233,False
18234,False
18235,False
18236,False
18237,False
18238,False
18239,False
18240,False
18241,True
18242,False
18243,False
18244,False
18245,False
18246,False
18247,False
18248,False
18249,False
18250,True
18251,False
18252,False
18253,False
18254,False
18255,False
18256,False
18257,True
18258,False
18259,False
18260,False
18261,False
18262,False
18263,False
18264,False
18265,False
18266,False
18267,False
18268,False
18269,False
18270,False
18271,False
18272,False
18273,False
18274,False
18275,False
18276,False
18277,False
18278,False
18279,False
18280,True
18281,False
18282,False
18283,False
18284,False
18285,False
18286,False
18287,False
18288,False
18289,False
18290,False
18291,False
18292,False
18293,False
18294,False
18295,False
18296,False
18297,False
18298,False
18299,False
18300,False
18301,False
18302,False
18303,False
18304,False
18305,False
18306,False
18307,False
18308,False
18309,False
18310,False
18311,False
18312,False
18313,False
18314,False
18315,False
18316,False
18317,False
18318,False
18319,False
18320,False
18321,False
18322,False
18323,False
18324,False
18325,False
18326,False
18327,False
18328,False
18329,False
18330,True
18331,False
18332,False
18333,False
18334,False
18335,False
18336,False
18337,False
18338,False
18339,False
18340,False
18341,False
18342,False
18343,False
18344,False
18345,False
18346,False
18347,False
18348,False
18349,False
18350,False
18351,False
18352,True
18353,False
18354,False
18355,False
18356,False
18357,False
18358,True
18359,True
18360,False
18361,False
18362,False
18363,False
18364,False
18365,False
18366,False
18367,False
18368,False
18369,False
18370,False
18371,False
18372,False
18373,False
18374,False
18375,False
18376,False
18377,False
18378,False
18379,False
18380,False
18381,False
18382,False
18383,False
18384,False
18385,False
18386,False
18387,False
18388,False
18389,False
18390,False
18391,False
18392,False
18393,False
18394,False
18395,False
18396,False
18397,False
18398,False
18399,True
18400,False
18401,False
18402,True
18403,False
18404,False
18405,True
18406,False
18407,False
18408,False
18409,False
18410,False
18411,False
18412,False
18413,False
18414,False
18415,True
18416,False
18417,False
18418,False
18419,False
18420,False
18421,False
18422,False
18423,False
18424,False
18425,False
18426,False
18427,False
18428,False
18429,False
18430,False
18431,False
18432,False
18433,False
18434,False
18435,False
18436,False
18437,False
18438,False
18439,False
18440,False
18441,False
18442,False
18443,False
18444,False
18445,False
18446,False
18447,False
18448,True
18449,False
18450,False
18451,False
18452,False
18453,False
18454,False
18455,False
18456,False
18457,False
18458,False
18459,False
18460,False
18461,False
18462,False
18463,False
18464,False
18465,False
18466,False
18467,False
18468,False
18469,False
18470,False
18471,False
18472,False
18473,False
18474,False
18475,False
18476,False
18477,True
18478,False
18479,False
18480,False
18481,False
18482,False
18483,False
18484,False
18485,False
18486,True
18487,False
18488,False
18489,False
18490,False
18491,False
18492,False
18493,False
18494,False
18495,False
18496,False
18497,False
18498,False
18499,False
18500,False
18501,False
18502,False
18503,False
18504,False
18505,False
18506,False
18507,False
18508,False
18509,False
18510,False
18511,False
18512,False
18513,False
18514,False
18515,False
18516,False
18517,False
18518,False
18519,False
18520,False
18521,False
18522,False
18523,False
18524,False
18525,False
18526,False
18527,False
18528,False
18529,False
18530,False
18531,False
18532,False
18533,False
18534,False
18535,False
18536,False
18537,False
18538,False
18539,False
18540,False
18541,False
18542,False
18543,False
18544,False
18545,False
18546,False
18547,False
18548,False
18549,False
18550,False
18551,False
18552,False
18553,False
18554,False
18555,False
18556,False
18557,False
18558,False
18559,False
18560,False
18561,False
18562,False
18563,False
18564,False
18565,False
18566,False
18567,False
18568,False
18569,False
18570,False
18571,False
18572,False
18573,False
18574,False
18575,False
18576,True
18577,False
18578,True
18579,False
18580,False
18581,False
18582,False
18583,False
18584,False
18585,False
18586,False
18587,False
18588,False
18589,False
18590,False
18591,False
18592,False
18593,False
18594,False
18595,False
18596,False
18597,False
18598,False
18599,False
18600,False
18601,False
18602,False
18603,False
18604,False
18605,False
18606,False
18607,False
18608,False
18609,False
18610,False
18611,True
18612,False
18613,False
18614,False
18615,False
18616,False
18617,False
18618,True
18619,False
18620,False
18621,False
18622,False
18623,False
18624,False
18625,False
18626,False
18627,True
18628,False
18629,False
18630,False
18631,False
18632,False
18633,False
18634,False
18635,False
18636,False
18637,False
18638,False
18639,False
18640,True
18641,False
18642,False
18643,True
18644,False
18645,False
18646,False
18647,False
18648,False
18649,False
18650,False
18651,False
18652,False
18653,False
18654,False
18655,False
18656,False
18657,False
18658,False
18659,False
18660,False
18661,False
18662,False
18663,False
18664,False
18665,False
18666,False
18667,False
18668,False
18669,False
18670,False
18671,False
18672,False
18673,False
18674,False
18675,False
18676,False
18677,False
18678,False
18679,False
18680,False
18681,False
18682,False
18683,False
18684,False
18685,False
18686,False
18687,False
18688,False
18689,True
18690,False
18691,False
18692,False
18693,False
18694,False
18695,False
18696,False
18697,False
18698,False
18699,False
18700,False
18701,False
18702,False
18703,False
18704,False
18705,True
18706,False
18707,False
18708,False
18709,False
18710,False
18711,False
18712,False
18713,False
18714,False
18715,False
18716,False
18717,False
18718,False
18719,False
18720,False
18721,False
18722,False
18723,False
18724,False
18725,False
18726,False
18727,False
18728,False
18729,False
18730,False
18731,False
18732,False
18733,False
18734,False
18735,False
18736,False
18737,False
18738,False
18739,False
18740,False
18741,False
18742,False
18743,False
18744,True
18745,False
18746,False
18747,False
18748,False
18749,False
18750,False
18751,False
18752,False
18753,False
18754,False
18755,False
18756,False
18757,False
18758,False
18759,False
18760,False
18761,False
18762,False
18763,False
18764,False
18765,False
18766,False
18767,False
18768,False
18769,False
18770,True
18771,False
18772,False
18773,False
18774,False
18775,False
18776,False
18777,False
18778,False
18779,False
18780,False
18781,False
18782,False
18783,False
18784,False
18785,False
18786,False
18787,False
18788,False
18789,True
18790,False
18791,True
18792,False
18793,False
18794,False
18795,False
18796,False
18797,False
18798,False
18799,False
18800,False
18801,False
18802,False
18803,False
18804,False
18805,False
18806,False
18807,False
18808,True
18809,False
18810,False
18811,False
18812,False
18813,False
18814,False
18815,False
18816,False
18817,False
18818,False
18819,False
18820,False
18821,False
18822,False
18823,False
18824,False
18825,False
18826,False
18827,False
18828,False
18829,False
18830,False
18831,False
18832,False
18833,False
18834,False
18835,False
18836,True
18837,False
18838,False
18839,False
18840,False
18841,False
18842,False
18843,False
18844,False
18845,False
18846,False
18847,False
18848,False
18849,False
18850,False
18851,False
18852,False
18853,False
18854,False
18855,False
18856,False
18857,False
18858,False
18859,False
18860,False
18861,False
18862,False
18863,False
18864,False
18865,False
18866,False
18867,False
18868,False
18869,False
18870,False
18871,False
18872,False
18873,False
18874,False
18875,False
18876,False
18877,False
18878,False
18879,False
18880,False
18881,False
18882,False
18883,False
18884,False
18885,False
18886,False
18887,False
18888,False
18889,False
18890,False
18891,False
18892,False
18893,False
18894,False
18895,False
18896,False
18897,False
18898,False
18899,False
18900,False
18901,False
18902,False
18903,False
18904,False
18905,True
18906,False
18907,False
18908,False
18909,False
18910,False
18911,False
18912,False
18913,False
18914,False
18915,False
18916,False
18917,False
18918,False
18919,False
18920,False
18921,False
18922,False
18923,False
18924,False
18925,False
18926,False
18927,False
18928,False
18929,False
18930,False
18931,False
18932,False
18933,False
18934,False
18935,False
18936,False
18937,False
18938,False
18939,False
18940,False
18941,False
18942,False
18943,True
18944,False
18945,False
18946,False
18947,False
18948,False
18949,False
18950,False
18951,False
18952,False
18953,False
18954,False
18955,False
18956,False
18957,False
18958,False
18959,False
18960,False
18961,True
18962,False
18963,False
18964,False
18965,False
18966,False
18967,False
18968,False
18969,False
18970,False
18971,False
18972,False
18973,False
18974,False
18975,False
18976,False
18977,False
18978,False
18979,False
18980,False
18981,False
18982,False
18983,False
18984,False
18985,False
18986,False
18987,False
18988,False
18989,False
18990,False
18991,False
18992,False
18993,False
18994,False
18995,False
18996,False
18997,False
18998,False
18999,False
19000,False
19001,False
19002,False
19003,False
19004,False
19005,False
19006,False
19007,False
19008,False
19009,False
19010,False
19011,False
19012,False
19013,False
19014,False
19015,False
19016,False
19017,False
19018,False
19019,False
19020,False
19021,False
19022,False
19023,False
19024,False
19025,False
19026,False
19027,False
19028,False
19029,False
19030,False
19031,False
19032,False
19033,False
19034,False
19035,True
19036,False
19037,False
19038,False
19039,False
19040,False
19041,False
19042,False
19043,False
19044,False
19045,False
19046,False
19047,False
19048,False
19049,False
19050,False
19051,False
19052,False
19053,False
19054,False
19055,False
19056,False
19057,False
19058,False
19059,False
19060,False
19061,False
19062,False
19063,False
19064,False
19065,False
19066,False
19067,False
19068,False
19069,False
19070,False
19071,True
19072,False
19073,False
19074,False
19075,False
19076,False
19077,False
19078,False
19079,False
19080,False
19081,False
19082,False
19083,False
19084,False
19085,False
19086,False
19087,False
19088,False
19089,True
19090,False
19091,False
19092,False
19093,False
19094,False
19095,False
19096,False
19097,False
19098,False
19099,False
19100,False
19101,False
19102,False
19103,False
19104,False
19105,False
19106,False
19107,False
19108,False
19109,False
19110,False
19111,True
19112,False
19113,False
19114,False
19115,False
19116,False
19117,False
19118,False
19119,False
19120,False
19121,False
19122,False
19123,False
19124,False
19125,False
19126,False
19127,False
19128,False
19129,False
19130,False
19131,False
19132,False
19133,False
19134,False
19135,False
19136,False
19137,False
19138,False
19139,False
19140,False
19141,False
19142,False
19143,False
19144,False
19145,False
19146,False
19147,False
19148,False
19149,False
19150,False
19151,False
19152,False
19153,False
19154,False
19155,False
19156,False
19157,False
19158,False
19159,False
19160,False
19161,False
19162,False
19163,False
19164,False
19165,False
19166,False
19167,False
19168,False
19169,False
19170,False
19171,False
19172,False
19173,False
19174,False
19175,False
19176,False
19177,False
19178,False
19179,False
19180,False
19181,False
19182,False
19183,False
19184,False
19185,False
19186,False
19187,False
19188,False
19189,False
19190,False
19191,False
19192,False
19193,False
19194,False
19195,False
19196,False
19197,True
19198,False
19199,False
19200,False
19201,False
19202,False
19203,False
19204,False
19205,False
19206,False
19207,False
19208,False
19209,False
19210,False
19211,False
19212,False
19213,False
19214,False
19215,False
19216,True
19217,False
19218,False
19219,False
19220,False
19221,False
19222,False
19223,False
19224,False
19225,False
19226,False
19227,False
19228,False
19229,False
19230,False
19231,False
19232,False
19233,False
19234,False
19235,False
19236,False
19237,False
19238,False
19239,False
19240,False
19241,False
19242,False
19243,False
19244,False
19245,False
19246,False
19247,False
19248,False
19249,False
19250,False
19251,False
19252,False
19253,False
19254,False
19255,False
19256,False
19257,False
19258,False
19259,False
19260,False
19261,False
19262,False
19263,False
19264,False
19265,False
19266,False
19267,False
19268,False
19269,False
19270,False
19271,False
19272,False
19273,False
19274,False
19275,False
19276,False
19277,False
19278,False
19279,False
19280,False
19281,False
19282,False
19283,False
19284,False
19285,False
19286,False
19287,False
19288,False
19289,False
19290,False
19291,False
19292,False
19293,False
19294,False
19295,False
19296,False
19297,False
19298,False
19299,False
19300,False
19301,False
19302,False
19303,True
19304,False
19305,False
19306,False
19307,False
19308,False
19309,False
19310,False
19311,False
19312,False
19313,False
19314,False
19315,False
19316,False
19317,False
19318,False
19319,False
19320,False
19321,False
19322,False
19323,False
19324,False
19325,False
19326,False
19327,False
19328,False
19329,False
19330,False
19331,False
19332,False
19333,False
19334,False
19335,False
19336,False
19337,False
19338,False
19339,False
19340,False
19341,False
19342,False
19343,False
19344,False
19345,False
19346,False
19347,False
19348,False
19349,False
19350,False
19351,False
19352,False
19353,False
19354,False
19355,False
19356,False
19357,False
19358,False
19359,False
19360,False
19361,False
19362,False
19363,False
19364,False
19365,False
19366,False
19367,False
19368,False
19369,False
19370,False
19371,False
19372,False
19373,False
19374,False
19375,False
19376,False
19377,False
19378,False
19379,False
19380,False
19381,False
19382,False
19383,False
19384,False
19385,False
19386,False
19387,False
19388,False
19389,False
19390,False
19391,False
19392,False
19393,False
19394,False
19395,False
19396,False
19397,False
19398,False
19399,False
19400,False
19401,False
19402,False
19403,False
19404,False
19405,False
19406,False
19407,False
19408,True
19409,True
19410,False
19411,True
19412,False
19413,False
19414,False
19415,False
19416,False
19417,False
19418,False
19419,False
19420,False
19421,False
19422,False
19423,False
19424,False
19425,False
19426,False
19427,False
19428,False
19429,False
19430,False
19431,False
19432,False
19433,False
19434,False
19435,False
19436,False
19437,False
19438,False
19439,False
19440,False
19441,False
19442,False
19443,False
19444,False
19445,False
19446,False
19447,False
19448,False
19449,False
19450,False
19451,False
19452,False
19453,False
19454,False
19455,False
19456,False
19457,False
19458,False
19459,False
19460,False
19461,False
19462,False
19463,False
19464,False
19465,False
19466,False
19467,False
19468,False
19469,False
19470,False
19471,False
19472,False
19473,False
19474,False
19475,False
19476,False
19477,False
19478,False
19479,False
19480,False
19481,False
19482,False
19483,False
19484,False
19485,False
19486,False
19487,False
19488,False
19489,False
19490,False
19491,False
19492,False
19493,False
19494,False
19495,False
19496,False
19497,False
19498,False
19499,False
19500,False
19501,False
19502,False
19503,False
19504,False
19505,False
19506,False
19507,False
19508,False
19509,False
19510,False
19511,False
19512,False
19513,False
19514,False
19515,False
19516,False
19517,False
19518,False
19519,False
19520,False
19521,False
19522,False
19523,False
19524,True
19525,False
19526,False
19527,False
19528,False
19529,False
19530,False
19531,False
19532,True
19533,False
19534,False
19535,False
19536,False
19537,False
19538,False
19539,False
19540,False
19541,False
19542,False
19543,False
19544,False
19545,False
19546,False
19547,False
19548,False
19549,False
19550,False
19551,False
19552,False
19553,False
19554,False
19555,False
19556,False
19557,False
19558,False
19559,False
19560,False
19561,False
19562,True
19563,False
19564,False
19565,False
19566,False
19567,False
19568,False
19569,False
19570,False
19571,False
19572,False
19573,False
19574,False
19575,False
19576,False
19577,False
19578,False
19579,False
19580,False
19581,False
19582,False
19583,False
19584,False
19585,False
19586,False
19587,False
19588,False
19589,True
19590,True
19591,False
19592,False
19593,False
19594,False
19595,False
19596,False
19597,False
19598,False
19599,False
19600,False
19601,False
19602,False
19603,False
19604,False
19605,False
19606,False
19607,False
19608,False
19609,False
19610,False
19611,False
19612,False
19613,False
19614,False
19615,False
19616,False
19617,False
19618,False
19619,False
19620,False
19621,False
19622,False
19623,False
19624,False
19625,False
19626,False
19627,False
19628,False
19629,False
19630,False
19631,False
19632,False
19633,False
19634,False
19635,False
19636,False
19637,False
19638,False
19639,False
19640,False
19641,False
19642,False
19643,False
19644,False
19645,False
19646,False
19647,False
19648,False
19649,True
19650,False
19651,False
19652,False
19653,False
19654,False
19655,False
19656,False
19657,False
19658,False
19659,False
19660,True
19661,False
19662,False
19663,False
19664,False
19665,False
19666,False
19667,False
19668,False
19669,False
19670,False
19671,False
19672,False
19673,False
19674,False
19675,False
19676,False
19677,False
19678,False
19679,False
19680,False
19681,False
19682,False
19683,False
19684,False
19685,False
19686,False
19687,False
19688,False
19689,False
19690,False
19691,False
19692,False
19693,False
19694,False
19695,False
19696,False
19697,False
19698,False
19699,False
19700,False
19701,False
19702,False
19703,False
19704,False
19705,False
19706,False
19707,False
19708,False
19709,False
19710,False
19711,False
19712,False
19713,False
19714,False
19715,False
19716,False
19717,False
19718,False
19719,False
19720,False
19721,True
19722,False
19723,False
19724,False
19725,False
19726,False
19727,False
19728,False
19729,False
19730,False
19731,False
19732,False
19733,False
19734,False
19735,False
19736,True
19737,False
19738,False
19739,False
19740,False
19741,True
19742,False
19743,False
19744,False
19745,False
19746,False
19747,False
19748,False
19749,False
19750,False
19751,False
19752,False
19753,False
19754,False
19755,False
19756,False
19757,False
19758,False
19759,False
19760,False
19761,False
19762,False
19763,False
19764,True
19765,False
19766,False
19767,False
19768,False
19769,False
19770,False
19771,False
19772,False
19773,False
19774,False
19775,False
19776,False
19777,False
19778,False
19779,False
19780,False
19781,False
19782,False
19783,False
19784,False
19785,False
19786,False
19787,False
19788,False
19789,False
19790,False
19791,False
19792,False
19793,False
19794,True
19795,False
19796,False
19797,False
19798,False
19799,False
19800,False
19801,False
19802,False
19803,False
19804,False
19805,False
19806,False
19807,False
19808,False
19809,False
19810,False
19811,False
19812,True
19813,False
19814,False
19815,False
19816,False
19817,False
19818,False
19819,False
19820,False
19821,False
19822,False
19823,False
19824,False
19825,False
19826,False
19827,False
19828,False
19829,False
19830,False
19831,False
19832,False
19833,False
19834,False
19835,False
19836,False
19837,False
19838,False
19839,False
19840,False
19841,False
19842,False
19843,False
19844,False
19845,False
19846,False
19847,False
19848,False
19849,False
19850,False
19851,False
19852,True
19853,False
19854,False
19855,False
19856,False
19857,False
19858,False
19859,True
19860,False
19861,False
19862,False
19863,False
19864,False
19865,False
19866,False
19867,False
19868,False
19869,False
19870,False
19871,False
19872,False
19873,False
19874,False
19875,False
19876,False
19877,False
19878,False
19879,False
19880,False
19881,False
19882,False
19883,False
19884,False
19885,False
19886,False
19887,False
19888,False
19889,False
19890,False
19891,False
19892,False
19893,False
19894,False
19895,False
19896,False
19897,False
19898,False
19899,False
19900,False
19901,False
19902,False
19903,False
19904,False
19905,False
19906,False
19907,False
19908,False
19909,False
19910,False
19911,False
19912,False
19913,False
19914,False
19915,False
19916,False
19917,False
19918,False
19919,False
19920,False
19921,False
19922,False
19923,False
19924,False
19925,False
19926,False
19927,False
19928,False
19929,False
19930,False
19931,False
19932,False
19933,False
19934,False
19935,False
19936,False
19937,False
19938,False
19939,False
19940,False
19941,False
19942,False
19943,False
19944,False
19945,False
19946,False
19947,False
19948,False
19949,False
19950,False
19951,False
19952,False
19953,False
19954,False
19955,False
19956,False
19957,False
19958,False
19959,False
19960,False
19961,False
19962,False
19963,False
19964,False
19965,False
19966,False
19967,False
19968,False
19969,False
19970,False
19971,False
19972,False
19973,False
19974,False
19975,False
19976,False
19977,False
19978,False
19979,False
19980,False
19981,False
19982,False
19983,False
19984,False
19985,False
19986,False
19987,False
19988,False
19989,False
19990,False
19991,False
19992,False
19993,False
19994,False
19995,False
19996,False
19997,False
19998,False
19999,False
20000,False
20001,False
20002,False
20003,False
20004,False
20005,False
20006,False
20007,False
20008,False
20009,False
20010,False
20011,False
20012,False
20013,False
20014,False
20015,False
20016,False
20017,False
20018,False
20019,False
20020,False
20021,False
20022,False
20023,False
20024,False
20025,True
20026,False
20027,False
20028,True
20029,False
20030,False
20031,False
20032,True
20033,False
20034,False
20035,False
20036,False
20037,False
20038,False
20039,True
20040,False
20041,False
20042,False
20043,False
20044,False
20045,False
20046,False
20047,False
20048,False
20049,False
20050,False
20051,False
20052,False
20053,True
20054,False
20055,False
20056,True
20057,False
20058,False
20059,False
20060,False
20061,False
20062,False
20063,False
20064,False
20065,False
20066,False
20067,False
20068,False
20069,False
20070,False
20071,False
20072,False
20073,False
20074,False
20075,False
20076,False
20077,False
20078,False
20079,False
20080,False
20081,False
20082,False
20083,False
20084,False
20085,False
20086,False
20087,False
20088,False
20089,False
20090,False
20091,False
20092,False
20093,False
20094,False
20095,False
20096,False
20097,False
20098,False
20099,False
20100,False
20101,False
20102,False
20103,False
20104,False
20105,False
20106,False
20107,False
20108,False
20109,False
20110,False
20111,True
20112,False
20113,False
20114,False
20115,False
20116,False
20117,False
20118,False
20119,False
20120,False
20121,False
20122,False
20123,False
20124,False
20125,False
20126,False
20127,False
20128,False
20129,False
20130,False
20131,False
20132,False
20133,False
20134,False
20135,False
20136,False
20137,False
20138,False
20139,False
20140,False
20141,False
20142,True
20143,False
20144,False
20145,False
20146,False
20147,False
20148,False
20149,False
20150,False
20151,False
20152,False
20153,False
20154,False
20155,False
20156,False
20157,False
20158,False
20159,False
20160,False
20161,False
20162,False
20163,False
20164,False
20165,False
20166,False
20167,False
20168,False
20169,False
20170,False
20171,False
20172,False
20173,False
20174,False
20175,False
20176,False
20177,False
20178,False
20179,False
20180,False
20181,False
20182,False
20183,False
20184,False
20185,False
20186,False
20187,False
20188,False
20189,False
20190,False
20191,False
20192,False
20193,False
20194,False
20195,False
20196,False
20197,False
20198,False
20199,False
20200,False
20201,False
20202,False
20203,False
20204,False
20205,False
20206,False
20207,False
20208,True
20209,False
20210,False
20211,False
20212,True
20213,False
20214,False
20215,False
20216,False
20217,False
20218,False
20219,False
20220,False
20221,False
20222,False
20223,False
20224,False
20225,False
20226,True
20227,False
20228,False
20229,False
20230,False
20231,False
20232,False
20233,False
20234,False
20235,False
20236,False
20237,False
20238,False
20239,False
20240,False
20241,False
20242,False
20243,False
20244,False
20245,False
20246,True
20247,False
20248,False
20249,False
20250,False
20251,False
20252,False
20253,False
20254,False
20255,False
20256,False
20257,False
20258,False
20259,False
20260,False
20261,False
20262,False
20263,False
20264,False
20265,False
20266,False
20267,False
20268,False
20269,False
20270,False
20271,False
20272,False
20273,False
20274,False
20275,False
20276,False
20277,False
20278,False
20279,False
20280,False
20281,False
20282,False
20283,False
20284,False
20285,False
20286,False
20287,False
20288,False
20289,False
20290,False
20291,False
20292,False
20293,False
20294,False
20295,False
20296,False
20297,False
20298,False
20299,False
20300,False
20301,False
20302,False
20303,False
20304,False
20305,False
20306,False
20307,False
20308,False
20309,True
20310,False
20311,False
20312,False
20313,False
20314,False
20315,False
20316,False
20317,False
20318,False
20319,False
20320,False
20321,False
20322,False
20323,False
20324,False
20325,False
20326,False
20327,False
20328,False
20329,False
20330,False
20331,False
20332,False
20333,False
20334,False
20335,False
20336,False
20337,False
20338,False
20339,False
20340,False
20341,False
20342,False
20343,False
20344,False
20345,False
20346,False
20347,False
20348,False
20349,False
20350,False
20351,False
20352,False
20353,False
20354,False
20355,False
20356,False
20357,False
20358,False
20359,False
20360,False
20361,False
20362,False
20363,False
20364,False
20365,False
20366,False
20367,False
20368,False
20369,False
20370,False
20371,False
20372,False
20373,False
20374,False
20375,False
20376,False
20377,False
20378,True
20379,False
20380,False
20381,False
20382,False
20383,False
20384,False
20385,False
20386,False
20387,False
20388,False
20389,False
20390,False
20391,False
20392,False
20393,False
20394,False
20395,False
20396,False
20397,True
20398,False
20399,False
20400,False
20401,False
20402,False
20403,False
20404,True
20405,False
20406,False
20407,False
20408,False
20409,False
20410,False
20411,False
20412,False
20413,False
20414,False
20415,False
20416,False
20417,False
20418,False
20419,False
20420,False
20421,False
20422,False
20423,False
20424,False
20425,False
20426,False
20427,False
20428,False
20429,True
20430,False
20431,False
20432,False
20433,False
20434,False
20435,False
20436,False
20437,False
20438,False
20439,False
20440,False
20441,False
20442,False
20443,False
20444,False
20445,False
20446,False
20447,False
20448,False
20449,False
20450,True
20451,False
20452,False
20453,False
20454,False
20455,False
20456,False
20457,False
20458,False
20459,False
20460,False
20461,False
20462,False
20463,False
20464,False
20465,False
20466,False
20467,False
20468,False
20469,False
20470,False
20471,False
20472,False
20473,False
20474,False
20475,False
20476,False
20477,False
20478,False
20479,False
20480,False
20481,False
20482,False
20483,False
20484,False
20485,False
20486,False
20487,False
20488,False
20489,False
20490,False
20491,False
20492,False
20493,False
20494,False
20495,False
20496,False
20497,False
20498,False
20499,False
20500,False
20501,False
20502,False
20503,False
20504,False
20505,False
20506,False
20507,False
20508,False
20509,False
20510,False
20511,False
20512,False
20513,False
20514,False
20515,False
20516,False
20517,False
20518,False
20519,False
20520,False
20521,False
20522,False
20523,False
20524,False
20525,False
20526,False
20527,False
20528,False
20529,False
20530,False
20531,False
20532,True
20533,False
20534,False
20535,False
20536,False
20537,False
20538,False
20539,False
20540,False
20541,False
20542,False
20543,False
20544,False
20545,False
20546,False
20547,False
20548,False
20549,False
20550,False
20551,False
20552,True
20553,False
20554,False
20555,False
20556,False
20557,False
20558,False
20559,False
20560,False
20561,True
20562,False
20563,False
20564,False
20565,False
20566,False
20567,False
20568,False
20569,False
20570,False
20571,False
20572,False
20573,False
20574,False
20575,False
20576,False
20577,True
20578,False
20579,False
20580,False
20581,False
20582,False
20583,False
20584,False
20585,False
20586,False
20587,False
20588,False
20589,False
20590,False
20591,False
20592,False
20593,False
20594,False
20595,False
20596,False
20597,False
20598,False
20599,True
20600,False
20601,False
20602,False
20603,False
20604,False
20605,False
20606,False
20607,False
20608,False
20609,False
20610,False
20611,False
20612,False
20613,False
20614,False
20615,False
20616,False
20617,False
20618,False
20619,False
20620,False
20621,False
20622,False
20623,False
20624,False
20625,False
20626,False
20627,False
20628,False
20629,False
20630,False
20631,False
20632,False
20633,False
20634,False
20635,False
20636,False
20637,False
20638,False
20639,False
20640,False
20641,False
20642,False
20643,False
20644,False
20645,False
20646,False
20647,False
20648,False
20649,False
20650,False
20651,False
20652,False
20653,False
20654,False
20655,False
20656,False
20657,False
20658,False
20659,False
20660,False
20661,False
20662,True
20663,False
20664,False
20665,False
20666,False
20667,False
20668,False
20669,False
20670,False
20671,False
20672,False
20673,False
20674,False
20675,False
20676,False
20677,False
20678,False
20679,False
20680,False
20681,False
20682,False
20683,False
20684,False
20685,False
20686,False
20687,False
20688,False
20689,False
20690,False
20691,False
20692,False
20693,False
20694,False
20695,False
20696,False
20697,False
20698,False
20699,False
20700,False
20701,False
20702,False
20703,False
20704,False
20705,False
20706,False
20707,True
20708,False
20709,True
20710,False
20711,False
20712,False
20713,False
20714,False
20715,False
20716,False
20717,False
20718,True
20719,False
20720,False
20721,False
20722,False
20723,False
20724,False
20725,False
20726,False
20727,False
20728,False
20729,False
20730,False
20731,False
20732,False
20733,False
20734,False
20735,False
20736,False
20737,False
20738,False
20739,False
20740,False
20741,False
20742,True
20743,False
20744,False
20745,False
20746,False
20747,False
20748,False
20749,False
20750,False
20751,False
20752,False
20753,False
20754,False
20755,False
20756,False
20757,False
20758,False
20759,False
20760,False
20761,False
20762,False
20763,False
20764,False
20765,False
20766,False
20767,False
20768,False
20769,False
20770,False
20771,False
20772,False
20773,False
20774,False
20775,False
20776,False
20777,False
20778,False
20779,False
20780,False
20781,False
20782,True
20783,True
20784,False
20785,False
20786,False
20787,False
20788,False
20789,False
20790,False
20791,False
20792,False
20793,False
20794,False
20795,False
20796,False
20797,False
20798,False
20799,False
20800,False
20801,False
20802,False
20803,False
20804,False
20805,False
20806,False
20807,False
20808,False
20809,False
20810,False
20811,False
20812,False
20813,False
20814,False
20815,False
20816,False
20817,False
20818,False
20819,False
20820,False
20821,False
20822,True
20823,False
20824,False
20825,False
20826,False
20827,False
20828,False
20829,False
20830,False
20831,False
20832,False
20833,False
20834,False
20835,False
20836,False
20837,False
20838,False
20839,False
20840,False
20841,False
20842,False
20843,False
20844,False
20845,False
20846,False
20847,False
20848,False
20849,True
20850,False
20851,False
20852,False
20853,False
20854,False
20855,False
20856,False
20857,False
20858,False
20859,False
20860,False
20861,False
20862,False
20863,False
20864,False
20865,False
20866,False
20867,False
20868,False
20869,False
20870,False
20871,False
20872,False
20873,False
20874,False
20875,False
20876,False
20877,False
20878,False
20879,False
20880,False
20881,False
20882,False
20883,True
20884,False
20885,False
20886,False
20887,False
20888,False
20889,False
20890,False
20891,False
20892,False
20893,False
20894,False
20895,False
20896,False
20897,False
20898,False
20899,False
20900,False
20901,False
20902,False
20903,False
20904,False
20905,False
20906,False
20907,False
20908,False
20909,False
20910,False
20911,False
20912,False
20913,True
20914,False
20915,False
20916,False
20917,False
20918,False
20919,False
20920,False
20921,False
20922,False
20923,False
20924,False
20925,False
20926,False
20927,False
20928,False
20929,False
20930,False
20931,False
20932,False
20933,False
20934,False
20935,False
20936,False
20937,False
20938,False
20939,False
20940,False
20941,True
20942,False
20943,False
20944,False
20945,False
20946,False
20947,False
20948,False
20949,False
20950,False
20951,False
20952,False
20953,False
20954,False
20955,False
20956,False
20957,False
20958,True
20959,False
20960,False
20961,False
20962,False
20963,False
20964,False
20965,False
20966,False
20967,False
20968,False
20969,False
20970,False
20971,False
20972,False
20973,False
20974,True
20975,False
20976,False
20977,False
20978,False
20979,False
20980,False
20981,False
20982,False
20983,False
20984,False
20985,False
20986,False
20987,False
20988,False
20989,False
20990,False
20991,False
20992,False
20993,False
20994,False
20995,False
20996,False
20997,False
20998,False
20999,False
21000,False
21001,False
21002,False
21003,False
21004,False
21005,False
21006,False
21007,False
21008,False
21009,False
21010,False
21011,False
21012,False
21013,False
21014,False
21015,False
21016,False
21017,False
21018,False
21019,False
21020,False
21021,True
21022,False
21023,False
21024,False
21025,False
21026,False
21027,False
21028,False
21029,False
21030,False
21031,False
21032,False
21033,False
21034,False
21035,False
21036,False
21037,False
21038,False
21039,False
21040,False
21041,False
21042,False
21043,False
21044,False
21045,False
21046,False
21047,False
21048,False
21049,False
21050,False
21051,False
21052,False
21053,False
21054,False
21055,False
21056,False
21057,False
21058,False
21059,False
21060,False
21061,False
21062,False
21063,False
21064,False
21065,False
21066,False
21067,False
21068,False
21069,False
21070,False
21071,False
21072,False
21073,True
21074,False
21075,False
21076,False
21077,False
21078,False
21079,False
21080,False
21081,False
21082,False
21083,False
21084,False
21085,False
21086,False
21087,False
21088,False
21089,False
21090,False
21091,False
21092,False
21093,False
21094,False
21095,False
21096,False
21097,False
21098,False
21099,False
21100,False
21101,False
21102,False
21103,False
21104,False
21105,False
21106,False
21107,False
21108,False
21109,False
21110,False
21111,False
21112,False
21113,False
21114,False
21115,False
21116,False
21117,False
21118,False
21119,False
21120,False
21121,False
21122,False
21123,False
21124,False
21125,False
21126,True
21127,False
21128,False
21129,False
21130,False
21131,False
21132,False
21133,False
21134,False
21135,False
21136,False
21137,False
21138,False
21139,False
21140,True
21141,False
21142,False
21143,False
21144,False
21145,False
21146,False
21147,False
21148,False
21149,False
21150,False
21151,False
21152,False
21153,False
21154,False
21155,False
21156,False
21157,False
21158,False
21159,False
21160,False
21161,False
21162,False
21163,False
21164,False
21165,False
21166,False
21167,False
21168,False
21169,False
21170,False
21171,False
21172,False
21173,False
21174,False
21175,False
21176,False
21177,False
21178,False
21179,False
21180,True
21181,False
21182,False
21183,False
21184,False
21185,False
21186,False
21187,False
21188,False
21189,False
21190,False
21191,False
21192,False
21193,False
21194,False
21195,False
21196,False
21197,False
21198,False
21199,False
21200,False
21201,False
21202,False
21203,True
21204,False
21205,False
21206,False
21207,False
21208,False
21209,False
21210,False
21211,False
21212,False
21213,False
21214,False
21215,False
21216,False
21217,False
21218,False
21219,False
21220,False
21221,False
21222,False
21223,False
21224,False
21225,False
21226,False
21227,False
21228,False
21229,False
21230,False
21231,False
21232,False
21233,False
21234,False
21235,False
21236,False
21237,False
21238,False
21239,False
21240,False
21241,False
21242,False
21243,False
21244,False
21245,False
21246,False
21247,False
21248,False
21249,False
21250,False
21251,False
21252,False
21253,False
21254,False
21255,False
21256,False
21257,False
21258,False
21259,False
21260,False
21261,False
21262,False
21263,False
21264,False
21265,False
21266,False
21267,False
21268,False
21269,True
21270,False
21271,False
21272,False
21273,False
21274,False
21275,False
21276,False
21277,False
21278,False
21279,False
21280,True
21281,False
21282,False
21283,False
21284,False
21285,False
21286,False
21287,False
21288,False
21289,False
21290,False
21291,False
21292,False
21293,False
21294,False
21295,False
21296,False
21297,False
21298,False
21299,False
21300,False
21301,False
21302,False
21303,False
21304,False
21305,False
21306,True
21307,False
21308,False
21309,False
21310,False
21311,False
21312,False
21313,False
21314,False
21315,False
21316,False
21317,False
21318,False
21319,False
21320,False
21321,False
21322,False
21323,False
21324,False
21325,False
21326,False
21327,False
21328,False
21329,False
21330,False
21331,False
21332,False
21333,False
21334,False
21335,False
21336,False
21337,False
21338,False
21339,False
21340,False
21341,False
21342,False
21343,False
21344,False
21345,False
21346,False
21347,False
21348,False
21349,False
21350,False
21351,False
21352,False
21353,False
21354,False
21355,False
21356,False
21357,False
21358,False
21359,False
21360,False
21361,False
21362,True
21363,True
21364,False
21365,False
21366,False
21367,False
21368,False
21369,False
21370,False
21371,True
21372,False
21373,False
21374,False
21375,False
21376,False
21377,False
21378,False
21379,False
21380,False
21381,False
21382,False
21383,False
21384,False
21385,False
21386,False
21387,False
21388,False
21389,False
21390,False
21391,True
21392,False
21393,False
21394,False
21395,False
21396,False
21397,False
21398,False
21399,False
21400,False
21401,False
21402,False
21403,False
21404,False
21405,False
21406,False
21407,False
21408,False
21409,False
21410,True
21411,False
21412,False
21413,False
21414,False
21415,False
21416,False
21417,False
21418,False
21419,False
21420,False
21421,False
21422,False
21423,False
21424,False
21425,False
21426,False
21427,False
21428,False
21429,False
21430,False
21431,False
21432,False
21433,False
21434,False
21435,False
21436,False
21437,False
21438,False
21439,False
21440,False
21441,False
21442,False
21443,False
21444,False
21445,False
21446,False
21447,False
21448,True
21449,False
21450,False
21451,False
21452,False
21453,False
21454,False
21455,False
21456,False
21457,False
21458,False
21459,False
21460,False
21461,False
21462,False
21463,False
21464,False
21465,False
21466,False
21467,False
21468,False
21469,False
21470,False
21471,False
21472,False
21473,False
21474,False
21475,False
21476,False
21477,False
21478,False
21479,False
21480,False
21481,False
21482,False
21483,False
21484,False
21485,False
21486,False
21487,False
21488,False
21489,False
21490,False
21491,False
21492,False
21493,False
21494,False
21495,False
21496,False
21497,False
21498,False
21499,False
21500,False
21501,False
21502,False
21503,False
21504,False
21505,False
21506,False
21507,False
21508,True
21509,False
21510,False
21511,False
21512,False
21513,False
21514,False
21515,False
21516,False
21517,True
21518,False
21519,False
21520,False
21521,False
21522,False
21523,False
21524,False
21525,False
21526,False
21527,False
21528,False
21529,False
21530,False
21531,False
21532,False
21533,False
21534,False
21535,False
21536,False
21537,False
21538,False
21539,False
21540,False
21541,False
21542,False
21543,False
21544,False
21545,False
21546,False
21547,False
21548,False
21549,False
21550,False
21551,False
21552,False
21553,False
21554,False
21555,False
21556,False
21557,False
21558,False
21559,False
21560,False
21561,False
21562,False
21563,False
21564,False
21565,False
21566,False
21567,False
21568,False
21569,False
21570,False
21571,False
21572,False
21573,False
21574,False
21575,False
21576,False
21577,False
21578,False
21579,False
21580,False
21581,False
21582,False
21583,False
21584,False
21585,False
21586,False
21587,False
21588,False
21589,True
21590,False
21591,False
21592,False
21593,False
21594,False
21595,False
21596,False
21597,False
21598,False
21599,False
21600,False
21601,False
21602,False
21603,False
21604,False
21605,False
21606,False
21607,True
21608,False
21609,False
21610,False
21611,False
21612,False
21613,False
21614,False
21615,False
21616,False
21617,False
21618,False
21619,False
21620,False
21621,False
21622,False
21623,False
21624,False
21625,False
21626,False
21627,False
21628,False
21629,False
21630,False
21631,False
21632,False
21633,False
21634,False
21635,False
21636,False
21637,False
21638,False
21639,False
21640,False
21641,False
21642,False
21643,False
21644,False
21645,False
21646,False
21647,False
21648,False
21649,False
21650,False
21651,False
21652,False
21653,False
21654,False
21655,False
21656,False
21657,False
21658,False
21659,False
21660,False
21661,False
21662,True
21663,False
21664,False
21665,False
21666,False
21667,False
21668,False
21669,False
21670,False
21671,False
21672,False
21673,False
21674,False
21675,False
21676,False
21677,False
21678,False
21679,False
21680,False
21681,False
21682,False
21683,False
21684,False
21685,False
21686,False
21687,False
21688,False
21689,False
21690,False
21691,False
21692,False
21693,True
21694,False
21695,False
21696,False
21697,False
21698,False
21699,False
21700,False
21701,False
21702,False
21703,False
21704,False
21705,False
21706,False
21707,False
21708,False
21709,False
21710,False
21711,False
21712,False
21713,False
21714,False
21715,False
21716,False
21717,False
21718,False
21719,False
21720,False
21721,False
21722,False
21723,True
21724,False
21725,False
21726,False
21727,False
21728,False
21729,False
21730,False
21731,False
21732,False
21733,False
21734,False
21735,False
21736,False
21737,True
21738,False
21739,False
21740,False
21741,False
21742,False
21743,False
21744,False
21745,False
21746,False
21747,False
21748,False
21749,False
21750,False
21751,False
21752,False
21753,False
21754,False
21755,False
21756,False
21757,False
21758,False
21759,False
21760,False
21761,False
21762,False
21763,False
21764,False
21765,False
21766,False
21767,False
21768,True
21769,False
21770,False
21771,False
21772,False
21773,False
21774,False
21775,False
21776,False
21777,False
21778,False
21779,False
21780,False
21781,False
21782,True
21783,False
21784,False
21785,False
21786,False
21787,False
21788,False
21789,False
21790,False
21791,False
21792,False
21793,False
21794,False
21795,False
21796,False
21797,False
21798,False
21799,False
21800,False
21801,False
21802,False
21803,False
21804,False
21805,False
21806,False
21807,False
21808,False
21809,False
21810,False
21811,False
21812,False
21813,False
21814,False
21815,False
21816,False
21817,False
21818,False
21819,False
21820,False
21821,False
21822,False
21823,False
21824,False
21825,False
21826,False
21827,False
21828,False
21829,False
21830,False
21831,False
21832,False
21833,False
21834,False
21835,False
21836,False
21837,False
21838,False
21839,False
21840,False
21841,False
21842,False
21843,False
21844,False
21845,False
21846,False
21847,False
21848,False
21849,False
21850,False
21851,False
21852,False
21853,False
21854,False
21855,False
21856,False
21857,True
21858,False
21859,False
21860,False
21861,False
21862,False
21863,False
21864,False
21865,False
21866,False
21867,False
21868,False
21869,False
21870,False
21871,False
21872,False
21873,False
21874,False
21875,False
21876,False
21877,False
21878,False
21879,False
21880,False
21881,False
21882,False
21883,False
21884,False
21885,False
21886,True
21887,False
21888,False
21889,False
21890,False
21891,False
21892,False
21893,False
21894,False
21895,False
21896,False
21897,True
21898,False
21899,False
21900,False
21901,False
21902,False
21903,False
21904,False
21905,False
21906,False
21907,False
21908,False
21909,False
21910,False
21911,False
21912,False
21913,False
21914,False
21915,False
21916,False
21917,False
21918,False
21919,False
21920,False
21921,False
21922,False
21923,False
21924,False
21925,False
21926,False
21927,False
21928,False
21929,False
21930,False
21931,False
21932,False
21933,False
21934,False
21935,False
21936,False
21937,False
21938,False
21939,False
21940,False
21941,False
21942,False
21943,False
21944,False
21945,False
21946,False
21947,False
21948,False
21949,False
21950,False
21951,False
21952,False
21953,False
21954,False
21955,False
21956,False
21957,False
21958,False
21959,False
21960,True
21961,False
21962,False
21963,False
21964,False
21965,False
21966,False
21967,False
21968,False
21969,False
21970,False
21971,False
21972,False
21973,False
21974,False
21975,False
21976,False
21977,False
21978,False
21979,False
21980,False
21981,False
21982,False
21983,False
21984,False
21985,False
21986,False
21987,False
21988,False
21989,False
21990,False
21991,False
21992,False
21993,False
21994,False
21995,False
21996,False
21997,False
21998,False
21999,False
22000,True
22001,False
22002,True
22003,False
22004,False
22005,False
22006,False
22007,False
22008,False
22009,False
22010,False
22011,False
22012,False
22013,False
22014,False
22015,False
22016,False
22017,False
22018,False
22019,False
22020,False
22021,False
22022,False
22023,False
22024,False
22025,False
22026,False
22027,False
22028,False
22029,False
22030,False
22031,False
22032,False
22033,False
22034,False
22035,False
22036,False
22037,False
22038,False
22039,False
22040,False
22041,False
22042,False
22043,False
22044,False
22045,False
22046,False
22047,False
22048,False
22049,False
22050,False
22051,False
22052,True
22053,False
22054,True
22055,True
22056,False
22057,False
22058,False
22059,False
22060,False
22061,False
22062,False
22063,False
22064,False
22065,False
22066,False
22067,False
22068,False
22069,False
22070,False
22071,False
22072,False
22073,False
22074,True
22075,False
22076,False
22077,False
22078,False
22079,False
22080,False
22081,False
22082,False
22083,True
22084,True
22085,False
22086,False
22087,False
22088,False
22089,False
22090,False
22091,False
22092,True
22093,False
22094,False
22095,False
22096,False
22097,False
22098,False
22099,False
22100,False
22101,False
22102,False
22103,False
22104,False
22105,False
22106,False
22107,False
22108,False
22109,False
22110,False
22111,True
22112,False
22113,False
22114,False
22115,False
22116,False
22117,False
22118,False
22119,False
22120,False
22121,False
22122,False
22123,False
22124,False
22125,False
22126,False
22127,False
22128,False
22129,False
22130,False
22131,False
22132,False
22133,False
22134,False
22135,False
22136,False
22137,False
22138,False
22139,False
22140,False
22141,False
22142,False
22143,False
22144,False
22145,False
22146,False
22147,False
22148,False
22149,False
22150,False
22151,False
22152,False
22153,False
22154,False
22155,False
22156,False
22157,False
22158,False
22159,False
22160,False
22161,False
22162,False
22163,False
22164,False
22165,False
22166,False
22167,False
22168,False
22169,False
22170,False
22171,False
22172,False
22173,False
22174,False
22175,False
22176,False
22177,True
22178,False
22179,False
22180,False
22181,False
22182,False
22183,False
22184,False
22185,False
22186,False
22187,False
22188,False
22189,False
22190,False
22191,False
22192,False
22193,False
22194,False
22195,False
22196,False
22197,False
22198,False
22199,False
22200,False
22201,False
22202,False
22203,False
22204,False
22205,False
22206,False
22207,False
22208,False
22209,False
22210,False
22211,False
22212,False
22213,False
22214,False
22215,False
22216,False
22217,False
22218,False
22219,False
22220,False
22221,False
22222,False
22223,False
22224,False
22225,False
22226,False
22227,False
22228,False
22229,False
22230,False
22231,False
22232,False
22233,False
22234,False
22235,False
22236,True
22237,False
22238,False
22239,False
22240,False
22241,False
22242,False
22243,False
22244,False
22245,False
22246,False
22247,False
22248,False
22249,False
22250,False
22251,False
22252,False
22253,False
22254,True
22255,False
22256,False
22257,False
22258,False
22259,False
22260,False
22261,False
22262,False
22263,False
22264,False
22265,False
22266,False
22267,False
22268,False
22269,False
22270,False
22271,False
22272,False
22273,False
22274,False
22275,False
22276,False
22277,False
22278,False
22279,False
22280,False
22281,True
22282,False
22283,False
22284,False
22285,False
22286,False
22287,False
22288,False
22289,False
22290,False
22291,False
22292,False
22293,False
22294,False
22295,False
22296,False
22297,True
22298,False
22299,False
22300,False
22301,False
22302,False
22303,False
22304,False
22305,False
22306,False
22307,False
22308,False
22309,False
22310,False
22311,False
22312,False
22313,False
22314,False
22315,False
22316,False
22317,False
22318,False
22319,False
22320,False
22321,False
22322,False
22323,False
22324,False
22325,False
22326,False
22327,False
22328,False
22329,False
22330,False
22331,False
22332,False
22333,False
22334,False
22335,False
22336,False
22337,False
22338,False
22339,False
22340,False
22341,False
22342,False
22343,False
22344,False
22345,False
22346,False
22347,False
22348,False
22349,False
22350,False
22351,False
22352,False
22353,False
22354,False
22355,False
22356,False
22357,False
22358,False
22359,True
22360,False
22361,False
22362,False
22363,False
22364,False
22365,False
22366,False
22367,False
22368,False
22369,False
22370,False
22371,False
22372,False
22373,False
22374,False
22375,False
22376,False
22377,False
22378,False
22379,False
22380,False
22381,False
22382,False
22383,False
22384,False
22385,False
22386,False
22387,False
22388,False
22389,False
22390,False
22391,False
22392,False
22393,False
22394,False
22395,False
22396,False
22397,False
22398,False
22399,False
22400,False
22401,False
22402,False
22403,False
22404,False
22405,False
22406,True
22407,False
22408,True
22409,False
22410,False
22411,False
22412,False
22413,False
22414,False
22415,False
22416,False
22417,False
22418,False
22419,False
22420,False
22421,False
22422,False
22423,False
22424,False
22425,False
22426,False
22427,False
22428,False
22429,False
22430,False
22431,False
22432,False
22433,False
22434,False
22435,False
22436,False
22437,False
22438,False
22439,False
22440,False
22441,False
22442,False
22443,False
22444,False
22445,False
22446,False
22447,False
22448,False
22449,False
22450,False
22451,False
22452,False
22453,False
22454,False
22455,False
22456,False
22457,False
22458,False
22459,True
22460,True
22461,False
22462,False
22463,False
22464,False
22465,True
22466,False
22467,False
22468,False
22469,False
22470,False
22471,False
22472,False
22473,False
22474,False
22475,False
22476,False
22477,False
22478,False
22479,False
22480,False
22481,False
22482,False
22483,True
22484,False
22485,False
22486,False
22487,False
22488,False
22489,False
22490,False
22491,False
22492,False
22493,False
22494,False
22495,False
22496,False
22497,False
22498,False
22499,False
22500,True
22501,False
22502,False
22503,False
22504,False
22505,False
22506,False
22507,False
22508,False
22509,False
22510,False
22511,False
22512,False
22513,False
22514,False
22515,False
22516,False
22517,False
22518,False
22519,False
22520,False
22521,False
22522,False
22523,False
22524,False
22525,False
22526,False
22527,False
22528,False
22529,False
22530,False
22531,False
22532,False
22533,False
22534,True
22535,False
22536,False
22537,False
22538,False
22539,False
22540,False
22541,False
22542,False
22543,True
22544,False
22545,False
22546,False
22547,False
22548,False
22549,False
22550,False
22551,False
22552,False
22553,False
22554,False
22555,False
22556,False
22557,False
22558,False
22559,False
22560,False
22561,False
22562,False
22563,False
22564,False
22565,False
22566,False
22567,False
22568,False
22569,False
22570,False
22571,True
22572,False
22573,False
22574,False
22575,True
22576,False
22577,False
22578,False
22579,False
22580,False
22581,False
22582,False
22583,False
22584,False
22585,False
22586,False
22587,False
22588,False
22589,True
22590,False
22591,False
22592,False
22593,False
22594,False
22595,False
22596,False
22597,False
22598,False
22599,False
22600,False
22601,False
22602,False
22603,False
22604,False
22605,True
22606,False
22607,False
22608,False
22609,False
22610,False
22611,False
22612,False
22613,False
22614,False
22615,False
22616,False
22617,False
22618,False
22619,False
22620,False
22621,False
22622,False
22623,False
22624,False
22625,False
22626,False
22627,True
22628,True
22629,False
22630,False
22631,False
22632,False
22633,False
22634,False
22635,False
22636,False
22637,False
22638,False
22639,False
22640,False
22641,False
22642,False
22643,False
22644,False
22645,False
22646,False
22647,False
22648,False
22649,False
22650,False
22651,False
22652,False
22653,True
22654,False
22655,False
22656,False
22657,False
22658,False
22659,False
22660,False
22661,False
22662,False
22663,False
22664,False
22665,False
22666,False
22667,False
22668,False
22669,False
22670,False
22671,False
22672,False
22673,False
22674,False
22675,False
22676,False
22677,False
22678,False
22679,False
22680,False
22681,False
22682,False
22683,False
22684,False
22685,False
22686,False
22687,False
22688,False
22689,False
22690,False
22691,False
22692,False
22693,False
22694,False
22695,False
22696,False
22697,False
22698,False
22699,False
22700,False
22701,False
22702,False
22703,False
22704,False
22705,False
22706,False
22707,False
22708,False
22709,False
22710,False
22711,True
22712,False
22713,False
22714,False
22715,False
22716,True
22717,False
22718,False
22719,False
22720,True
22721,False
22722,False
22723,False
22724,False
22725,False
22726,False
22727,False
22728,False
22729,False
22730,False
22731,False
22732,False
22733,False
22734,False
22735,False
22736,False
22737,False
22738,False
22739,False
22740,False
22741,False
22742,False
22743,False
22744,False
22745,False
22746,False
22747,False
22748,False
22749,False
22750,False
22751,True
22752,False
22753,False
22754,False
22755,False
22756,False
22757,False
22758,False
22759,False
22760,False
22761,True
22762,False
22763,True
22764,False
22765,False
22766,False
22767,False
22768,False
22769,False
22770,False
22771,False
22772,False
22773,False
22774,False
22775,False
22776,False
22777,False
22778,False
22779,False
22780,False
22781,False
22782,False
22783,False
22784,False
22785,False
22786,False
22787,False
22788,False
22789,False
22790,False
22791,False
22792,False
22793,False
22794,False
22795,False
22796,False
22797,False
22798,False
22799,False
22800,False
22801,False
22802,False
22803,False
22804,False
22805,False
22806,False
22807,False
22808,False
22809,False
22810,False
22811,False
22812,False
22813,False
22814,False
22815,False
22816,False
22817,False
22818,False
22819,False
22820,False
22821,False
22822,False
22823,False
22824,False
22825,False
22826,False
22827,False
22828,False
22829,True
22830,False
22831,False
22832,False
22833,False
22834,False
22835,False
22836,False
22837,False
22838,False
22839,False
22840,False
22841,False
22842,False
22843,False
22844,False
22845,False
22846,False
22847,False
22848,False
22849,False
22850,False
22851,False
22852,False
22853,False
22854,False
22855,False
22856,False
22857,False
22858,True
22859,False
22860,True
22861,False
22862,False
22863,False
22864,False
22865,False
22866,False
22867,False
22868,False
22869,False
22870,False
22871,False
22872,False
22873,False
22874,True
22875,False
22876,False
22877,False
22878,False
22879,False
22880,False
22881,False
22882,False
22883,False
22884,False
22885,False
22886,False
22887,False
22888,False
22889,False
22890,False
22891,False
22892,False
22893,False
22894,False
22895,False
22896,False
22897,False
22898,False
22899,False
22900,False
22901,False
22902,False
22903,True
22904,False
22905,False
22906,False
22907,False
22908,False
22909,False
22910,False
22911,False
22912,False
22913,False
22914,False
22915,False
22916,False
22917,False
22918,False
22919,True
22920,False
22921,False
22922,False
22923,False
22924,False
22925,False
22926,False
22927,False
22928,False
22929,False
22930,False
22931,False
22932,False
22933,False
22934,False
22935,False
22936,False
22937,False
22938,False
22939,False
22940,False
22941,True
22942,False
22943,False
22944,False
22945,False
22946,False
22947,False
22948,False
22949,False
22950,False
22951,False
22952,False
22953,False
22954,False
22955,False
22956,False
22957,False
22958,False
22959,False
22960,False
22961,False
22962,False
22963,False
22964,False
22965,False
22966,False
22967,False
22968,False
22969,False
22970,False
22971,False
22972,False
22973,False
22974,False
22975,False
22976,False
22977,False
22978,False
22979,False
22980,False
22981,False
22982,False
22983,False
22984,False
22985,False
22986,False
22987,False
22988,False
22989,True
22990,False
22991,False
22992,False
22993,False
22994,False
22995,False
22996,False
22997,False
22998,False
22999,False
23000,False
23001,False
23002,False
23003,False
23004,False
23005,False
23006,False
23007,False
23008,False
23009,True
23010,False
23011,False
23012,True
23013,False
23014,False
23015,False
23016,False
23017,False
23018,False
23019,False
23020,False
23021,False
23022,False
23023,False
23024,False
23025,False
23026,False
23027,False
23028,False
23029,False
23030,False
23031,False
23032,False
23033,False
23034,False
23035,False
23036,False
23037,True
23038,False
23039,False
23040,False
23041,False
23042,False
23043,False
23044,False
23045,False
23046,False
23047,False
23048,False
23049,False
23050,False
23051,False
23052,False
23053,False
23054,False
23055,False
23056,False
23057,False
23058,False
23059,False
23060,False
23061,False
23062,False
23063,False
23064,False
23065,False
23066,False
23067,False
23068,False
23069,False
23070,False
23071,False
23072,False
23073,False
23074,False
23075,False
23076,False
23077,False
23078,False
23079,False
23080,False
23081,False
23082,False
23083,False
23084,False
23085,False
23086,False
23087,False
23088,False
23089,False
23090,False
23091,False
23092,False
23093,False
23094,False
23095,False
23096,True
23097,False
23098,False
23099,False
23100,False
23101,False
23102,False
23103,False
23104,False
23105,False
23106,False
23107,False
23108,False
23109,False
23110,False
23111,False
23112,False
23113,False
23114,False
23115,False
23116,False
23117,False
23118,False
23119,False
23120,False
23121,False
23122,False
23123,False
23124,False
23125,False
23126,False
23127,False
23128,False
23129,False
23130,False
23131,False
23132,False
23133,False
23134,True
23135,False
23136,False
23137,False
23138,True
23139,False
23140,False
23141,False
23142,False
23143,False
23144,False
23145,False
23146,False
23147,False
23148,False
23149,False
23150,False
23151,False
23152,False
23153,False
23154,False
23155,False
23156,False
23157,False
23158,False
23159,True
23160,False
23161,False
23162,False
23163,True
23164,False
23165,False
23166,False
23167,False
23168,False
23169,False
23170,False
23171,False
23172,False
23173,False
23174,False
23175,False
23176,False
23177,False
23178,False
23179,False
23180,False
23181,False
23182,False
23183,False
23184,False
23185,False
23186,False
23187,False
23188,False
23189,False
23190,False
23191,False
23192,False
23193,False
23194,False
23195,False
23196,False
23197,False
23198,False
23199,False
23200,False
23201,False
23202,False
23203,False
23204,False
23205,False
23206,False
23207,False
23208,False
23209,False
23210,False
23211,False
23212,False
23213,False
23214,False
23215,False
23216,False
23217,False
23218,False
23219,False
23220,False
23221,False
23222,True
23223,False
23224,False
23225,False
23226,False
23227,False
23228,False
23229,False
23230,False
23231,False
23232,False
23233,False
23234,False
23235,False
23236,False
23237,False
23238,False
23239,False
23240,False
23241,False
23242,False
23243,False
23244,False
23245,False
23246,False
23247,False
23248,False
23249,False
23250,False
23251,False
23252,False
23253,False
23254,False
23255,False
23256,False
23257,False
23258,True
23259,False
23260,False
23261,True
23262,False
23263,False
23264,False
23265,False
23266,True
23267,False
23268,False
23269,False
23270,False
23271,False
23272,False
23273,False
23274,False
23275,False
23276,False
23277,False
23278,False
23279,False
23280,False
23281,False
23282,False
23283,False
23284,False
23285,False
23286,False
23287,False
23288,False
23289,False
23290,False
23291,False
23292,False
23293,False
23294,False
23295,False
23296,False
23297,False
23298,False
23299,False
23300,False
23301,False
23302,False
23303,False
23304,False
23305,False
23306,False
23307,False
23308,True
23309,False
23310,False
23311,False
23312,False
23313,False
23314,False
23315,False
23316,False
23317,False
23318,False
23319,False
23320,False
23321,False
23322,False
23323,False
23324,False
23325,False
23326,False
23327,False
23328,False
23329,False
23330,False
23331,False
23332,False
23333,False
23334,False
23335,False
23336,False
23337,False
23338,False
23339,False
23340,False
23341,True
23342,False
23343,False
23344,False
23345,False
23346,False
23347,False
23348,False
23349,False
23350,False
23351,False
23352,False
23353,False
23354,False
23355,False
23356,False
23357,False
23358,False
23359,False
23360,False
23361,False
23362,False
23363,False
23364,False
23365,False
23366,False
23367,False
23368,False
23369,False
23370,False
23371,True
23372,False
23373,False
23374,False
23375,False
23376,False
23377,False
23378,False
23379,False
23380,False
23381,False
23382,False
23383,False
23384,False
23385,False
23386,False
23387,False
23388,False
23389,False
23390,False
23391,False
23392,False
23393,False
23394,False
23395,False
23396,False
23397,False
23398,False
23399,False
23400,False
23401,False
23402,False
23403,False
23404,False
23405,False
23406,False
23407,False
23408,False
23409,False
23410,False
23411,False
23412,False
23413,False
23414,False
23415,False
23416,False
23417,False
23418,False
23419,False
23420,False
23421,False
23422,False
23423,False
23424,False
23425,False
23426,False
23427,False
23428,True
23429,False
23430,False
23431,True
23432,False
23433,False
23434,False
23435,False
23436,False
23437,False
23438,False
23439,False
23440,False
23441,False
23442,False
23443,False
23444,False
23445,False
23446,False
23447,False
23448,False
23449,False
23450,False
23451,False
23452,True
23453,False
23454,False
23455,False
23456,False
23457,False
23458,False
23459,False
23460,False
23461,False
23462,False
23463,False
23464,False
23465,False
23466,True
23467,False
23468,False
23469,False
23470,False
23471,False
23472,False
23473,False
23474,False
23475,False
23476,False
23477,False
23478,True
23479,False
23480,False
23481,False
23482,False
23483,False
23484,False
23485,True
23486,False
23487,False
23488,False
23489,False
23490,False
23491,False
23492,False
23493,False
23494,False
23495,False
23496,False
23497,False
23498,False
23499,False
23500,False
23501,False
23502,False
23503,False
23504,False
23505,False
23506,False
23507,False
23508,False
23509,False
23510,False
23511,False
23512,False
23513,False
23514,False
23515,False
23516,False
23517,False
23518,False
23519,False
23520,False
23521,False
23522,False
23523,False
23524,False
23525,False
23526,False
23527,False
23528,False
23529,False
23530,False
23531,False
23532,False
23533,False
23534,False
23535,False
23536,False
23537,False
23538,False
23539,False
23540,False
23541,False
23542,False
23543,False
23544,False
23545,False
23546,False
23547,False
23548,False
23549,False
23550,False
23551,False
23552,False
23553,False
23554,False
23555,False
23556,False
23557,False
23558,False
23559,False
23560,False
23561,False
23562,False
23563,False
23564,False
23565,False
23566,False
23567,False
23568,False
23569,False
23570,False
23571,False
23572,False
23573,False
23574,False
23575,False
23576,False
23577,False
23578,False
23579,False
23580,False
23581,False
23582,False
23583,False
23584,False
23585,False
23586,False
23587,False
23588,False
23589,False
23590,False
23591,False
23592,False
23593,True
23594,False
23595,False
23596,False
23597,False
23598,True
23599,False
23600,False
23601,False
23602,False
23603,False
23604,False
23605,False
23606,False
23607,False
23608,False
23609,False
23610,False
23611,False
23612,False
23613,False
23614,False
23615,False
23616,False
23617,False
23618,False
23619,False
23620,False
23621,False
23622,False
23623,False
23624,True
23625,False
23626,False
23627,False
23628,False
23629,False
23630,False
23631,False
23632,False
23633,False
23634,False
23635,False
23636,False
23637,False
23638,False
23639,False
23640,False
23641,False
23642,False
23643,False
23644,False
23645,False
23646,False
23647,False
23648,False
23649,False
23650,False
23651,False
23652,False
23653,False
23654,False
23655,False
23656,False
23657,False
23658,True
23659,False
23660,False
23661,False
23662,False
23663,False
23664,False
23665,False
23666,False
23667,False
23668,False
23669,False
23670,False
23671,False
23672,False
23673,False
23674,False
23675,False
23676,False
23677,False
23678,False
23679,False
23680,False
23681,False
23682,False
23683,False
23684,False
23685,False
23686,False
23687,False
23688,False
23689,True
23690,False
23691,False
23692,False
23693,False
23694,False
23695,False
23696,False
23697,False
23698,False
23699,False
23700,False
23701,False
23702,False
23703,False
23704,False
23705,True
23706,False
23707,False
23708,False
23709,False
23710,False
23711,False
23712,False
23713,False
23714,False
23715,False
23716,False
23717,False
23718,False
23719,False
23720,False
23721,False
23722,False
23723,True
23724,False
23725,False
23726,False
23727,False
23728,False
23729,False
23730,False
23731,False
23732,False
23733,False
23734,False
23735,False
23736,True
23737,False
23738,False
23739,False
23740,False
23741,False
23742,False
23743,False
23744,False
23745,False
23746,False
23747,False
23748,False
23749,False
23750,False
23751,False
23752,False
23753,False
23754,False
23755,False
23756,True
23757,True
23758,False
23759,False
23760,False
23761,False
23762,False
23763,False
23764,False
23765,False
23766,False
23767,False
23768,False
23769,False
23770,False
23771,False
23772,False
23773,False
23774,True
23775,False
23776,False
23777,False
23778,False
23779,False
23780,False
23781,False
23782,False
23783,False
23784,False
23785,False
23786,False
23787,False
23788,False
23789,False
23790,False
23791,False
23792,False
23793,False
23794,False
23795,False
23796,False
23797,False
23798,False
23799,False
23800,False
23801,False
23802,False
23803,False
23804,False
23805,False
23806,False
23807,True
23808,False
23809,False
23810,False
23811,False
23812,False
23813,False
23814,False
23815,False
23816,False
23817,False
23818,False
23819,False
23820,False
23821,False
23822,False
23823,False
23824,False
23825,False
23826,False
23827,False
23828,False
23829,False
23830,False
23831,False
23832,False
23833,False
23834,False
23835,False
23836,False
23837,False
23838,False
23839,False
23840,False
23841,False
23842,False
23843,False
23844,False
23845,False
23846,False
23847,False
23848,False
23849,False
23850,False
23851,False
23852,False
23853,False
23854,False
23855,False
23856,False
23857,False
23858,False
23859,False
23860,False
23861,False
23862,False
23863,False
23864,False
23865,False
23866,False
23867,False
23868,False
23869,False
23870,False
23871,False
23872,False
23873,False
23874,False
23875,False
23876,False
23877,False
23878,False
23879,False
23880,True
23881,False
23882,False
23883,False
23884,False
23885,False
23886,False
23887,False
23888,False
23889,False
23890,False
23891,False
23892,False
23893,False
23894,False
23895,False
23896,False
23897,False
23898,False
23899,False
23900,False
23901,False
23902,False
23903,False
23904,False
23905,False
23906,False
23907,False
23908,False
23909,False
23910,False
23911,False
23912,False
23913,False
23914,False
23915,False
23916,False
23917,False
23918,False
23919,False
23920,False
23921,False
23922,False
23923,False
23924,False
23925,False
23926,False
23927,False
23928,False
23929,False
23930,False
23931,True
23932,False
23933,False
23934,False
23935,False
23936,False
23937,False
23938,False
23939,False
23940,False
23941,True
23942,False
23943,False
23944,False
23945,True
23946,False
23947,False
23948,False
23949,False
23950,False
23951,False
23952,False
23953,False
23954,False
23955,False
23956,False
23957,True
23958,False
23959,False
23960,False
23961,False
23962,False
23963,False
23964,False
23965,False
23966,False
23967,False
23968,False
23969,True
23970,False
23971,False
23972,False
23973,False
23974,False
23975,False
23976,False
23977,False
23978,False
23979,False
23980,False
23981,False
23982,False
23983,False
23984,False
23985,False
23986,False
23987,False
23988,False
23989,False
23990,False
23991,False
23992,False
23993,False
23994,False
23995,False
23996,False
23997,False
23998,False
23999,False
24000,False
24001,False
24002,False
24003,False
24004,False
24005,False
24006,False
24007,False
24008,False
24009,False
24010,False
24011,False
24012,False
24013,False
24014,False
24015,False
24016,False
24017,False
24018,False
24019,False
24020,False
24021,False
24022,False
24023,False
24024,False
24025,False
24026,False
24027,False
24028,False
24029,False
24030,False
24031,False
24032,False
24033,False
24034,False
24035,False
24036,False
24037,False
24038,False
24039,False
24040,False
24041,False
24042,False
24043,False
24044,False
24045,False
24046,False
24047,False
24048,False
24049,False
24050,False
24051,False
24052,False
24053,False
24054,False
24055,False
24056,False
24057,False
24058,False
24059,False
24060,False
24061,False
24062,False
24063,False
24064,False
24065,False
24066,False
24067,False
24068,False
24069,False
24070,False
24071,False
24072,False
24073,False
24074,False
24075,False
24076,False
24077,False
24078,False
24079,False
24080,False
24081,False
24082,False
24083,True
24084,True
24085,False
24086,False
24087,False
24088,False
24089,False
24090,False
24091,False
24092,False
24093,False
24094,False
24095,False
24096,False
24097,False
24098,False
24099,False
24100,False
24101,False
24102,False
24103,False
24104,False
24105,False
24106,False
24107,False
24108,False
24109,False
24110,False
24111,False
24112,False
24113,False
24114,False
24115,False
24116,False
24117,False
24118,False
24119,False
24120,False
24121,False
24122,False
24123,False
24124,False
24125,False
24126,False
24127,True
24128,False
24129,False
24130,False
24131,False
24132,False
24133,False
24134,False
24135,False
24136,False
24137,False
24138,False
24139,False
24140,False
24141,False
24142,False
24143,False
24144,False
24145,False
24146,False
24147,False
24148,False
24149,False
24150,False
24151,False
24152,False
24153,False
24154,False
24155,False
24156,False
24157,False
24158,False
24159,False
24160,False
24161,False
24162,False
24163,False
24164,False
24165,False
24166,False
24167,False
24168,False
24169,False
24170,False
24171,False
24172,False
24173,False
24174,False
24175,False
24176,False
24177,False
24178,False
24179,False
24180,False
24181,False
24182,False
24183,False
24184,False
24185,False
24186,False
24187,False
24188,False
24189,False
24190,False
24191,False
24192,False
24193,False
24194,False
24195,False
24196,False
24197,False
24198,False
24199,False
24200,False
24201,False
24202,False
24203,False
24204,False
24205,False
24206,False
24207,False
24208,False
24209,False
24210,False
24211,False
24212,False
24213,False
24214,False
24215,False
24216,False
24217,False
24218,False
24219,False
24220,False
24221,False
24222,False
24223,False
24224,False
24225,True
24226,False
24227,False
24228,False
24229,False
24230,False
24231,False
24232,False
24233,False
24234,False
24235,False
24236,False
24237,False
24238,False
24239,False
24240,False
24241,False
24242,False
24243,False
24244,True
24245,False
24246,False
24247,False
24248,False
24249,False
24250,False
24251,False
24252,False
24253,False
24254,False
24255,False
24256,False
24257,False
24258,True
24259,False
24260,False
24261,False
24262,True
24263,False
24264,False
24265,False
24266,False
24267,False
24268,False
24269,False
24270,False
24271,False
24272,False
24273,False
24274,False
24275,False
24276,False
24277,False
24278,False
24279,False
24280,False
24281,False
24282,True
24283,False
24284,False
24285,False
24286,False
24287,False
24288,False
24289,False
24290,False
24291,False
24292,False
24293,False
24294,False
24295,False
24296,False
24297,False
24298,False
24299,True
24300,False
24301,False
24302,False
24303,False
24304,False
24305,False
24306,False
24307,False
24308,False
24309,False
24310,False
24311,False
24312,False
24313,False
24314,False
24315,False
24316,True
24317,False
24318,True
24319,False
24320,True
24321,False
24322,False
24323,False
24324,False
24325,False
24326,False
24327,False
24328,True
24329,False
24330,False
24331,False
24332,False
24333,False
24334,False
24335,False
24336,False
24337,False
24338,False
24339,False
24340,False
24341,False
24342,False
24343,False
24344,False
24345,False
24346,False
24347,False
24348,False
24349,False
24350,False
24351,False
24352,False
24353,False
24354,False
24355,False
24356,False
24357,True
24358,False
24359,False
24360,False
24361,False
24362,False
24363,False
24364,False
24365,False
24366,False
24367,False
24368,False
24369,False
24370,False
24371,False
24372,False
24373,False
24374,False
24375,False
24376,False
24377,False
24378,False
24379,False
24380,False
24381,False
24382,False
24383,False
24384,False
24385,False
24386,False
24387,False
24388,False
24389,False
24390,False
24391,False
24392,False
24393,False
24394,False
24395,False
24396,False
24397,False
24398,True
24399,False
24400,False
24401,False
24402,False
24403,False
24404,False
24405,False
24406,False
24407,False
24408,False
24409,False
24410,False
24411,False
24412,False
24413,False
24414,False
24415,False
24416,False
24417,False
24418,False
24419,False
24420,False
24421,False
24422,False
24423,False
24424,False
24425,False
24426,False
24427,False
24428,False
24429,True
24430,False
24431,False
24432,False
24433,False
24434,False
24435,False
24436,False
24437,False
24438,False
24439,False
24440,False
24441,False
24442,False
24443,False
24444,False
24445,False
24446,False
24447,False
24448,False
24449,False
24450,False
24451,False
24452,False
24453,True
24454,False
24455,False
24456,True
24457,False
24458,False
24459,False
24460,False
24461,False
24462,False
24463,False
24464,False
24465,False
24466,False
24467,False
24468,False
24469,True
24470,False
24471,False
24472,False
24473,False
24474,False
24475,False
24476,False
24477,False
24478,False
24479,False
24480,False
24481,False
24482,False
24483,False
24484,False
24485,False
24486,False
24487,False
24488,False
24489,False
24490,False
24491,False
24492,False
24493,False
24494,False
24495,False
24496,False
24497,False
24498,False
24499,False
24500,False
24501,False
24502,False
24503,False
24504,False
24505,False
24506,False
24507,False
24508,False
24509,False
24510,False
24511,False
24512,False
24513,False
24514,False
24515,False
24516,False
24517,False
24518,False
24519,False
24520,False
24521,False
24522,False
24523,False
24524,False
24525,False
24526,False
24527,False
24528,False
24529,False
24530,False
24531,False
24532,False
24533,False
24534,False
24535,False
24536,False
24537,False
24538,False
24539,False
24540,False
24541,False
24542,False
24543,False
24544,False
24545,False
24546,False
24547,False
24548,False
24549,False
24550,False
24551,False
24552,False
24553,False
24554,False
24555,False
24556,False
24557,False
24558,False
24559,False
24560,False
24561,False
24562,False
24563,False
24564,False
24565,False
24566,False
24567,False
24568,False
24569,False
24570,False
24571,False
24572,False
24573,False
24574,False
24575,False
24576,False
24577,False
24578,False
24579,False
24580,False
24581,False
24582,False
24583,False
24584,True
24585,True
24586,False
24587,False
24588,False
24589,False
24590,False
24591,False
24592,False
24593,False
24594,False
24595,False
24596,False
24597,False
24598,False
24599,False
24600,True
24601,False
24602,False
24603,False
24604,False
24605,False
24606,False
24607,False
24608,False
24609,False
24610,False
24611,False
24612,True
24613,False
24614,True
24615,False
24616,False
24617,False
24618,False
24619,False
24620,False
24621,False
24622,False
24623,False
24624,False
24625,False
24626,False
24627,False
24628,False
24629,False
24630,False
24631,False
24632,False
24633,False
24634,False
24635,False
24636,True
24637,False
24638,False
24639,False
24640,False
24641,False
24642,False
24643,False
24644,False
24645,False
24646,False
24647,False
24648,False
24649,False
24650,False
24651,False
24652,False
24653,False
24654,False
24655,False
24656,False
24657,False
24658,False
24659,False
24660,False
24661,False
24662,False
24663,False
24664,False
24665,False
24666,True
24667,False
24668,False
24669,False
24670,False
24671,False
24672,False
24673,False
24674,False
24675,False
24676,False
24677,False
24678,False
24679,False
24680,False
24681,False
24682,False
24683,False
24684,False
24685,False
24686,False
24687,False
24688,False
24689,False
24690,False
24691,False
24692,False
24693,False
24694,False
24695,False
24696,False
24697,False
24698,False
24699,False
24700,False
24701,False
24702,False
24703,False
24704,False
24705,False
24706,False
24707,False
24708,False
24709,False
24710,False
24711,False
24712,False
24713,False
24714,False
24715,False
24716,False
24717,False
24718,False
24719,False
24720,False
24721,False
24722,False
24723,False
24724,True
24725,False
24726,False
24727,False
24728,False
24729,False
24730,True
24731,False
24732,False
24733,False
24734,False
24735,False
24736,False
24737,False
24738,False
24739,False
24740,False
24741,False
24742,False
24743,False
24744,False
24745,False
24746,False
24747,False
24748,False
24749,False
24750,False
24751,False
24752,False
24753,False
24754,False
24755,False
24756,False
24757,False
24758,False
24759,False
24760,False
24761,False
24762,False
24763,False
24764,False
24765,False
24766,False
24767,False
24768,False
24769,False
24770,False
24771,False
24772,False
24773,False
24774,False
24775,False
24776,False
24777,False
24778,False
24779,False
24780,False
24781,False
24782,False
24783,False
24784,False
24785,False
24786,False
24787,False
24788,False
24789,False
24790,False
24791,False
24792,False
24793,False
24794,False
24795,False
24796,False
24797,False
24798,False
24799,False
24800,False
24801,False
24802,False
24803,False
24804,False
24805,False
24806,False
24807,False
24808,False
24809,False
24810,False
24811,False
24812,False
24813,False
24814,False
24815,False
24816,False
24817,False
24818,False
24819,False
24820,False
24821,False
24822,False
24823,False
24824,False
24825,False
24826,False
24827,False
24828,False
24829,False
24830,False
24831,False
24832,False
24833,False
24834,False
24835,False
24836,False
24837,False
24838,False
24839,False
24840,False
24841,False
24842,False
24843,False
24844,False
24845,False
24846,False
24847,False
24848,False
24849,False
24850,False
24851,False
24852,False
24853,False
24854,False
24855,False
24856,False
24857,False
24858,False
24859,False
24860,True
24861,False
24862,False
24863,False
24864,False
24865,False
24866,False
24867,False
24868,False
24869,False
24870,False
24871,False
24872,False
24873,False
24874,False
24875,False
24876,False
24877,False
24878,False
24879,False
24880,False
24881,False
24882,False
24883,False
24884,False
24885,False
24886,False
24887,False
24888,False
24889,False
24890,False
24891,False
24892,False
24893,False
24894,False
24895,False
24896,False
24897,False
24898,False
24899,False
24900,False
24901,False
24902,False
24903,False
24904,False
24905,False
24906,False
24907,False
24908,False
24909,False
24910,False
24911,False
24912,False
24913,False
24914,False
24915,False
24916,False
24917,False
24918,False
24919,False
24920,False
24921,False
24922,False
24923,False
24924,False
24925,False
24926,False
24927,False
24928,False
24929,False
24930,False
24931,False
24932,False
24933,False
24934,False
24935,False
24936,False
24937,True
24938,False
24939,False
24940,False
24941,False
24942,False
24943,False
24944,False
24945,False
24946,False
24947,False
24948,False
24949,False
24950,False
24951,False
24952,False
24953,False
24954,False
24955,False
24956,False
24957,False
24958,False
24959,False
24960,False
24961,False
24962,False
24963,False
24964,False
24965,True
24966,False
24967,False
24968,False
24969,False
24970,False
24971,False
24972,False
24973,False
24974,False
24975,False
24976,False
24977,False
24978,False
24979,False
24980,False
24981,False
24982,False
24983,False
24984,False
24985,False
24986,False
24987,False
24988,False
24989,False
24990,False
24991,True
24992,False
24993,False
24994,False
24995,False
24996,False
24997,False
24998,False
24999,False
25000,False
25001,False
25002,False
25003,False
25004,False
25005,False
25006,False
25007,False
25008,False
25009,False
25010,False
25011,False
25012,False
25013,False
25014,False
25015,False
25016,False
25017,False
25018,False
25019,False
25020,False
25021,False
25022,False
25023,True
25024,False
25025,False
25026,False
25027,False
25028,False
25029,False
25030,False
25031,False
25032,False
25033,False
25034,True
25035,False
25036,False
25037,False
25038,False
25039,False
25040,False
25041,False
25042,False
25043,False
25044,False
25045,False
25046,True
25047,False
25048,False
25049,False
25050,False
25051,False
25052,False
25053,False
25054,False
25055,True
25056,False
25057,False
25058,False
25059,False
25060,False
25061,False
25062,False
25063,True
25064,False
25065,False
25066,False
25067,False
25068,False
25069,False
25070,False
25071,False
25072,False
25073,False
25074,False
25075,False
25076,False
25077,False
25078,False
25079,False
25080,False
25081,False
25082,False
25083,False
25084,False
25085,False
25086,False
25087,False
25088,False
25089,False
25090,False
25091,False
25092,False
25093,False
25094,False
25095,False
25096,False
25097,False
25098,False
25099,False
25100,False
25101,False
25102,False
25103,False
25104,False
25105,False
25106,False
25107,False
25108,False
25109,False
25110,False
25111,False
25112,False
25113,False
25114,False
25115,False
25116,False
25117,False
25118,False
25119,False
25120,False
25121,False
25122,False
25123,False
25124,True
25125,False
25126,False
25127,False
25128,False
25129,False
25130,False
25131,False
25132,False
25133,False
25134,False
25135,False
25136,False
25137,False
25138,False
25139,True
25140,False
25141,False
25142,False
25143,False
25144,False
25145,False
25146,False
25147,False
25148,False
25149,False
25150,False
25151,False
25152,False
25153,False
25154,False
25155,False
25156,False
25157,False
25158,False
25159,False
25160,False
25161,False
25162,False
25163,False
25164,False
25165,False
25166,False
25167,False
25168,False
25169,False
25170,False
25171,False
25172,False
25173,False
25174,False
25175,False
25176,False
25177,False
25178,False
25179,False
25180,False
25181,False
25182,False
25183,False
25184,True
25185,False
25186,False
25187,False
25188,False
25189,False
25190,False
25191,False
25192,False
25193,False
25194,False
25195,False
25196,False
25197,False
25198,False
25199,False
25200,False
25201,False
25202,False
25203,False
25204,False
25205,False
25206,False
25207,False
25208,False
25209,False
25210,False
25211,False
25212,False
25213,False
25214,False
25215,False
25216,False
25217,False
25218,False
25219,False
25220,False
25221,False
25222,False
25223,False
25224,False
25225,False
25226,False
25227,False
25228,False
25229,False
25230,False
25231,False
25232,False
25233,False
25234,False
25235,False
25236,False
25237,False
25238,False
25239,False
25240,False
25241,False
25242,False
25243,False
25244,False
25245,False
25246,False
25247,False
25248,False
25249,False
25250,False
25251,False
25252,False
25253,False
25254,False
25255,False
25256,False
25257,False
25258,False
25259,False
25260,False
25261,False
25262,False
25263,False
25264,False
25265,False
25266,False
25267,False
25268,False
25269,False
25270,False
25271,False
25272,False
25273,False
25274,False
25275,False
25276,False
25277,False
25278,False
25279,False
25280,False
25281,False
25282,False
25283,False
25284,False
25285,False
25286,False
25287,False
25288,False
25289,False
25290,False
25291,False
25292,False
25293,False
25294,False
25295,False
25296,False
25297,False
25298,False
25299,False
25300,False
25301,False
25302,False
25303,False
25304,False
25305,False
25306,False
25307,True
25308,False
25309,False
25310,False
25311,False
25312,False
25313,False
25314,False
25315,False
25316,False
25317,False
25318,False
25319,False
25320,False
25321,False
25322,False
25323,False
25324,False
25325,False
25326,False
25327,False
25328,False
25329,False
25330,False
25331,False
25332,False
25333,False
25334,False
25335,False
25336,False
25337,False
25338,False
25339,False
25340,False
25341,False
25342,False
25343,False
25344,False
25345,False
25346,False
25347,True
25348,False
25349,False
25350,True
25351,False
25352,False
25353,False
25354,False
25355,False
25356,False
25357,False
25358,True
25359,False
25360,False
25361,False
25362,False
25363,False
25364,True
25365,False
25366,False
25367,False
25368,False
25369,False
25370,False
25371,False
25372,False
25373,True
25374,False
25375,False
25376,False
25377,False
25378,False
25379,False
25380,False
25381,False
25382,False
25383,False
25384,False
25385,False
25386,False
25387,False
25388,False
25389,False
25390,False
25391,False
25392,False
25393,False
25394,False
25395,False
25396,False
25397,False
25398,False
25399,False
25400,False
25401,False
25402,False
25403,False
25404,False
25405,False
25406,False
25407,False
25408,False
25409,False
25410,False
25411,False
25412,False
25413,True
25414,False
25415,False
25416,False
25417,False
25418,False
25419,False
25420,False
25421,False
25422,False
25423,False
25424,False
25425,False
25426,False
25427,False
25428,False
25429,False
25430,False
25431,False
25432,False
25433,False
25434,True
25435,False
25436,False
25437,False
25438,False
25439,False
25440,False
25441,False
25442,False
25443,False
25444,False
25445,False
25446,False
25447,False
25448,False
25449,False
25450,False
25451,False
25452,False
25453,False
25454,False
25455,False
25456,False
25457,False
25458,False
25459,False
25460,False
25461,False
25462,False
25463,False
25464,False
25465,False
25466,False
25467,False
25468,False
25469,False
25470,False
25471,False
25472,False
25473,False
25474,False
25475,False
25476,False
25477,False
25478,False
25479,False
25480,False
25481,False
25482,False
25483,False
25484,False
25485,False
25486,False
25487,False
25488,False
25489,False
25490,False
25491,False
25492,False
25493,False
25494,False
25495,False
25496,False
25497,False
25498,False
25499,False
25500,False
25501,False
25502,False
25503,False
25504,False
25505,False
25506,False
25507,False
25508,False
25509,False
25510,False
25511,False
25512,False
25513,False
25514,False
25515,False
25516,False
25517,False
25518,False
25519,False
25520,False
25521,False
25522,False
25523,False
25524,False
25525,False
25526,False
25527,True
25528,False
25529,False
25530,False
25531,False
25532,False
25533,False
25534,False
25535,False
25536,False
25537,False
25538,False
25539,False
25540,False
25541,False
25542,False
25543,False
25544,False
25545,False
25546,False
25547,False
25548,False
25549,False
25550,False
25551,False
25552,False
25553,False
25554,False
25555,False
25556,False
25557,False
25558,False
25559,True
25560,False
25561,False
25562,False
25563,False
25564,False
25565,False
25566,False
25567,False
25568,False
25569,False
25570,False
25571,False
25572,False
25573,False
25574,False
25575,False
25576,False
25577,False
25578,False
25579,False
25580,False
25581,False
25582,True
25583,False
25584,False
25585,False
25586,False
25587,False
25588,False
25589,False
25590,False
25591,False
25592,False
25593,False
25594,False
25595,False
25596,False
25597,False
25598,True
25599,False
25600,False
25601,False
25602,False
25603,False
25604,False
25605,False
25606,True
25607,False
25608,False
25609,False
25610,False
25611,False
25612,False
25613,False
25614,False
25615,False
25616,False
25617,False
25618,False
25619,False
25620,False
25621,False
25622,False
25623,False
25624,False
25625,False
25626,False
25627,False
25628,False
25629,False
25630,False
25631,False
25632,False
25633,False
25634,False
25635,False
25636,False
25637,False
25638,False
25639,False
25640,False
25641,False
25642,False
25643,False
25644,False
25645,False
25646,False
25647,False
25648,False
25649,False
25650,False
25651,False
25652,False
25653,False
25654,False
25655,False
25656,False
25657,False
25658,False
25659,False
25660,False
25661,False
25662,False
25663,False
25664,False
25665,False
25666,False
25667,False
25668,False
25669,False
25670,False
25671,False
25672,False
25673,False
25674,False
25675,False
25676,False
25677,False
25678,False
25679,False
25680,False
25681,False
25682,False
25683,False
25684,False
25685,False
25686,False
25687,False
25688,False
25689,False
25690,False
25691,False
25692,False
25693,False
25694,False
25695,False
25696,False
25697,False
25698,False
25699,False
25700,False
25701,False
25702,True
25703,False
25704,False
25705,False
25706,False
25707,False
25708,False
25709,False
25710,False
25711,False
25712,False
25713,False
25714,False
25715,True
25716,True
25717,False
25718,False
25719,False
25720,False
25721,False
25722,False
25723,False
25724,False
25725,False
25726,False
25727,False
25728,False
25729,False
25730,False
25731,False
25732,False
25733,False
25734,False
25735,False
25736,False
25737,False
25738,False
25739,False
25740,False
25741,False
25742,True
25743,False
25744,False
25745,False
25746,False
25747,False
25748,False
25749,False
25750,False
25751,False
25752,False
25753,False
25754,False
25755,False
25756,False
25757,False
25758,False
25759,False
25760,False
25761,False
25762,False
25763,False
25764,False
25765,False
25766,True
25767,False
25768,False
25769,False
25770,False
25771,False
25772,False
25773,False
25774,False
25775,False
25776,False
25777,False
25778,False
25779,False
25780,False
25781,False
25782,False
25783,False
25784,False
25785,False
25786,False
25787,False
25788,False
25789,False
25790,False
25791,False
25792,False
25793,False
25794,False
25795,False
25796,False
25797,False
25798,False
25799,False
25800,False
25801,False
25802,False
25803,False
25804,False
25805,False
25806,False
25807,False
25808,False
25809,False
25810,False
25811,False
25812,False
25813,False
25814,False
25815,False
25816,False
25817,False
25818,False
25819,False
25820,False
25821,False
25822,False
25823,False
25824,False
25825,False
25826,False
25827,False
25828,False
25829,False
25830,False
25831,False
25832,False
25833,False
25834,False
25835,False
25836,True
25837,False
25838,False
25839,False
25840,False
25841,False
25842,False
25843,False
25844,False
25845,False
25846,False
25847,False
25848,False
25849,False
25850,False
25851,False
25852,False
25853,False
25854,False
25855,False
25856,False
25857,True
25858,False
25859,False
25860,False
25861,False
25862,False
25863,False
25864,False
25865,False
25866,False
25867,False
25868,False
25869,False
25870,False
25871,False
25872,False
25873,False
25874,False
25875,False
25876,False
25877,False
25878,False
25879,False
25880,False
25881,False
25882,False
25883,False
25884,False
25885,False
25886,False
25887,False
25888,False
25889,False
25890,False
25891,False
25892,False
25893,False
25894,False
25895,False
25896,False
25897,False
25898,False
25899,False
25900,False
25901,False
25902,False
25903,False
25904,False
25905,False
25906,False
25907,False
25908,False
25909,False
25910,False
25911,False
25912,False
25913,False
25914,False
25915,False
25916,False
25917,False
25918,False
25919,False
25920,False
25921,False
25922,False
25923,False
25924,False
25925,False
25926,False
25927,False
25928,False
25929,False
25930,False
25931,False
25932,True
25933,False
25934,False
25935,False
25936,True
25937,False
25938,False
25939,False
25940,False
25941,False
25942,False
25943,False
25944,True
25945,False
25946,False
25947,False
25948,False
25949,False
25950,False
25951,False
25952,False
25953,False
25954,False
25955,True
25956,False
25957,False
25958,False
25959,False
25960,True
25961,False
25962,False
25963,False
25964,False
25965,False
25966,False
25967,False
25968,False
25969,False
25970,False
25971,False
25972,False
25973,False
25974,False
25975,False
25976,False
25977,False
25978,False
25979,False
25980,False
25981,False
25982,False
25983,False
25984,False
25985,False
25986,False
25987,False
25988,False
25989,False
25990,False
25991,False
25992,False
25993,False
25994,False
25995,False
25996,False
25997,False
25998,False
25999,False
26000,False
26001,False
26002,False
26003,False
26004,False
26005,False
26006,False
26007,False
26008,False
26009,False
26010,False
26011,False
26012,False
26013,False
26014,False
26015,True
26016,False
26017,False
26018,False
26019,False
26020,False
26021,False
26022,True
26023,False
26024,False
26025,False
26026,False
26027,False
26028,False
26029,False
26030,False
26031,False
26032,False
26033,False
26034,False
26035,False
26036,False
26037,False
26038,False
26039,False
26040,False
26041,False
26042,True
26043,False
26044,False
26045,False
26046,False
26047,False
26048,False
26049,False
26050,False
26051,False
26052,False
26053,False
26054,False
26055,False
26056,False
26057,False
26058,False
26059,False
26060,False
26061,False
26062,False
26063,False
26064,False
26065,False
26066,False
26067,False
26068,False
26069,False
26070,False
26071,False
26072,False
26073,False
26074,False
26075,False
26076,False
26077,False
26078,False
26079,False
26080,False
26081,False
26082,True
26083,False
26084,False
26085,False
26086,False
26087,False
26088,False
26089,False
26090,False
26091,False
26092,False
26093,False
26094,False
26095,False
26096,False
26097,False
26098,False
26099,False
26100,False
26101,False
26102,False
26103,False
26104,False
26105,False
26106,False
26107,False
26108,False
26109,True
26110,False
26111,False
26112,False
26113,False
26114,False
26115,False
26116,False
26117,False
26118,False
26119,False
26120,False
26121,False
26122,False
26123,True
26124,False
26125,False
26126,False
26127,False
26128,False
26129,False
26130,False
26131,False
26132,False
26133,False
26134,False
26135,False
26136,False
26137,False
26138,False
26139,False
26140,False
26141,False
26142,False
26143,False
26144,False
26145,False
26146,False
26147,False
26148,False
26149,False
26150,False
26151,False
26152,False
26153,False
26154,False
26155,False
26156,False
26157,False
26158,False
26159,False
26160,False
26161,False
26162,False
26163,False
26164,False
26165,False
26166,False
26167,False
26168,False
26169,False
26170,False
26171,False
26172,False
26173,False
26174,False
26175,False
26176,False
26177,False
26178,False
26179,False
26180,False
26181,False
26182,False
26183,False
26184,False
26185,False
26186,False
26187,False
26188,False
26189,False
26190,False
26191,False
26192,False
26193,False
26194,False
26195,False
26196,False
26197,False
26198,False
26199,False
26200,False
26201,False
26202,False
26203,False
26204,False
26205,False
26206,False
26207,False
26208,False
26209,False
26210,False
26211,False
26212,False
26213,False
26214,False
26215,False
26216,False
26217,False
26218,False
26219,False
26220,False
26221,False
26222,False
26223,False
26224,False
26225,False
26226,False
26227,False
26228,False
26229,False
26230,False
26231,False
26232,False
26233,False
26234,False
26235,False
26236,False
26237,False
26238,False
26239,False
26240,False
26241,False
26242,False
26243,False
26244,False
26245,False
26246,False
26247,True
26248,False
26249,False
26250,False
26251,False
26252,False
26253,False
26254,False
26255,True
26256,False
26257,False
26258,False
26259,False
26260,False
26261,False
26262,False
26263,False
26264,False
26265,False
26266,False
26267,False
26268,False
26269,False
26270,False
26271,False
26272,False
26273,False
26274,False
26275,False
26276,False
26277,False
26278,False
26279,False
26280,False
26281,False
26282,False
26283,False
26284,False
26285,False
26286,False
26287,False
26288,False
26289,False
26290,False
26291,False
26292,False
26293,False
26294,False
26295,False
26296,False
26297,False
26298,False
26299,False
26300,True
26301,False
26302,False
26303,False
26304,False
26305,False
26306,False
26307,False
26308,False
26309,False
26310,False
26311,False
26312,False
26313,False
26314,False
26315,False
26316,False
26317,False
26318,False
26319,False
26320,False
26321,False
26322,False
26323,False
26324,False
26325,False
26326,False
26327,False
26328,False
26329,False
26330,False
26331,False
26332,False
26333,False
26334,False
26335,False
26336,False
26337,True
26338,False
26339,False
26340,False
26341,False
26342,False
26343,False
26344,False
26345,False
26346,True
26347,False
26348,False
26349,False
26350,False
26351,False
26352,False
26353,False
26354,False
26355,True
26356,False
26357,False
26358,False
26359,False
26360,False
26361,False
26362,True
26363,False
26364,False
26365,False
26366,False
26367,False
26368,False
26369,False
26370,False
26371,False
26372,False
26373,False
26374,False
26375,False
26376,False
26377,False
26378,False
26379,False
26380,False
26381,False
26382,False
26383,True
26384,False
26385,False
26386,False
26387,False
26388,False
26389,False
26390,False
26391,False
26392,False
26393,False
26394,False
26395,False
26396,True
26397,False
26398,False
26399,False
26400,False
26401,False
26402,False
26403,False
26404,False
26405,False
26406,True
26407,False
26408,False
26409,False
26410,False
26411,False
26412,False
26413,False
26414,False
26415,False
26416,False
26417,False
26418,False
26419,True
26420,False
26421,False
26422,False
26423,False
26424,False
26425,False
26426,False
26427,False
26428,False
26429,False
26430,False
26431,False
26432,True
26433,False
26434,False
26435,False
26436,False
26437,False
26438,False
26439,False
26440,False
26441,False
26442,True
26443,True
26444,True
26445,False
26446,False
26447,False
26448,False
26449,False
26450,False
26451,False
26452,False
26453,False
26454,False
26455,False
26456,False
26457,False
26458,False
26459,False
26460,False
26461,False
26462,False
26463,False
26464,False
26465,False
26466,False
26467,False
26468,False
26469,True
26470,False
26471,False
26472,False
26473,False
26474,False
26475,False
26476,False
26477,False
26478,False
26479,False
26480,False
26481,False
26482,False
26483,False
26484,False
26485,False
26486,False
26487,False
26488,False
26489,False
26490,False
26491,False
26492,False
26493,False
26494,False
26495,False
26496,False
26497,False
26498,False
26499,False
26500,False
26501,False
26502,False
26503,False
26504,False
26505,False
26506,False
26507,False
26508,False
26509,False
26510,False
26511,False
26512,False
26513,False
26514,False
26515,False
26516,False
26517,False
26518,False
26519,False
26520,False
26521,False
26522,False
26523,False
26524,False
26525,False
26526,False
26527,False
26528,False
26529,False
26530,True
26531,False
26532,False
26533,False
26534,False
26535,False
26536,False
26537,False
26538,False
26539,False
26540,False
26541,False
26542,False
26543,False
26544,False
26545,False
26546,False
26547,False
26548,False
26549,False
26550,False
26551,False
26552,True
26553,True
26554,True
26555,False
26556,False
26557,True
26558,False
26559,False
26560,False
26561,False
26562,False
26563,False
26564,False
26565,False
26566,False
26567,False
26568,False
26569,False
26570,False
26571,False
26572,False
26573,False
26574,False
26575,False
26576,False
26577,False
26578,False
26579,False
26580,False
26581,False
26582,False
26583,False
26584,True
26585,False
26586,False
26587,False
26588,False
26589,False
26590,False
26591,False
26592,False
26593,False
26594,False
26595,False
26596,False
26597,False
26598,False
26599,False
26600,False
26601,False
26602,False
26603,False
26604,False
26605,False
26606,False
26607,False
26608,False
26609,False
26610,False
26611,False
26612,False
26613,False
26614,False
26615,False
26616,False
26617,False
26618,False
26619,False
26620,False
26621,False
26622,False
26623,False
26624,False
26625,False
26626,False
26627,False
26628,False
26629,False
26630,False
26631,False
26632,False
26633,False
26634,False
26635,False
26636,False
26637,False
26638,False
26639,False
26640,False
26641,False
26642,False
26643,False
26644,False
26645,False
26646,False
26647,False
26648,False
26649,False
26650,False
26651,False
26652,False
26653,False
26654,False
26655,False
26656,False
26657,False
26658,False
26659,False
26660,False
26661,False
26662,False
26663,False
26664,False
26665,False
26666,False
26667,False
26668,False
26669,False
26670,False
26671,False
26672,False
26673,False
26674,False
26675,False
26676,True
26677,False
26678,True
26679,False
26680,False
26681,False
26682,False
26683,False
26684,False
26685,False
26686,False
26687,False
26688,False
26689,False
26690,False
26691,False
26692,False
26693,False
26694,False
26695,False
26696,False
26697,False
26698,False
26699,False
26700,False
26701,False
26702,False
26703,False
26704,False
26705,False
26706,False
26707,False
26708,False
26709,False
26710,False
26711,False
26712,False
26713,False
26714,False
26715,False
26716,False
26717,False
26718,False
26719,False
26720,False
26721,False
26722,True
26723,False
26724,False
26725,False
26726,True
26727,False
26728,False
26729,False
26730,False
26731,False
26732,False
26733,False
26734,False
26735,False
26736,False
26737,False
26738,False
26739,False
26740,False
26741,False
26742,False
26743,False
26744,False
26745,False
26746,False
26747,False
26748,False
26749,False
26750,False
26751,False
26752,False
26753,False
26754,False
26755,False
26756,False
26757,False
26758,False
26759,False
26760,False
26761,False
26762,False
26763,False
26764,False
26765,False
26766,False
26767,False
26768,False
26769,False
26770,False
26771,False
26772,False
26773,False
26774,False
26775,False
26776,False
26777,False
26778,False
26779,False
26780,False
26781,False
26782,False
26783,False
26784,True
26785,False
26786,False
26787,False
26788,False
26789,False
26790,False
26791,False
26792,False
26793,False
26794,False
26795,False
26796,False
26797,False
26798,False
26799,False
26800,False
26801,False
26802,False
26803,False
26804,False
26805,False
26806,False
26807,False
26808,True
26809,False
26810,False
26811,False
26812,False
26813,False
26814,False
26815,False
26816,False
26817,False
26818,False
26819,False
26820,False
26821,True
26822,False
26823,False
26824,False
26825,False
26826,False
26827,False
26828,False
26829,False
26830,False
26831,False
26832,False
26833,False
26834,False
26835,False
26836,False
26837,False
26838,False
26839,False
26840,False
26841,False
26842,False
26843,False
26844,False
26845,False
26846,False
26847,True
26848,False
26849,False
26850,False
26851,False
26852,False
26853,False
26854,False
26855,False
26856,False
26857,False
26858,False
26859,False
26860,False
26861,False
26862,False
26863,False
26864,False
26865,False
26866,False
26867,False
26868,False
26869,False
26870,False
26871,False
26872,False
26873,False
26874,False
26875,False
26876,False
26877,False
26878,False
26879,False
26880,False
26881,False
26882,False
26883,True
26884,False
26885,False
26886,False
26887,False
26888,False
26889,False
26890,False
26891,False
26892,False
26893,False
26894,False
26895,False
26896,False
26897,False
26898,False
26899,False
26900,False
26901,False
26902,False
26903,False
26904,False
26905,False
26906,False
26907,False
26908,False
26909,False
26910,False
26911,False
26912,False
26913,False
26914,False
26915,False
26916,False
26917,False
26918,False
26919,False
26920,False
26921,False
26922,False
26923,False
26924,False
26925,False
26926,False
26927,False
26928,False
26929,False
26930,False
26931,False
26932,True
26933,False
26934,False
26935,False
26936,False
26937,False
26938,False
26939,False
26940,False
26941,False
26942,False
26943,False
26944,False
26945,False
26946,False
26947,False
26948,False
26949,False
26950,False
26951,False
26952,False
26953,False
26954,False
26955,False
26956,False
26957,False
26958,False
26959,False
26960,False
26961,False
26962,False
26963,False
26964,False
26965,False
26966,False
26967,False
26968,False
26969,False
26970,True
26971,False
26972,True
26973,False
26974,False
26975,False
26976,False
26977,False
26978,False
26979,False
26980,False
26981,False
26982,False
26983,False
26984,False
26985,False
26986,False
26987,False
26988,True
26989,False
26990,False
26991,False
26992,False
26993,False
26994,False
26995,False
26996,False
26997,False
26998,False
26999,False
27000,False
27001,False
27002,True
27003,False
27004,False
27005,False
27006,False
27007,False
27008,False
27009,True
27010,False
27011,False
27012,False
27013,False
27014,False
27015,False
27016,False
27017,False
27018,False
27019,False
27020,False
27021,False
27022,False
27023,False
27024,False
27025,False
27026,False
27027,False
27028,False
27029,False
27030,False
27031,False
27032,False
27033,False
27034,False
27035,False
27036,False
27037,False
27038,False
27039,False
27040,False
27041,False
27042,False
27043,False
27044,False
27045,False
27046,False
27047,False
27048,False
27049,False
27050,False
27051,False
27052,False
27053,False
27054,True
27055,False
27056,False
27057,False
27058,False
27059,False
27060,False
27061,False
27062,False
27063,False
27064,False
27065,False
27066,False
27067,False
27068,False
27069,True
27070,False
27071,False
27072,False
27073,False
27074,False
27075,False
27076,False
27077,False
27078,False
27079,False
27080,False
27081,False
27082,False
27083,False
27084,False
27085,False
27086,False
27087,False
27088,False
27089,False
27090,False
27091,False
27092,True
27093,False
27094,False
27095,False
27096,False
27097,False
27098,False
27099,False
27100,False
27101,False
27102,False
27103,False
27104,False
27105,False
27106,False
27107,False
27108,False
27109,False
27110,False
27111,False
27112,False
27113,False
27114,False
27115,False
27116,False
27117,False
27118,False
27119,False
27120,False
27121,False
27122,False
27123,False
27124,False
27125,False
27126,False
27127,False
27128,False
27129,False
27130,False
27131,False
27132,False
27133,False
27134,True
27135,False
27136,False
27137,False
27138,False
27139,False
27140,False
27141,False
27142,False
27143,False
27144,False
27145,False
27146,False
27147,False
27148,False
27149,False
27150,False
27151,False
27152,False
27153,False
27154,False
27155,False
27156,False
27157,False
27158,False
27159,False
27160,False
27161,False
27162,False
27163,False
27164,False
27165,False
27166,False
27167,False
27168,False
27169,False
27170,False
27171,False
27172,False
27173,False
27174,False
27175,False
27176,False
27177,False
27178,False
27179,False
27180,False
27181,False
27182,False
27183,False
27184,False
27185,False
27186,True
27187,False
27188,False
27189,False
27190,False
27191,False
27192,False
27193,False
27194,False
27195,False
27196,False
27197,False
27198,True
27199,False
27200,False
27201,False
27202,False
27203,False
27204,False
27205,False
27206,False
27207,False
27208,False
27209,False
27210,False
27211,False
27212,False
27213,False
27214,False
27215,False
27216,False
27217,False
27218,False
27219,False
27220,False
27221,False
27222,False
27223,False
27224,False
27225,False
27226,False
27227,False
27228,False
27229,False
27230,False
27231,False
27232,False
27233,False
27234,False
27235,False
27236,False
27237,False
27238,False
27239,False
27240,False
27241,False
27242,False
27243,False
27244,False
27245,False
27246,False
27247,False
27248,True
27249,False
27250,False
27251,False
27252,False
27253,False
27254,False
27255,False
27256,False
27257,False
27258,False
27259,False
27260,False
27261,False
27262,False
27263,False
27264,False
27265,False
27266,False
27267,False
27268,False
27269,False
27270,False
27271,False
27272,False
27273,False
27274,False
27275,False
27276,False
27277,False
27278,False
27279,False
27280,True
27281,False
27282,False
27283,False
27284,False
27285,False
27286,False
27287,False
27288,False
27289,False
27290,False
27291,False
27292,False
27293,False
27294,False
27295,False
27296,False
27297,False
27298,False
27299,False
27300,False
27301,False
27302,False
27303,False
27304,False
27305,False
27306,False
27307,False
27308,False
27309,False
27310,False
27311,False
27312,False
27313,False
27314,False
27315,False
27316,False
27317,False
27318,False
27319,False
27320,False
27321,False
27322,False
27323,False
27324,False
27325,False
27326,False
27327,False
27328,False
27329,False
27330,True
27331,False
27332,False
27333,False
27334,False
27335,False
27336,False
27337,False
27338,False
27339,False
27340,False
27341,False
27342,False
27343,False
27344,False
27345,False
27346,False
27347,False
27348,False
27349,False
27350,False
27351,False
27352,False
27353,False
27354,False
27355,False
27356,False
27357,False
27358,False
27359,False
27360,False
27361,False
27362,False
27363,False
27364,False
27365,False
27366,False
27367,False
27368,False
27369,False
27370,False
27371,False
27372,False
27373,False
27374,False
27375,False
27376,False
27377,False
27378,False
27379,False
27380,False
27381,False
27382,False
27383,False
27384,False
27385,False
27386,False
27387,False
27388,False
27389,False
27390,False
27391,True
27392,False
27393,False
27394,False
27395,False
27396,False
27397,False
27398,False
27399,False
27400,False
27401,False
27402,False
27403,False
27404,False
27405,False
27406,False
27407,True
27408,False
27409,False
27410,False
27411,False
27412,False
27413,False
27414,False
27415,False
27416,False
27417,False
27418,False
27419,False
27420,False
27421,False
27422,False
27423,False
27424,False
27425,False
27426,False
27427,False
27428,False
27429,False
27430,False
27431,False
27432,True
27433,False
27434,False
27435,False
27436,False
27437,False
27438,False
27439,False
27440,False
27441,False
27442,False
27443,False
27444,False
27445,False
27446,False
27447,False
27448,False
27449,False
27450,False
27451,False
27452,False
27453,False
27454,False
27455,False
27456,False
27457,False
27458,False
27459,False
27460,True
27461,False
27462,True
27463,False
27464,False
27465,False
27466,False
27467,False
27468,False
27469,False
27470,False
27471,False
27472,False
27473,False
27474,False
27475,True
27476,False
27477,False
27478,False
27479,False
27480,False
27481,False
27482,False
27483,False
27484,False
27485,False
27486,False
27487,False
27488,True
27489,False
27490,False
27491,False
27492,False
27493,False
27494,False
27495,False
27496,False
27497,False
27498,False
27499,False
27500,False
27501,True
27502,False
27503,False
27504,False
27505,False
27506,False
27507,False
27508,False
27509,False
27510,False
27511,False
27512,False
27513,False
27514,False
27515,False
27516,False
27517,False
27518,True
27519,False
27520,False
27521,False
27522,False
27523,False
27524,False
27525,False
27526,False
27527,False
27528,False
27529,False
27530,True
27531,False
27532,False
27533,False
27534,False
27535,False
27536,False
27537,False
27538,True
27539,False
27540,False
27541,False
27542,False
27543,False
27544,False
27545,False
27546,False
27547,False
27548,False
27549,False
27550,False
27551,False
27552,False
27553,False
27554,False
27555,True
27556,False
27557,False
27558,False
27559,False
27560,False
27561,False
27562,False
27563,False
27564,False
27565,False
27566,False
27567,True
27568,False
27569,False
27570,False
27571,False
27572,False
27573,False
27574,False
27575,False
27576,False
27577,False
27578,True
27579,False
27580,False
27581,False
27582,False
27583,False
27584,False
27585,False
27586,False
27587,False
27588,False
27589,True
27590,False
27591,False
27592,False
27593,False
27594,False
27595,False
27596,False
27597,False
27598,False
27599,False
27600,False
27601,False
27602,False
27603,False
27604,False
27605,False
27606,False
27607,False
27608,False
27609,False
27610,False
27611,False
27612,False
27613,False
27614,True
27615,False
27616,False
27617,False
27618,False
27619,False
27620,False
27621,False
27622,False
27623,False
27624,False
27625,False
27626,True
27627,False
27628,False
27629,False
27630,False
27631,False
27632,False
27633,False
27634,False
27635,False
27636,False
27637,False
27638,False
27639,False
27640,False
27641,False
27642,False
27643,False
27644,False
27645,False
27646,False
27647,False
27648,False
27649,False
27650,False
27651,False
27652,False
27653,False
27654,False
27655,False
27656,True
27657,False
27658,False
27659,False
27660,False
27661,False
27662,False
27663,False
27664,False
27665,False
27666,False
27667,True
27668,False
27669,False
27670,False
27671,False
27672,False
27673,False
27674,False
27675,False
27676,False
27677,False
27678,False
27679,False
27680,False
27681,False
27682,False
27683,False
27684,False
27685,False
27686,False
27687,False
27688,False
27689,False
27690,False
27691,False
27692,False
27693,False
27694,False
27695,False
27696,False
27697,False
27698,False
27699,False
27700,False
27701,False
27702,False
27703,False
27704,False
27705,False
27706,False
27707,False
27708,False
27709,False
27710,False
27711,False
27712,False
27713,False
27714,False
27715,False
27716,False
27717,False
27718,False
27719,False
27720,False
27721,False
27722,False
27723,False
27724,False
27725,False
27726,False
27727,False
27728,False
27729,False
27730,False
27731,False
27732,False
27733,False
27734,False
27735,False
27736,False
27737,False
27738,True
27739,False
27740,False
27741,False
27742,False
27743,False
27744,False
27745,False
27746,False
27747,False
27748,False
27749,False
27750,False
27751,False
27752,False
27753,False
27754,False
27755,False
27756,True
27757,False
27758,False
27759,False
27760,False
27761,False
27762,False
27763,False
27764,False
27765,False
27766,False
27767,False
27768,False
27769,False
27770,False
27771,False
27772,False
27773,False
27774,False
27775,False
27776,False
27777,False
27778,False
27779,False
27780,False
27781,False
27782,False
27783,False
27784,False
27785,False
27786,False
27787,False
27788,False
27789,False
27790,False
27791,False
27792,False
27793,False
27794,False
27795,False
27796,True
27797,False
27798,False
27799,False
27800,False
27801,False
27802,False
27803,False
27804,False
27805,False
27806,False
27807,False
27808,False
27809,False
27810,False
27811,False
27812,False
27813,False
27814,False
27815,False
27816,False
27817,False
27818,False
27819,False
27820,False
27821,False
27822,False
27823,False
27824,False
27825,False
27826,False
27827,False
27828,False
27829,False
27830,False
27831,False
27832,False
27833,False
27834,False
27835,False
27836,False
27837,False
27838,False
27839,False
27840,False
27841,False
27842,False
27843,False
27844,False
27845,False
27846,True
27847,False
27848,False
27849,False
27850,False
27851,False
27852,False
27853,False
27854,False
27855,False
27856,False
27857,False
27858,False
27859,False
27860,False
27861,False
27862,False
27863,False
27864,False
27865,False
27866,True
27867,False
27868,False
27869,False
27870,False
27871,False
27872,False
27873,True
27874,False
27875,False
27876,False
27877,False
27878,False
27879,False
27880,False
27881,False
27882,False
27883,False
27884,False
27885,False
27886,False
27887,False
27888,False
27889,False
27890,False
27891,False
27892,False
27893,False
27894,False
27895,False
27896,False
27897,False
27898,False
27899,False
27900,False
27901,False
27902,False
27903,False
27904,False
27905,False
27906,True
27907,False
27908,False
27909,False
27910,False
27911,False
27912,False
27913,False
27914,False
27915,False
27916,False
27917,False
27918,False
27919,False
27920,False
27921,False
27922,False
27923,False
27924,False
27925,False
27926,False
27927,False
27928,False
27929,False
27930,False
27931,False
27932,False
27933,False
27934,False
27935,False
27936,False
27937,False
27938,True
27939,False
27940,False
27941,False
27942,False
27943,False
27944,False
27945,False
27946,False
27947,False
27948,False
27949,False
27950,False
27951,False
27952,False
27953,False
27954,False
27955,False
27956,False
27957,False
27958,False
27959,False
27960,False
27961,False
27962,False
27963,False
27964,False
27965,False
27966,False
27967,True
27968,False
27969,False
27970,False
27971,False
27972,False
27973,False
27974,False
27975,False
27976,False
27977,False
27978,False
27979,False
27980,False
27981,False
27982,False
27983,False
27984,True
27985,False
27986,False
27987,False
27988,False
27989,False
27990,False
27991,False
27992,False
27993,False
27994,False
27995,False
27996,True
27997,False
27998,False
27999,False
28000,False
28001,False
28002,False
28003,False
28004,False
28005,False
28006,False
28007,False
28008,False
28009,False
28010,False
28011,False
28012,False
28013,True
28014,True
28015,False
28016,False
28017,False
28018,False
28019,False
28020,False
28021,False
28022,False
28023,False
28024,False
28025,False
28026,False
28027,False
28028,False
28029,False
28030,False
28031,False
28032,False
28033,False
28034,False
28035,False
28036,False
28037,False
28038,False
28039,False
28040,False
28041,False
28042,False
28043,True
28044,False
28045,False
28046,False
28047,False
28048,False
28049,False
28050,False
28051,False
28052,True
28053,False
28054,False
28055,False
28056,False
28057,False
28058,False
28059,False
28060,False
28061,False
28062,False
28063,False
28064,False
28065,False
28066,False
28067,False
28068,False
28069,False
28070,False
28071,False
28072,False
28073,False
28074,False
28075,False
28076,False
28077,False
28078,False
28079,False
28080,False
28081,False
28082,False
28083,False
28084,False
28085,True
28086,True
28087,False
28088,False
28089,False
28090,False
28091,False
28092,False
28093,False
28094,False
28095,False
28096,False
28097,False
28098,False
28099,False
28100,False
28101,False
28102,False
28103,False
28104,False
28105,False
28106,False
28107,False
28108,False
28109,False
28110,False
28111,False
28112,False
28113,False
28114,False
28115,False
28116,False
28117,False
28118,False
28119,False
28120,False
28121,False
28122,False
28123,False
28124,False
28125,False
28126,False
28127,False
28128,False
28129,False
28130,False
28131,False
28132,True
28133,False
28134,False
28135,False
28136,False
28137,False
28138,False
28139,False
28140,False
28141,False
28142,False
28143,False
28144,False
28145,False
28146,False
28147,False
28148,False
28149,False
28150,False
28151,False
28152,False
28153,False
28154,False
28155,False
28156,False
28157,False
28158,False
28159,False
28160,False
28161,False
28162,False
28163,False
28164,False
28165,False
28166,False
28167,False
28168,False
28169,False
28170,False
28171,False
28172,False
28173,False
28174,False
28175,False
28176,False
28177,False
28178,False
28179,True
28180,False
28181,False
28182,False
28183,False
28184,False
28185,False
28186,False
28187,False
28188,False
28189,False
28190,False
28191,False
28192,False
28193,False
28194,False
28195,False
28196,False
28197,False
28198,False
28199,False
28200,False
28201,False
28202,False
28203,False
28204,False
28205,False
28206,False
28207,False
28208,False
28209,False
28210,False
28211,False
28212,False
28213,False
28214,False
28215,False
28216,True
28217,False
28218,False
28219,False
28220,False
28221,False
28222,False
28223,False
28224,False
28225,False
28226,False
28227,False
28228,False
28229,False
28230,False
28231,False
28232,False
28233,False
28234,False
28235,False
28236,False
28237,False
28238,False
28239,False
28240,False
28241,False
28242,False
28243,False
28244,False
28245,False
28246,False
28247,False
28248,False
28249,False
28250,False
28251,False
28252,False
28253,False
28254,False
28255,False
28256,False
28257,False
28258,False
28259,False
28260,False
28261,False
28262,False
28263,False
28264,False
28265,False
28266,False
28267,False
28268,False
28269,False
28270,False
28271,False
28272,False
28273,False
28274,False
28275,False
28276,False
28277,False
28278,False
28279,False
28280,False
28281,False
28282,False
28283,False
28284,False
28285,False
28286,False
28287,False
28288,False
28289,False
28290,False
28291,False
28292,False
28293,False
28294,False
28295,False
28296,False
28297,False
28298,False
28299,False
28300,False
28301,False
28302,False
28303,False
28304,False
28305,False
28306,False
28307,False
28308,False
28309,False
28310,False
28311,False
28312,False
28313,False
28314,False
28315,False
28316,False
28317,False
28318,False
28319,False
28320,False
28321,False
28322,False
28323,False
28324,False
28325,False
28326,False
28327,False
28328,False
28329,False
28330,False
28331,False
28332,False
28333,False
28334,False
28335,False
28336,False
28337,False
28338,False
28339,False
28340,False
28341,False
28342,False
28343,False
28344,False
28345,False
28346,False
28347,False
28348,False
28349,False
28350,False
28351,False
28352,False
28353,False
28354,False
28355,False
28356,False
28357,False
28358,True
28359,False
28360,False
28361,False
28362,False
28363,False
28364,False
28365,False
28366,False
28367,False
28368,False
28369,False
28370,False
28371,False
28372,False
28373,False
28374,False
28375,False
28376,False
28377,False
28378,False
28379,False
28380,False
28381,False
28382,False
28383,False
28384,False
28385,False
28386,False
28387,False
28388,False
28389,False
28390,False
28391,False
28392,False
28393,False
28394,False
28395,False
28396,False
28397,False
28398,False
28399,False
28400,False
28401,False
28402,False
28403,False
28404,False
28405,False
28406,True
28407,False
28408,False
28409,False
28410,False
28411,False
28412,False
28413,False
28414,False
28415,True
28416,False
28417,True
28418,False
28419,False
28420,False
28421,True
28422,False
28423,False
28424,False
28425,False
28426,False
28427,False
28428,False
28429,False
28430,False
28431,False
28432,False
28433,False
28434,False
28435,False
28436,False
28437,False
28438,False
28439,False
28440,False
28441,False
28442,False
28443,True
28444,False
28445,False
28446,False
28447,False
28448,False
28449,False
28450,False
28451,False
28452,False
28453,False
28454,False
28455,False
28456,False
28457,False
28458,False
28459,False
28460,False
28461,False
28462,False
28463,False
28464,True
28465,False
28466,False
28467,False
28468,False
28469,False
28470,False
28471,False
28472,False
28473,False
28474,False
28475,False
28476,False
28477,False
28478,False
28479,False
28480,False
28481,False
28482,False
28483,False
28484,False
28485,False
28486,False
28487,False
28488,False
28489,True
28490,False
28491,False
28492,False
28493,False
28494,False
28495,False
28496,False
28497,True
28498,False
28499,False
28500,False
28501,False
28502,False
28503,False
28504,False
28505,False
28506,False
28507,False
28508,False
28509,True
28510,False
28511,False
28512,False
28513,False
28514,False
28515,False
28516,False
28517,False
28518,False
28519,False
28520,False
28521,False
28522,False
28523,False
28524,False
28525,False
28526,False
28527,False
28528,False
28529,False
28530,False
28531,False
28532,False
28533,False
28534,False
28535,False
28536,False
28537,False
28538,False
28539,False
28540,False
28541,False
28542,False
28543,False
28544,True
28545,False
28546,False
28547,False
28548,False
28549,False
28550,False
28551,False
28552,False
28553,False
28554,False
28555,False
28556,False
28557,False
28558,False
28559,False
28560,False
28561,False
28562,False
28563,False
28564,False
28565,False
28566,False
28567,False
28568,False
28569,False
28570,False
28571,False
28572,False
28573,False
28574,False
28575,False
28576,False
28577,False
28578,False
28579,False
28580,False
28581,False
28582,False
28583,False
28584,False
28585,False
28586,True
28587,False
28588,False
28589,False
28590,False
28591,False
28592,True
28593,False
28594,False
28595,False
28596,False
28597,False
28598,False
28599,False
28600,False
28601,False
28602,False
28603,False
28604,False
28605,False
28606,False
28607,False
28608,False
28609,False
28610,False
28611,False
28612,False
28613,True
28614,False
28615,False
28616,False
28617,False
28618,False
28619,True
28620,False
28621,True
28622,True
28623,False
28624,False
28625,False
28626,False
28627,False
28628,False
28629,True
28630,False
28631,False
28632,False
28633,False
28634,False
28635,False
28636,False
28637,False
28638,False
28639,False
28640,False
28641,False
28642,False
28643,False
28644,False
28645,False
28646,False
28647,False
28648,False
28649,False
28650,False
28651,False
28652,False
28653,False
28654,False
28655,False
28656,False
28657,False
28658,False
28659,False
28660,False
28661,False
28662,True
28663,False
28664,False
28665,False
28666,False
28667,False
28668,False
28669,False
28670,False
28671,False
28672,False
28673,False
28674,False
28675,False
28676,False
28677,False
28678,False
28679,False
28680,False
28681,False
28682,False
28683,False
28684,False
28685,False
28686,False
28687,False
28688,False
28689,False
28690,False
28691,False
28692,False
28693,True
28694,False
28695,False
28696,False
28697,False
28698,False
28699,False
28700,False
28701,False
28702,False
28703,False
28704,False
28705,False
28706,False
28707,False
28708,False
28709,False
28710,True
28711,False
28712,False
28713,False
28714,False
28715,True
28716,False
28717,False
28718,False
28719,False
28720,False
28721,False
28722,False
28723,False
28724,False
28725,False
28726,False
28727,False
28728,True
28729,False
28730,False
28731,False
28732,False
28733,False
28734,False
28735,False
28736,False
28737,False
28738,False
28739,False
28740,False
28741,False
28742,False
28743,False
28744,False
28745,False
28746,False
28747,False
28748,False
28749,False
28750,False
28751,False
28752,False
28753,False
28754,False
28755,False
28756,False
28757,False
28758,False
28759,False
28760,False
28761,False
28762,False
28763,False
28764,False
28765,False
28766,False
28767,False
28768,False
28769,False
28770,False
28771,False
28772,False
28773,False
28774,False
28775,False
28776,False
28777,True
28778,False
28779,False
28780,False
28781,False
28782,False
28783,False
28784,False
28785,False
28786,False
28787,False
28788,False
28789,False
28790,False
28791,False
28792,False
28793,False
28794,False
28795,False
28796,False
28797,False
28798,False
28799,False
28800,False
28801,False
28802,False
28803,False
28804,False
28805,False
28806,False
28807,False
28808,True
28809,False
28810,False
28811,False
28812,False
28813,False
28814,False
28815,False
28816,False
28817,False
28818,False
28819,False
28820,False
28821,False
28822,False
28823,False
28824,False
28825,True
28826,True
28827,False
28828,False
28829,False
28830,False
28831,False
28832,False
28833,False
28834,False
28835,False
28836,False
28837,False
28838,False
28839,False
28840,False
28841,False
28842,False
28843,False
28844,False
28845,False
28846,False
28847,False
28848,False
28849,False
28850,False
28851,False
28852,False
28853,False
28854,False
28855,False
28856,False
28857,False
28858,False
28859,False
28860,False
28861,False
28862,False
28863,False
28864,False
28865,False
28866,False
28867,False
28868,False
28869,False
28870,False
28871,False
28872,False
28873,False
28874,False
28875,False
28876,False
28877,False
28878,False
28879,False
28880,False
28881,False
28882,False
28883,False
28884,False
28885,False
28886,False
28887,False
28888,False
28889,False
28890,False
28891,False
28892,False
28893,False
28894,False
28895,False
28896,False
28897,False
28898,False
28899,False
28900,False
28901,False
28902,False
28903,False
28904,False
28905,False
28906,False
28907,False
28908,False
28909,False
28910,False
28911,False
28912,True
28913,False
28914,False
28915,False
28916,False
28917,False
28918,False
28919,False
28920,False
28921,False
28922,False
28923,False
28924,False
28925,False
28926,False
28927,False
28928,False
28929,False
28930,False
28931,False
28932,False
28933,False
28934,True
28935,False
28936,False
28937,False
28938,False
28939,False
28940,False
28941,False
28942,False
28943,True
28944,False
28945,False
28946,False
28947,True
28948,False
28949,False
28950,False
28951,False
28952,False
28953,False
28954,False
28955,False
28956,False
28957,False
28958,False
28959,False
28960,False
28961,False
28962,False
28963,False
28964,False
28965,False
28966,False
28967,False
28968,False
28969,False
28970,False
28971,False
28972,False
28973,False
28974,False
28975,False
28976,False
28977,False
28978,False
28979,False
28980,False
28981,False
28982,True
28983,False
28984,False
28985,False
28986,False
28987,False
28988,False
28989,False
28990,False
28991,False
28992,False
28993,False
28994,False
28995,False
28996,False
28997,False
28998,False
28999,False
29000,False
29001,True
29002,False
29003,False
29004,False
29005,False
29006,False
29007,False
29008,False
29009,False
29010,False
29011,False
29012,False
29013,False
29014,False
29015,False
29016,False
29017,False
29018,False
29019,True
29020,False
29021,False
29022,False
29023,False
29024,False
29025,False
29026,False
29027,False
29028,False
29029,False
29030,False
29031,False
29032,False
29033,False
29034,False
29035,False
29036,False
29037,False
29038,False
29039,False
29040,False
29041,False
29042,False
29043,False
29044,False
29045,False
29046,False
29047,False
29048,False
29049,False
29050,False
29051,False
29052,False
29053,False
29054,False
29055,False
29056,False
29057,False
29058,False
29059,False
29060,False
29061,False
29062,False
29063,False
29064,False
29065,False
29066,False
29067,False
29068,False
29069,False
29070,False
29071,False
29072,False
29073,False
29074,False
29075,False
29076,False
29077,False
29078,False
29079,False
29080,False
29081,False
29082,False
29083,False
29084,False
29085,False
29086,False
29087,False
29088,False
29089,False
29090,False
29091,False
29092,False
29093,False
29094,False
29095,False
29096,False
29097,False
29098,False
29099,False
29100,False
29101,False
29102,False
29103,False
29104,False
29105,False
29106,False
29107,False
29108,False
29109,False
29110,False
29111,False
29112,False
29113,False
29114,False
29115,False
29116,False
29117,False
29118,False
29119,False
29120,False
29121,False
29122,False
29123,False
29124,False
29125,False
29126,False
29127,False
29128,False
29129,False
29130,False
29131,False
29132,False
29133,False
29134,False
29135,False
29136,False
29137,False
29138,False
29139,False
29140,False
29141,False
29142,False
29143,False
29144,False
29145,False
29146,True
29147,False
29148,False
29149,False
29150,False
29151,False
29152,False
29153,False
29154,False
29155,False
29156,False
29157,False
29158,False
29159,False
29160,False
29161,False
29162,False
29163,False
29164,False
29165,False
29166,False
29167,False
29168,False
29169,False
29170,False
29171,False
29172,True
29173,False
29174,False
29175,False
29176,False
29177,False
29178,False
29179,False
29180,False
29181,False
29182,False
29183,False
29184,False
29185,False
29186,False
29187,False
29188,False
29189,False
29190,False
29191,False
29192,False
29193,False
29194,False
29195,False
29196,False
29197,False
29198,False
29199,False
29200,False
29201,False
29202,False
29203,False
29204,False
29205,False
29206,False
29207,False
29208,False
29209,False
29210,False
29211,False
29212,False
29213,False
29214,False
29215,False
29216,False
29217,False
29218,False
29219,False
29220,False
29221,False
29222,False
29223,False
29224,False
29225,False
29226,False
29227,False
29228,False
29229,False
29230,False
29231,False
29232,False
29233,False
29234,True
29235,False
29236,False
29237,False
29238,False
29239,False
29240,False
29241,False
29242,False
29243,False
29244,True
29245,False
29246,False
29247,False
29248,False
29249,False
29250,False
29251,False
29252,False
29253,False
29254,False
29255,False
29256,False
29257,False
29258,False
29259,False
29260,False
29261,False
29262,False
29263,False
29264,False
29265,False
29266,False
29267,False
29268,False
29269,False
29270,False
29271,False
29272,False
29273,False
29274,False
29275,False
29276,False
29277,False
29278,False
29279,False
29280,False
29281,False
29282,False
29283,False
29284,False
29285,False
29286,False
29287,False
29288,False
29289,False
29290,False
29291,False
29292,False
29293,False
29294,True
29295,False
29296,False
29297,False
29298,False
29299,False
29300,False
29301,False
29302,False
29303,False
29304,False
29305,False
29306,False
29307,False
29308,False
29309,False
29310,False
29311,False
29312,False
29313,False
29314,False
29315,False
29316,False
29317,False
29318,False
29319,False
29320,False
29321,False
29322,False
29323,False
29324,False
29325,False
29326,False
29327,False
29328,False
29329,False
29330,False
29331,False
29332,False
29333,False
29334,False
29335,False
29336,False
29337,False
29338,False
29339,False
29340,False
29341,False
29342,False
29343,False
29344,False
29345,False
29346,True
29347,False
29348,False
29349,False
29350,False
29351,False
29352,False
29353,False
29354,False
29355,False
29356,False
29357,False
29358,False
29359,False
29360,False
29361,False
29362,False
29363,False
29364,False
29365,False
29366,False
29367,False
29368,False
29369,False
29370,False
29371,True
29372,True
29373,False
29374,False
29375,False
29376,False
29377,False
29378,False
29379,False
29380,False
29381,False
29382,True
29383,False
29384,False
29385,False
29386,False
29387,False
29388,False
29389,False
29390,False
29391,False
29392,False
29393,False
29394,False
29395,False
29396,False
29397,False
29398,False
29399,False
29400,False
29401,False
29402,False
29403,False
29404,False
29405,False
29406,False
29407,False
29408,False
29409,False
29410,False
29411,False
29412,False
29413,False
29414,False
29415,False
29416,False
29417,False
29418,False
29419,False
29420,False
29421,False
29422,False
29423,True
29424,False
29425,False
29426,False
29427,True
29428,False
29429,False
29430,False
29431,True
29432,False
29433,False
29434,False
29435,False
29436,False
29437,False
29438,False
29439,False
29440,False
29441,False
29442,False
29443,False
29444,False
29445,False
29446,False
29447,False
29448,False
29449,False
29450,False
29451,False
29452,False
29453,False
29454,False
29455,False
29456,False
29457,False
29458,False
29459,False
29460,False
29461,False
29462,False
29463,False
29464,False
29465,False
29466,False
29467,False
29468,False
29469,False
29470,False
29471,False
29472,False
29473,False
29474,False
29475,False
29476,False
29477,False
29478,False
29479,False
29480,False
29481,False
29482,False
29483,False
29484,False
29485,False
29486,False
29487,False
29488,False
29489,False
29490,False
29491,False
29492,False
29493,False
29494,False
29495,False
29496,False
29497,False
29498,False
29499,False
29500,False
29501,False
29502,False
29503,False
29504,False
29505,False
29506,False
29507,False
29508,False
29509,False
29510,False
29511,False
29512,False
29513,False
29514,False
29515,False
29516,False
29517,False
29518,False
29519,False
29520,False
29521,False
29522,False
29523,True
29524,False
29525,False
29526,False
29527,False
29528,False
29529,False
29530,False
29531,False
29532,False
29533,False
29534,False
29535,False
29536,False
29537,False
29538,False
29539,False
29540,False
29541,False
29542,False
29543,False
29544,False
29545,False
29546,False
29547,False
29548,False
29549,False
29550,False
29551,False
29552,False
29553,False
29554,False
29555,False
29556,False
29557,True
29558,False
29559,False
29560,False
29561,False
29562,True
29563,False
29564,False
29565,False
29566,False
29567,False
29568,False
29569,False
29570,False
29571,False
29572,False
29573,False
29574,False
29575,False
29576,False
29577,False
29578,False
29579,False
29580,False
29581,False
29582,False
29583,False
29584,False
29585,False
29586,False
29587,False
29588,False
29589,False
29590,False
29591,False
29592,False
29593,False
29594,False
29595,False
29596,True
29597,False
29598,False
29599,False
29600,False
29601,False
29602,False
29603,False
29604,False
29605,False
29606,False
29607,False
29608,False
29609,False
29610,False
29611,False
29612,False
29613,False
29614,False
29615,False
29616,False
29617,False
29618,False
29619,False
29620,False
29621,False
29622,False
29623,False
29624,False
29625,False
29626,False
29627,False
29628,False
29629,False
29630,False
29631,False
29632,False
29633,True
29634,False
29635,False
29636,False
29637,False
29638,False
29639,False
29640,False
29641,False
29642,False
29643,False
29644,False
29645,False
29646,False
29647,False
29648,False
29649,False
29650,False
29651,False
29652,False
29653,False
29654,False
29655,False
29656,False
29657,False
29658,False
29659,False
29660,False
29661,False
29662,False
29663,False
29664,False
29665,False
29666,False
29667,False
29668,True
29669,False
29670,False
29671,False
29672,False
29673,False
29674,False
29675,False
29676,False
29677,False
29678,False
29679,False
29680,False
29681,False
29682,False
29683,False
29684,False
29685,False
29686,False
29687,False
29688,False
29689,False
29690,False
29691,False
29692,True
29693,False
29694,False
29695,False
29696,False
29697,False
29698,False
29699,False
29700,False
29701,False
29702,False
29703,False
29704,False
29705,False
29706,False
29707,False
29708,False
29709,False
29710,False
29711,False
29712,False
29713,False
29714,False
29715,False
29716,False
29717,False
29718,False
29719,False
29720,False
29721,False
29722,False
29723,False
29724,False
29725,True
29726,False
29727,False
29728,False
29729,False
29730,False
29731,False
29732,False
29733,False
29734,False
29735,False
29736,False
29737,False
29738,False
29739,False
29740,False
29741,False
29742,False
29743,False
29744,False
29745,False
29746,False
29747,False
29748,False
29749,False
29750,True
29751,False
29752,False
29753,False
29754,False
29755,False
29756,False
29757,False
29758,False
29759,False
29760,False
29761,False
29762,False
29763,False
29764,False
29765,False
29766,False
29767,False
29768,False
29769,False
29770,False
29771,False
29772,False
29773,False
29774,False
29775,False
29776,False
29777,False
29778,False
29779,False
29780,False
29781,False
29782,False
29783,False
29784,False
29785,False
29786,False
29787,False
29788,False
29789,False
29790,False
29791,False
29792,False
29793,False
29794,False
29795,False
29796,False
29797,False
29798,False
29799,False
29800,False
29801,False
29802,False
29803,False
29804,False
29805,False
29806,False
29807,False
29808,False
29809,False
29810,False
29811,False
29812,False
29813,False
29814,False
29815,False
29816,False
29817,False
29818,False
29819,False
29820,False
29821,False
29822,False
29823,False
29824,False
29825,False
29826,False
29827,False
29828,False
29829,False
29830,False
29831,True
29832,False
29833,False
29834,False
29835,False
29836,False
29837,False
29838,False
29839,False
29840,False
29841,False
29842,False
29843,False
29844,False
29845,False
29846,False
29847,False
29848,False
29849,True
29850,False
29851,False
29852,False
29853,False
29854,False
29855,False
29856,False
29857,False
29858,False
29859,False
29860,False
29861,False
29862,False
29863,False
29864,False
29865,False
29866,False
29867,False
29868,False
29869,False
29870,False
29871,False
29872,False
29873,False
29874,False
29875,False
29876,False
29877,False
29878,False
29879,False
29880,False
29881,False
29882,False
29883,False
29884,False
29885,False
29886,False
29887,False
29888,False
29889,False
29890,False
29891,False
29892,False
29893,False
29894,False
29895,False
29896,False
29897,False
29898,False
29899,False
29900,False
29901,False
29902,False
29903,False
29904,False
29905,False
29906,False
29907,False
29908,False
29909,False
29910,False
29911,False
29912,False
29913,False
29914,False
29915,False
29916,False
29917,False
29918,False
29919,False
29920,False
29921,False
29922,False
29923,False
29924,False
29925,False
29926,False
29927,False
29928,False
29929,False
29930,False
29931,False
29932,False
29933,False
29934,True
29935,False
29936,False
29937,False
29938,False
29939,False
29940,False
29941,False
29942,False
29943,False
29944,False
29945,False
29946,False
29947,False
29948,False
29949,False
29950,False
29951,False
29952,False
29953,False
29954,True
29955,False
29956,False
29957,False
29958,False
29959,False
29960,False
29961,False
29962,False
29963,False
29964,False
29965,False
29966,False
29967,False
29968,False
29969,False
29970,False
29971,False
29972,False
29973,False
29974,False
29975,False
29976,False
29977,False
29978,False
29979,False
29980,True
29981,False
29982,False
29983,False
29984,False
29985,False
29986,False
29987,False
29988,False
29989,False
29990,False
29991,False
29992,True
29993,False
29994,False
29995,False
29996,False
29997,False
29998,False
29999,False
30000,False
30001,False
30002,False
30003,False
30004,False
30005,False
30006,False
30007,False
30008,False
30009,False
30010,False
30011,False
30012,False
30013,False
30014,True
30015,False
30016,False
30017,False
30018,False
30019,True
30020,False
30021,False
30022,False
30023,False
30024,False
30025,False
30026,False
30027,False
30028,False
30029,False
30030,False
30031,False
30032,False
30033,False
30034,False
30035,False
30036,False
30037,False
30038,False
30039,False
30040,False
30041,False
30042,False
30043,False
30044,False
30045,False
30046,False
30047,False
30048,False
30049,False
30050,False
30051,False
30052,False
30053,False
30054,False
30055,False
30056,False
30057,False
30058,False
30059,False
30060,False
30061,False
30062,False
30063,False
30064,False
30065,False
30066,False
30067,False
30068,False
30069,False
30070,False
30071,False
30072,False
30073,False
30074,False
30075,False
30076,False
30077,False
30078,False
30079,False
30080,False
30081,False
30082,False
30083,False
30084,False
30085,False
30086,False
30087,False
30088,False
30089,False
30090,False
30091,False
30092,False
30093,True
30094,False
30095,False
30096,False
30097,False
30098,False
30099,False
30100,False
30101,False
30102,False
30103,False
30104,False
30105,False
30106,False
30107,False
30108,False
30109,False
30110,False
30111,False
30112,False
30113,False
30114,False
30115,False
30116,False
30117,False
30118,False
30119,False
30120,False
30121,False
30122,False
30123,False
30124,False
30125,False
30126,False
30127,False
30128,False
30129,False
30130,False
30131,False
30132,False
30133,False
30134,False
30135,False
30136,False
30137,False
30138,False
30139,False
30140,False
30141,False
30142,False
30143,False
30144,False
30145,False
30146,False
30147,True
30148,False
30149,False
30150,False
30151,False
30152,False
30153,False
30154,False
30155,False
30156,False
30157,False
30158,True
30159,False
30160,False
30161,False
30162,False
30163,False
30164,False
30165,False
30166,False
30167,False
30168,False
30169,False
30170,False
30171,False
30172,False
30173,False
30174,False
30175,False
30176,False
30177,False
30178,False
30179,False
30180,True
30181,False
30182,False
30183,False
30184,False
30185,True
30186,False
30187,False
30188,False
30189,False
30190,False
30191,False
30192,False
30193,False
30194,False
30195,False
30196,False
30197,False
30198,False
30199,False
30200,False
30201,False
30202,False
30203,False
30204,False
30205,False
30206,False
30207,False
30208,False
30209,False
30210,False
30211,False
30212,False
30213,False
30214,False
30215,False
30216,False
30217,True
30218,False
30219,False
30220,False
30221,True
30222,False
30223,False
30224,False
30225,False
30226,False
30227,False
30228,False
30229,False
30230,False
30231,False
30232,False
30233,False
30234,False
30235,False
30236,False
30237,False
30238,True
30239,False
30240,False
30241,False
30242,False
30243,False
30244,False
30245,False
30246,True
30247,False
30248,True
30249,False
30250,False
30251,False
30252,False
30253,False
30254,False
30255,False
30256,False
30257,False
30258,False
30259,False
30260,False
30261,False
30262,False
30263,False
30264,False
30265,False
30266,False
30267,False
30268,False
30269,False
30270,False
30271,False
30272,False
30273,False
30274,False
30275,False
30276,False
30277,False
30278,True
30279,False
30280,False
30281,False
30282,False
30283,False
30284,False
30285,False
30286,False
30287,False
30288,False
30289,False
30290,False
30291,False
30292,False
30293,False
30294,False
30295,False
30296,False
30297,True
30298,False
30299,False
30300,False
30301,False
30302,False
30303,True
30304,False
30305,False
30306,False
30307,False
30308,False
30309,False
30310,False
30311,False
30312,False
30313,False
30314,False
30315,False
30316,False
30317,False
30318,False
30319,False
30320,False
30321,False
30322,False
30323,False
30324,False
30325,False
30326,False
30327,False
30328,False
30329,False
30330,False
30331,False
30332,False
30333,False
30334,False
30335,False
30336,False
30337,False
30338,False
30339,False
30340,False
30341,False
30342,False
30343,False
30344,False
30345,False
30346,False
30347,False
30348,False
30349,False
30350,False
30351,False
30352,False
30353,False
30354,False
30355,False
30356,False
30357,False
30358,False
30359,False
30360,False
30361,False
30362,False
30363,False
30364,False
30365,False
30366,False
30367,False
30368,False
30369,False
30370,False
30371,True
30372,False
30373,False
30374,False
30375,False
30376,False
30377,True
30378,False
30379,False
30380,False
30381,True
30382,False
30383,False
30384,False
30385,False
30386,False
30387,False
30388,False
30389,False
30390,False
30391,False
30392,False
30393,False
30394,True
30395,False
30396,False
30397,False
30398,True
30399,True
30400,False
30401,False
30402,False
30403,False
30404,False
30405,False
30406,False
30407,False
30408,False
30409,True
30410,False
30411,False
30412,False
30413,False
30414,False
30415,False
30416,False
30417,False
30418,False
30419,False
30420,False
30421,False
30422,False
30423,False
30424,False
30425,False
30426,False
30427,False
30428,False
30429,False
30430,False
30431,False
30432,False
30433,False
30434,False
30435,False
30436,False
30437,False
30438,False
30439,False
30440,False
30441,False
30442,True
30443,False
30444,False
30445,False
30446,False
30447,False
30448,False
30449,False
30450,False
30451,False
30452,False
30453,False
30454,False
30455,False
30456,False
30457,False
30458,False
30459,False
30460,False
30461,False
30462,False
30463,False
30464,False
30465,False
30466,False
30467,False
30468,False
30469,False
30470,False
30471,False
30472,False
30473,False
30474,False
30475,False
30476,False
30477,False
30478,False
30479,False
30480,False
30481,False
30482,False
30483,False
30484,False
30485,False
30486,False
30487,False
30488,False
30489,False
30490,False
30491,False
30492,False
30493,False
30494,False
30495,False
30496,False
30497,False
30498,False
30499,False
30500,False
30501,False
30502,False
30503,False
30504,False
30505,False
30506,False
30507,False
30508,False
30509,False
30510,False
30511,False
30512,False
30513,False
30514,False
30515,False
30516,False
30517,False
30518,False
30519,False
30520,False
30521,False
30522,False
30523,False
30524,False
30525,False
30526,False
30527,False
30528,False
30529,False
30530,False
30531,False
30532,False
30533,False
30534,False
30535,False
30536,False
30537,False
30538,False
30539,False
30540,False
30541,False
30542,False
30543,False
30544,False
30545,False
30546,False
30547,False
30548,False
30549,False
30550,False
30551,False
30552,False
30553,False
30554,False
30555,False
30556,False
30557,False
30558,False
30559,False
30560,False
30561,False
30562,False
30563,False
30564,False
30565,False
30566,False
30567,False
30568,False
30569,False
30570,False
30571,False
30572,False
30573,False
30574,False
30575,False
30576,False
30577,False
30578,False
30579,False
30580,False
30581,False
30582,False
30583,False
30584,False
30585,False
30586,False
30587,False
30588,False
30589,False
30590,False
30591,False
30592,False
30593,False
30594,False
30595,False
30596,False
30597,False
30598,False
30599,False
30600,False
30601,False
30602,False
30603,False
30604,False
30605,False
30606,False
30607,False
30608,False
30609,False
30610,True
30611,False
30612,False
30613,False
30614,False
30615,False
30616,False
30617,False
30618,False
30619,False
30620,False
30621,False
30622,False
30623,False
30624,False
30625,False
30626,False
30627,False
30628,False
30629,False
30630,False
30631,False
30632,False
30633,False
30634,False
30635,False
30636,True
30637,False
30638,False
30639,False
30640,False
30641,False
30642,False
30643,False
30644,False
30645,False
30646,False
30647,False
30648,False
30649,False
30650,False
30651,False
30652,False
30653,False
30654,False
30655,False
30656,False
30657,False
30658,False
30659,False
30660,False
30661,False
30662,False
30663,False
30664,False
30665,False
30666,False
30667,False
30668,False
30669,False
30670,False
30671,True
30672,False
30673,False
30674,False
30675,False
30676,False
30677,False
30678,False
30679,True
30680,False
30681,False
30682,True
30683,False
30684,False
30685,False
30686,False
30687,False
30688,False
30689,False
30690,False
30691,False
30692,False
30693,False
30694,False
30695,False
30696,False
30697,False
30698,False
30699,False
30700,False
30701,False
30702,False
30703,False
30704,False
30705,False
30706,False
30707,False
30708,False
30709,False
30710,False
30711,False
30712,False
30713,False
30714,False
30715,False
30716,False
30717,False
30718,False
30719,False
30720,False
30721,False
30722,False
30723,False
30724,False
30725,True
30726,False
30727,False
30728,False
30729,False
30730,False
30731,False
30732,False
30733,False
30734,False
30735,False
30736,False
30737,False
30738,False
30739,False
30740,False
30741,False
30742,False
30743,False
30744,False
30745,False
30746,False
30747,False
30748,False
30749,False
30750,False
30751,False
30752,False
30753,False
30754,False
30755,False
30756,False
30757,False
30758,False
30759,False
30760,False
30761,False
30762,False
30763,False
30764,False
30765,False
30766,False
30767,False
30768,False
30769,False
30770,False
30771,False
30772,False
30773,True
30774,False
30775,False
30776,False
30777,False
30778,False
30779,False
30780,False
30781,False
30782,False
30783,False
30784,False
30785,False
30786,False
30787,False
30788,False
30789,False
30790,False
30791,False
30792,False
30793,False
30794,False
30795,False
30796,False
30797,False
30798,False
30799,False
30800,False
30801,False
30802,False
30803,False
30804,False
30805,False
30806,False
30807,False
30808,False
30809,False
30810,False
30811,False
30812,False
30813,False
30814,False
30815,False
30816,False
30817,False
30818,False
30819,False
30820,False
30821,False
30822,False
30823,False
30824,False
30825,False
30826,False
30827,False
30828,False
30829,False
30830,False
30831,False
30832,False
30833,False
30834,False
30835,False
30836,False
30837,False
30838,False
30839,False
30840,False
30841,True
30842,False
30843,False
30844,True
30845,True
30846,False
30847,False
30848,False
30849,False
30850,False
30851,False
30852,False
30853,False
30854,False
30855,False
30856,False
30857,False
30858,True
30859,False
30860,False
30861,False
30862,False
30863,False
30864,False
30865,False
30866,False
30867,False
30868,False
30869,False
30870,False
30871,False
30872,False
30873,False
30874,False
30875,False
30876,False
30877,False
30878,False
30879,False
30880,False
30881,False
30882,False
30883,False
30884,False
30885,False
30886,False
30887,False
30888,False
30889,False
30890,False
30891,False
30892,False
30893,True
30894,True
30895,False
30896,False
30897,False
30898,False
30899,False
30900,False
30901,False
30902,False
30903,False
30904,False
30905,False
30906,False
30907,False
30908,False
30909,False
30910,False
30911,False
30912,False
30913,False
30914,False
30915,False
30916,False
30917,False
30918,False
30919,False
30920,False
30921,False
30922,False
30923,False
30924,True
30925,False
30926,False
30927,True
30928,False
30929,False
30930,False
30931,False
30932,False
30933,False
30934,True
30935,False
30936,False
30937,False
30938,False
30939,False
30940,False
30941,False
30942,False
30943,False
30944,False
30945,False
30946,False
30947,False
30948,False
30949,False
30950,False
30951,False
30952,False
30953,False
30954,False
30955,False
30956,False
30957,False
30958,False
30959,False
30960,False
30961,True
30962,False
30963,False
30964,False
30965,False
30966,False
30967,False
30968,True
30969,False
30970,False
30971,False
30972,False
30973,False
30974,False
30975,False
30976,False
30977,False
30978,False
30979,False
30980,False
30981,False
30982,False
30983,False
30984,False
30985,False
30986,False
30987,False
30988,False
30989,False
30990,False
30991,False
30992,False
30993,False
30994,False
30995,False
30996,False
30997,False
30998,False
30999,False
31000,False
31001,False
31002,False
31003,False
31004,False
31005,False
31006,False
31007,False
31008,False
31009,False
31010,False
31011,False
31012,False
31013,False
31014,False
31015,False
31016,False
31017,False
31018,False
31019,False
31020,False
31021,False
31022,False
31023,False
31024,False
31025,False
31026,False
31027,False
31028,False
31029,False
31030,False
31031,False
31032,False
31033,False
31034,False
31035,False
31036,False
31037,False
31038,False
31039,False
31040,False
31041,False
31042,False
31043,False
31044,False
31045,False
31046,False
31047,False
31048,False
31049,False
31050,False
31051,False
31052,True
31053,False
31054,False
31055,False
31056,False
31057,False
31058,False
31059,False
31060,False
31061,False
31062,False
31063,False
31064,False
31065,False
31066,False
31067,False
31068,False
31069,False
31070,False
31071,False
31072,False
31073,False
31074,False
31075,False
31076,False
31077,False
31078,False
31079,False
31080,False
31081,False
31082,False
31083,False
31084,False
31085,False
31086,False
31087,False
31088,False
31089,False
31090,False
31091,False
31092,True
31093,False
31094,False
31095,False
31096,False
31097,False
31098,False
31099,False
31100,False
31101,False
31102,False
31103,False
31104,False
31105,False
31106,False
31107,False
31108,False
31109,False
31110,False
31111,False
31112,False
31113,False
31114,False
31115,False
31116,False
31117,False
31118,False
31119,False
31120,False
31121,False
31122,False
31123,False
31124,False
31125,False
31126,False
31127,False
31128,False
31129,False
31130,False
31131,False
31132,False
31133,False
31134,False
31135,False
31136,False
31137,False
31138,False
31139,False
31140,False
31141,False
31142,False
31143,False
31144,False
31145,False
31146,False
31147,False
31148,False
31149,False
31150,True
31151,False
31152,False
31153,False
31154,False
31155,False
31156,False
31157,False
31158,False
31159,False
31160,False
31161,False
31162,False
31163,False
31164,False
31165,False
31166,False
31167,False
31168,False
31169,False
31170,False
31171,False
31172,False
31173,False
31174,True
31175,False
31176,False
31177,False
31178,False
31179,False
31180,False
31181,False
31182,False
31183,False
31184,False
31185,False
31186,False
31187,False
31188,False
31189,True
31190,False
31191,False
31192,False
31193,True
31194,False
31195,False
31196,False
31197,False
31198,False
31199,False
31200,False
31201,False
31202,False
31203,False
31204,False
31205,False
31206,False
31207,False
31208,False
31209,False
31210,False
31211,False
31212,False
31213,False
31214,False
31215,False
31216,False
31217,False
31218,False
31219,False
31220,False
31221,False
31222,False
31223,False
31224,False
31225,False
31226,True
31227,False
31228,False
31229,False
31230,False
31231,False
31232,False
31233,False
31234,False
31235,False
31236,False
31237,False
31238,True
31239,True
31240,False
31241,False
31242,False
31243,False
31244,False
31245,False
31246,False
31247,False
31248,False
31249,False
31250,False
31251,False
31252,False
31253,False
31254,False
31255,False
31256,False
31257,False
31258,False
31259,False
31260,False
31261,False
31262,False
31263,False
31264,False
31265,False
31266,False
31267,False
31268,False
31269,False
31270,False
31271,False
31272,False
31273,False
31274,False
31275,False
31276,False
31277,False
31278,False
31279,False
31280,False
31281,False
31282,False
31283,False
31284,False
31285,False
31286,False
31287,False
31288,False
31289,False
31290,False
31291,False
31292,False
31293,False
31294,False
31295,False
31296,False
31297,False
31298,False
31299,False
31300,False
31301,False
31302,False
31303,False
31304,False
31305,False
31306,False
31307,False
31308,False
31309,False
31310,False
31311,False
31312,False
31313,False
31314,False
31315,False
31316,False
31317,False
31318,False
31319,False
31320,False
31321,False
31322,False
31323,False
31324,False
31325,False
31326,False
31327,False
31328,False
31329,True
31330,False
31331,False
31332,False
31333,False
31334,False
31335,True
31336,True
31337,False
31338,False
31339,False
31340,True
31341,False
31342,False
31343,False
31344,False
31345,False
31346,False
31347,False
31348,False
31349,False
31350,False
31351,False
31352,False
31353,False
31354,False
31355,False
31356,False
31357,False
31358,False
31359,False
31360,False
31361,True
31362,False
31363,False
31364,False
31365,False
31366,False
31367,False
31368,False
31369,False
31370,False
31371,False
31372,False
31373,False
31374,False
31375,False
31376,False
31377,False
31378,False
31379,False
31380,False
31381,False
31382,False
31383,False
31384,False
31385,False
31386,False
31387,True
31388,False
31389,False
31390,False
31391,False
31392,False
31393,False
31394,False
31395,False
31396,False
31397,False
31398,False
31399,False
31400,False
31401,False
31402,False
31403,False
31404,False
31405,False
31406,False
31407,False
31408,False
31409,False
31410,True
31411,False
31412,False
31413,False
31414,False
31415,False
31416,False
31417,False
31418,False
31419,False
31420,False
31421,False
31422,False
31423,False
31424,False
31425,False
31426,False
31427,False
31428,False
31429,False
31430,False
31431,False
31432,False
31433,False
31434,False
31435,False
31436,True
31437,False
31438,False
31439,False
31440,False
31441,False
31442,False
31443,False
31444,False
31445,False
31446,False
31447,False
31448,False
31449,False
31450,False
31451,False
31452,False
31453,False
31454,False
31455,False
31456,False
31457,False
31458,False
31459,False
31460,False
31461,False
31462,False
31463,False
31464,False
31465,False
31466,False
31467,False
31468,False
31469,False
31470,False
31471,False
31472,False
31473,False
31474,False
31475,False
31476,False
31477,False
31478,False
31479,False
31480,False
31481,False
31482,False
31483,False
31484,False
31485,False
31486,False
31487,False
31488,False
31489,False
31490,False
31491,False
31492,False
31493,True
31494,False
31495,False
31496,False
31497,False
31498,False
31499,False
31500,False
31501,False
31502,False
31503,False
31504,False
31505,False
31506,False
31507,False
31508,False
31509,False
31510,False
31511,False
31512,False
31513,False
31514,False
31515,False
31516,False
31517,False
31518,False
31519,True
31520,False
31521,False
31522,False
31523,False
31524,False
31525,False
31526,False
31527,False
31528,False
31529,False
31530,False
31531,False
31532,False
31533,False
31534,False
31535,False
31536,False
31537,False
31538,False
31539,False
31540,False
31541,False
31542,True
31543,False
31544,False
31545,False
31546,False
31547,True
31548,False
31549,False
31550,False
31551,False
31552,False
31553,False
31554,False
31555,False
31556,False
31557,False
31558,False
31559,False
31560,False
31561,False
31562,False
31563,False
31564,False
31565,False
31566,False
31567,False
31568,False
31569,False
31570,True
31571,False
31572,False
31573,False
31574,False
31575,False
31576,False
31577,False
31578,False
31579,False
31580,False
31581,False
31582,False
31583,False
31584,False
31585,False
31586,False
31587,False
31588,True
31589,False
31590,False
31591,False
31592,False
31593,False
31594,False
31595,False
31596,False
31597,False
31598,False
31599,False
31600,False
31601,False
31602,False
31603,False
31604,False
31605,False
31606,False
31607,False
31608,False
31609,False
31610,False
31611,False
31612,False
31613,False
31614,False
31615,False
31616,False
31617,False
31618,False
31619,False
31620,False
31621,False
31622,False
31623,False
31624,False
31625,False
31626,False
31627,False
31628,False
31629,False
31630,False
31631,False
31632,False
31633,False
31634,False
31635,False
31636,False
31637,False
31638,False
31639,False
31640,False
31641,False
31642,False
31643,False
31644,False
31645,False
31646,False
31647,False
31648,False
31649,False
31650,False
31651,False
31652,False
31653,False
31654,False
31655,False
31656,False
31657,False
31658,False
31659,False
31660,False
31661,False
31662,False
31663,True
31664,False
31665,False
31666,False
31667,False
31668,False
31669,False
31670,False
31671,False
31672,False
31673,False
31674,False
31675,False
31676,False
31677,False
31678,False
31679,False
31680,False
31681,False
31682,False
31683,False
31684,False
31685,True
31686,False
31687,False
31688,False
31689,False
31690,False
31691,False
31692,False
31693,False
31694,False
31695,False
31696,False
31697,False
31698,False
31699,False
31700,False
31701,False
31702,False
31703,False
31704,False
31705,False
31706,False
31707,False
31708,False
31709,False
31710,False
31711,False
31712,False
31713,False
31714,False
31715,False
31716,False
31717,False
31718,False
31719,False
31720,True
31721,False
31722,False
31723,False
31724,False
31725,False
31726,False
31727,False
31728,False
31729,False
31730,False
31731,False
31732,False
31733,False
31734,False
31735,False
31736,False
31737,True
31738,False
31739,False
31740,False
31741,False
31742,False
31743,False
31744,False
31745,False
31746,False
31747,False
31748,False
31749,False
31750,False
31751,False
31752,False
31753,False
31754,False
31755,True
31756,False
31757,False
31758,False
31759,False
31760,False
31761,False
31762,True
31763,False
31764,True
31765,False
31766,False
31767,False
31768,False
31769,False
31770,False
31771,False
31772,False
31773,False
31774,False
31775,False
31776,False
31777,False
31778,False
31779,False
31780,True
31781,False
31782,False
31783,False
31784,False
31785,False
31786,False
31787,False
31788,False
31789,False
31790,False
31791,False
31792,False
31793,False
31794,False
31795,False
31796,False
31797,False
31798,False
31799,False
31800,False
31801,False
31802,False
31803,False
31804,False
31805,False
31806,False
31807,False
31808,False
31809,False
31810,False
31811,False
31812,False
31813,False
31814,False
31815,False
31816,False
31817,False
31818,False
31819,False
31820,False
31821,False
31822,False
31823,False
31824,True
31825,False
31826,False
31827,False
31828,False
31829,False
31830,False
31831,False
31832,False
31833,False
31834,False
31835,False
31836,False
31837,False
31838,False
31839,False
31840,False
31841,False
31842,False
31843,False
31844,False
31845,False
31846,False
31847,False
31848,False
31849,False
31850,False
31851,False
31852,False
31853,False
31854,False
31855,False
31856,False
31857,False
31858,False
31859,True
31860,False
31861,False
31862,False
31863,False
31864,False
31865,False
31866,False
31867,False
31868,False
31869,False
31870,False
31871,False
31872,False
31873,False
31874,False
31875,False
31876,False
31877,False
31878,False
31879,False
31880,False
31881,False
31882,False
31883,False
31884,False
31885,False
31886,False
31887,False
31888,False
31889,False
31890,False
31891,False
31892,False
31893,False
31894,False
31895,True
31896,False
31897,False
31898,True
31899,False
31900,False
31901,False
31902,False
31903,False
31904,False
31905,False
31906,False
31907,False
31908,False
31909,False
31910,False
31911,False
31912,False
31913,False
31914,False
31915,False
31916,False
31917,False
31918,True
31919,False
31920,False
31921,False
31922,False
31923,False
31924,False
31925,False
31926,False
31927,False
31928,False
31929,False
31930,False
31931,False
31932,False
31933,False
31934,False
31935,False
31936,False
31937,False
31938,False
31939,False
31940,True
31941,False
31942,False
31943,False
31944,False
31945,False
31946,False
31947,False
31948,False
31949,False
31950,False
31951,False
31952,False
31953,False
31954,False
31955,False
31956,False
31957,False
31958,False
31959,False
31960,False
31961,False
31962,False
31963,False
31964,False
31965,False
31966,False
31967,False
31968,False
31969,False
31970,False
31971,False
31972,False
31973,False
31974,False
31975,False
31976,False
31977,False
31978,False
31979,False
31980,False
31981,False
31982,False
31983,False
31984,False
31985,False
31986,False
31987,False
31988,False
31989,False
31990,False
31991,False
31992,False
31993,True
31994,False
31995,False
31996,True
31997,False
31998,False
31999,False
32000,False
32001,False
32002,False
32003,True
32004,False
32005,False
32006,False
32007,False
32008,False
32009,False
32010,False
32011,False
32012,True
32013,False
32014,False
32015,False
32016,True
32017,False
32018,False
32019,False
32020,False
32021,False
32022,False
32023,False
32024,False
32025,False
32026,False
32027,True
32028,False
32029,False
32030,False
32031,False
32032,False
32033,False
32034,False
32035,False
32036,False
32037,False
32038,False
32039,False
32040,False
32041,False
32042,True
32043,False
32044,False
32045,False
32046,False
32047,False
32048,False
32049,False
32050,False
32051,False
32052,False
32053,False
32054,False
32055,False
32056,False
32057,False
32058,False
32059,False
32060,False
32061,False
32062,False
32063,False
32064,True
32065,False
32066,False
32067,False
32068,False
32069,False
32070,False
32071,False
32072,False
32073,False
32074,False
32075,False
32076,False
32077,False
32078,False
32079,False
32080,False
32081,False
32082,False
32083,False
32084,False
32085,False
32086,False
32087,False
32088,False
32089,False
32090,False
32091,False
32092,False
32093,False
32094,False
32095,False
32096,False
32097,False
32098,False
32099,False
32100,False
32101,False
32102,False
32103,False
32104,False
32105,False
32106,False
32107,False
32108,False
32109,False
32110,False
32111,False
32112,False
32113,False
32114,False
32115,False
32116,False
32117,False
32118,False
32119,False
32120,False
32121,True
32122,False
32123,False
32124,False
32125,False
32126,False
32127,False
32128,False
32129,False
32130,True
32131,False
32132,False
32133,False
32134,False
32135,False
32136,False
32137,False
32138,False
32139,False
32140,True
32141,False
32142,False
32143,False
32144,False
32145,False
32146,False
32147,False
32148,False
32149,False
32150,False
32151,True
32152,False
32153,True
32154,False
32155,False
32156,False
32157,False
32158,False
32159,False
32160,False
32161,False
32162,False
32163,False
32164,False
32165,False
32166,False
32167,False
32168,False
32169,False
32170,False
32171,False
32172,False
32173,False
32174,False
32175,False
32176,False
32177,False
32178,False
32179,False
32180,False
32181,False
32182,False
32183,True
32184,False
32185,False
32186,False
32187,False
32188,False
32189,False
32190,False
32191,False
32192,False
32193,False
32194,False
32195,False
32196,False
32197,False
32198,False
32199,False
32200,False
32201,True
32202,False
32203,False
32204,False
32205,False
32206,False
32207,False
32208,False
32209,False
32210,False
32211,False
32212,False
32213,False
32214,False
32215,False
32216,False
32217,False
32218,False
32219,False
32220,False
32221,False
32222,False
32223,False
32224,False
32225,False
32226,False
32227,False
32228,False
32229,False
32230,False
32231,False
32232,False
32233,False
32234,False
32235,False
32236,False
32237,False
32238,False
32239,False
32240,False
32241,False
32242,False
32243,False
32244,False
32245,False
32246,False
32247,False
32248,False
32249,False
32250,False
32251,False
32252,False
32253,False
32254,False
32255,False
32256,False
32257,False
32258,False
32259,False
32260,False
32261,False
32262,False
32263,False
32264,False
32265,False
32266,False
32267,False
32268,False
32269,False
32270,False
32271,True
32272,False
32273,False
32274,False
32275,False
32276,False
32277,False
32278,False
32279,False
32280,False
32281,False
32282,False
32283,False
32284,False
32285,False
32286,False
32287,False
32288,False
32289,False
32290,False
32291,False
32292,False
32293,False
32294,False
32295,False
32296,False
32297,False
32298,False
32299,False
32300,False
32301,False
32302,False
32303,False
32304,False
32305,True
32306,False
32307,False
32308,False
32309,False
32310,False
32311,False
32312,False
32313,True
32314,False
32315,False
32316,False
32317,False
32318,False
32319,False
32320,True
32321,False
32322,True
32323,False
32324,False
32325,False
32326,False
32327,False
32328,False
32329,False
32330,False
32331,False
32332,False
32333,False
32334,False
32335,False
32336,False
32337,False
32338,False
32339,False
32340,False
32341,False
32342,False
32343,False
32344,False
32345,False
32346,False
32347,False
32348,False
32349,False
32350,False
32351,False
32352,False
32353,False
32354,False
32355,False
32356,False
32357,False
32358,False
32359,False
32360,False
32361,False
32362,False
32363,False
32364,False
32365,False
32366,True
32367,True
32368,False
32369,False
32370,False
32371,False
32372,False
32373,False
32374,False
32375,False
32376,False
32377,False
32378,False
32379,False
32380,False
32381,False
32382,False
32383,False
32384,False
32385,False
32386,False
32387,False
32388,False
32389,False
32390,False
32391,False
32392,False
32393,False
32394,False
32395,False
32396,False
32397,False
32398,False
32399,False
32400,True
32401,False
32402,False
32403,False
32404,True
32405,True
32406,False
32407,False
32408,False
32409,True
32410,False
32411,False
32412,False
32413,False
32414,False
32415,False
32416,False
32417,False
32418,False
32419,False
32420,False
32421,False
32422,False
32423,False
32424,False
32425,False
32426,False
32427,False
32428,False
32429,False
32430,False
32431,False
32432,False
32433,False
32434,False
32435,False
32436,False
32437,False
32438,False
32439,False
32440,False
32441,False
32442,False
32443,False
32444,False
32445,False
32446,False
32447,False
32448,False
32449,False
32450,False
32451,False
32452,False
32453,False
32454,False
32455,False
32456,False
32457,False
32458,False
32459,False
32460,False
32461,False
32462,False
32463,False
32464,False
32465,False
32466,False
32467,False
32468,False
32469,False
32470,False
32471,False
32472,False
32473,False
32474,False
32475,False
32476,False
32477,False
32478,False
32479,False
32480,False
32481,False
32482,False
32483,False
32484,False
32485,False
32486,False
32487,False
32488,False
32489,False
32490,False
32491,False
32492,False
32493,False
32494,False
32495,False
32496,False
32497,False
32498,False
32499,False
32500,False
32501,False
32502,False
32503,False
32504,False
32505,False
32506,False
32507,False
32508,False
32509,False
32510,False
32511,False
32512,False
32513,False
32514,False
32515,False
32516,False
32517,False
32518,False
32519,False
32520,False
32521,False
32522,False
32523,False
32524,False
32525,True
32526,False
32527,False
32528,False
32529,False
32530,False
32531,False
32532,False
32533,False
32534,False
32535,False
32536,False
32537,False
32538,False
32539,False
32540,False
32541,False
32542,False
32543,False
32544,False
32545,False
32546,False
32547,False
32548,False
32549,False
32550,False
32551,False
32552,True
32553,False
32554,False
32555,False
32556,False
32557,False
32558,False
32559,False
32560,False
32561,False
32562,False
32563,True
32564,False
32565,False
32566,True
32567,False
32568,False
32569,False
32570,False
32571,False
32572,False
32573,False
32574,False
32575,False
32576,False
32577,True
32578,False
32579,False
32580,False
32581,False
32582,False
32583,False
32584,False
32585,False
32586,False
32587,False
32588,True
32589,False
32590,False
32591,False
32592,False
32593,False
32594,False
32595,False
32596,False
32597,False
32598,False
32599,False
32600,False
32601,False
32602,False
32603,False
32604,False
32605,False
32606,False
32607,False
32608,False
32609,False
32610,False
32611,True
32612,False
32613,False
32614,False
32615,False
32616,False
32617,False
32618,False
32619,False
32620,False
32621,False
32622,False
32623,False
32624,False
32625,False
32626,False
32627,False
32628,False
32629,False
32630,False
32631,False
32632,False
32633,False
32634,False
32635,False
32636,False
32637,False
32638,False
32639,False
32640,False
32641,False
32642,False
32643,False
32644,False
32645,False
32646,False
32647,False
32648,False
32649,False
32650,False
32651,False
32652,True
32653,False
32654,False
32655,False
32656,False
32657,False
32658,False
32659,False
32660,False
32661,True
32662,False
32663,False
32664,False
32665,False
32666,False
32667,False
32668,False
32669,True
32670,False
32671,False
32672,False
32673,False
32674,False
32675,False
32676,False
32677,False
32678,True
32679,False
32680,False
32681,False
32682,False
32683,False
32684,False
32685,False
32686,False
32687,False
32688,False
32689,False
32690,True
32691,False
32692,False
32693,False
32694,False
32695,False
32696,False
32697,False
32698,False
32699,False
32700,False
32701,False
32702,False
32703,False
32704,False
32705,False
32706,False
32707,False
32708,False
32709,False
32710,False
32711,False
32712,False
32713,False
32714,False
32715,False
32716,False
32717,False
32718,False
32719,False
32720,False
32721,False
32722,False
32723,True
32724,False
32725,False
32726,False
32727,False
32728,False
32729,False
32730,False
32731,False
32732,False
32733,False
32734,False
32735,False
32736,False
32737,False
32738,False
32739,False
32740,False
32741,False
32742,True
32743,False
32744,False
32745,False
32746,False
32747,False
32748,False
32749,False
32750,False
32751,False
32752,False
32753,True
32754,False
32755,False
32756,False
32757,False
32758,False
32759,False
32760,False
32761,False
32762,False
32763,False
32764,False
32765,False
32766,False
32767,False
32768,False
32769,False
32770,False
32771,False
32772,True
32773,False
32774,False
32775,False
32776,False
32777,False
32778,False
32779,False
32780,False
32781,False
32782,False
32783,False
32784,False
32785,False
32786,False
32787,False
32788,False
32789,False
32790,False
32791,False
32792,False
32793,False
32794,False
32795,False
32796,False
32797,False
32798,False
32799,False
32800,False
32801,False
32802,False
32803,True
32804,False
32805,False
32806,False
32807,False
32808,False
32809,False
32810,False
32811,False
32812,False
32813,False
32814,False
32815,False
32816,False
32817,False
32818,False
32819,False
32820,False
32821,False
32822,False
32823,False
32824,False
32825,False
32826,False
32827,False
32828,False
32829,False
32830,False
32831,False
32832,False
32833,False
32834,False
32835,False
32836,True
32837,False
32838,False
32839,False
32840,False
32841,False
32842,False
32843,True
32844,False
32845,False
32846,False
32847,False
32848,False
32849,False
32850,False
32851,False
32852,False
32853,False
32854,False
32855,False
32856,False
32857,False
32858,False
32859,False
32860,False
32861,False
32862,False
32863,True
32864,False
32865,False
32866,False
32867,False
32868,False
32869,False
32870,False
32871,False
32872,False
32873,False
32874,False
32875,False
32876,False
32877,False
32878,False
32879,False
32880,False
32881,False
32882,False
32883,False
32884,False
32885,False
32886,False
32887,False
32888,False
32889,False
32890,False
32891,True
32892,False
32893,False
32894,False
32895,False
32896,False
32897,False
32898,False
32899,False
32900,False
32901,False
32902,False
32903,False
32904,False
32905,False
32906,False
32907,False
32908,False
32909,False
32910,False
32911,False
32912,False
32913,False
32914,False
32915,False
32916,False
32917,False
32918,False
32919,False
32920,False
32921,False
32922,False
32923,False
32924,False
32925,False
32926,True
32927,False
32928,False
32929,False
32930,False
32931,False
32932,False
32933,False
32934,False
32935,False
32936,False
32937,False
32938,False
32939,False
32940,False
32941,False
32942,False
32943,False
32944,False
32945,False
32946,False
32947,False
32948,False
32949,False
32950,False
32951,False
32952,False
32953,False
32954,True
32955,False
32956,False
32957,False
32958,False
32959,False
32960,False
32961,False
32962,False
32963,False
32964,False
32965,False
32966,False
32967,False
32968,False
32969,False
32970,False
32971,False
32972,False
32973,False
32974,False
32975,False
32976,False
32977,False
32978,False
32979,False
32980,False
32981,False
32982,False
32983,False
32984,False
32985,False
32986,False
32987,False
32988,False
32989,False
32990,False
32991,False
32992,False
32993,False
32994,False
32995,False
32996,False
32997,False
32998,False
32999,False
33000,False
33001,False
33002,True
33003,False
33004,False
33005,True
33006,False
33007,False
33008,False
33009,False
33010,False
33011,False
33012,False
33013,False
33014,False
33015,False
33016,False
33017,False
33018,False
33019,False
33020,False
33021,False
33022,False
33023,False
33024,False
33025,False
33026,False
33027,False
33028,False
33029,False
33030,False
33031,False
33032,False
33033,False
33034,False
33035,False
33036,False
33037,False
33038,False
33039,False
33040,False
33041,False
33042,False
33043,False
33044,False
33045,False
33046,False
33047,False
33048,False
33049,False
33050,False
33051,False
33052,False
33053,False
33054,False
33055,False
33056,False
33057,False
33058,False
33059,False
33060,False
33061,False
33062,False
33063,False
33064,False
33065,True
33066,False
33067,False
33068,False
33069,False
33070,False
33071,False
33072,False
33073,False
33074,False
33075,False
33076,False
33077,False
33078,False
33079,False
33080,False
33081,True
33082,False
33083,False
33084,False
33085,True
33086,False
33087,False
33088,False
33089,False
33090,False
33091,False
33092,False
33093,False
33094,False
33095,False
33096,False
33097,False
33098,False
33099,False
33100,False
33101,False
33102,False
33103,False
33104,False
33105,False
33106,False
33107,False
33108,False
33109,False
33110,False
33111,False
33112,False
33113,False
33114,False
33115,False
33116,False
33117,False
33118,False
33119,False
33120,False
33121,False
33122,False
33123,False
33124,False
33125,False
33126,False
33127,False
33128,False
33129,False
33130,False
33131,False
33132,False
33133,False
33134,False
33135,False
33136,False
33137,False
33138,True
33139,False
33140,False
33141,False
33142,False
33143,False
33144,False
33145,False
33146,False
33147,False
33148,False
33149,False
33150,False
33151,False
33152,False
33153,False
33154,False
33155,False
33156,False
33157,False
33158,False
33159,False
33160,False
33161,False
33162,False
33163,False
33164,False
33165,False
33166,False
33167,False
33168,False
33169,False
33170,False
33171,False
33172,False
33173,False
33174,False
33175,False
33176,False
33177,False
33178,False
33179,False
33180,False
33181,False
33182,False
33183,False
33184,True
33185,False
33186,False
33187,False
33188,False
33189,False
33190,False
33191,False
33192,False
33193,False
33194,False
33195,False
33196,False
33197,False
33198,False
33199,False
33200,False
33201,False
33202,False
33203,False
33204,False
33205,False
33206,False
33207,False
33208,False
33209,False
33210,False
33211,False
33212,False
33213,False
33214,False
33215,False
33216,False
33217,False
33218,False
33219,False
33220,False
33221,False
33222,False
33223,False
33224,False
33225,False
33226,False
33227,False
33228,False
33229,False
33230,False
33231,False
33232,False
33233,False
33234,False
33235,False
33236,False
33237,True
33238,False
33239,False
33240,False
33241,False
33242,False
33243,False
33244,False
33245,False
33246,False
33247,False
33248,False
33249,False
33250,False
33251,False
33252,False
33253,False
33254,False
33255,False
33256,False
33257,False
33258,False
33259,False
33260,False
33261,False
33262,False
33263,False
33264,False
33265,False
33266,False
33267,False
33268,False
33269,False
33270,False
33271,False
33272,True
33273,False
33274,False
33275,False
33276,False
33277,False
33278,False
33279,False
33280,False
33281,False
33282,False
33283,False
33284,False
33285,False
33286,False
33287,False
33288,False
33289,False
33290,False
33291,False
33292,False
33293,False
33294,False
33295,False
33296,False
33297,False
33298,False
33299,False
33300,False
33301,False
33302,False
33303,False
33304,False
33305,False
33306,False
33307,False
33308,False
33309,True
33310,False
33311,False
33312,False
33313,False
33314,False
33315,False
33316,False
33317,False
33318,False
33319,False
33320,False
33321,False
33322,False
33323,False
33324,True
33325,False
33326,False
33327,False
33328,False
33329,False
33330,False
33331,False
33332,False
33333,False
33334,False
33335,False
33336,True
33337,False
33338,False
33339,False
33340,False
33341,False
33342,False
33343,True
33344,False
33345,False
33346,False
33347,False
33348,False
33349,False
33350,False
33351,False
33352,False
33353,False
33354,False
33355,False
33356,False
33357,False
33358,False
33359,False
33360,False
33361,False
33362,False
33363,False
33364,False
33365,False
33366,False
33367,False
33368,False
33369,False
33370,False
33371,False
33372,False
33373,False
33374,False
33375,False
33376,False
33377,False
33378,False
33379,False
33380,False
33381,False
33382,False
33383,False
33384,False
33385,True
33386,False
33387,False
33388,False
33389,False
33390,False
33391,False
33392,False
33393,False
33394,False
33395,False
33396,False
33397,False
33398,False
33399,False
33400,False
33401,False
33402,False
33403,False
33404,False
33405,False
33406,False
33407,False
33408,False
33409,False
33410,False
33411,False
33412,False
33413,False
33414,False
33415,False
33416,False
33417,False
33418,False
33419,False
33420,False
33421,False
33422,False
33423,False
33424,False
33425,False
33426,False
33427,False
33428,False
33429,False
33430,False
33431,False
33432,False
33433,False
33434,False
33435,False
33436,False
33437,False
33438,False
33439,False
33440,False
33441,False
33442,False
33443,False
33444,False
33445,False
33446,False
33447,False
33448,False
33449,False
33450,False
33451,False
33452,False
33453,False
33454,False
33455,True
33456,False
33457,False
33458,False
33459,False
33460,False
33461,False
33462,False
33463,False
33464,False
33465,False
33466,False
33467,False
33468,False
33469,False
33470,False
33471,False
33472,False
33473,False
33474,False
33475,False
33476,False
33477,False
33478,False
33479,False
33480,False
33481,False
33482,False
33483,False
33484,False
33485,False
33486,False
33487,False
33488,False
33489,False
33490,False
33491,False
33492,True
33493,False
33494,True
33495,True
33496,False
33497,False
33498,False
33499,False
33500,False
33501,False
33502,False
33503,False
33504,False
33505,False
33506,False
33507,False
33508,False
33509,False
33510,False
33511,False
33512,False
33513,False
33514,False
33515,False
33516,False
33517,False
33518,False
33519,False
33520,False
33521,False
33522,False
33523,False
33524,False
33525,True
33526,False
33527,False
33528,False
33529,False
33530,False
33531,False
33532,False
33533,False
33534,False
33535,False
33536,False
33537,False
33538,False
33539,False
33540,False
33541,False
33542,False
33543,False
33544,False
33545,False
33546,False
33547,False
33548,False
33549,False
33550,False
33551,False
33552,False
33553,False
33554,False
33555,False
33556,False
33557,False
33558,False
33559,False
33560,False
33561,False
33562,False
33563,False
33564,False
33565,False
33566,False
33567,False
33568,False
33569,False
33570,False
33571,False
33572,False
33573,False
33574,False
33575,False
33576,False
33577,False
33578,False
33579,False
33580,False
33581,False
33582,False
33583,False
33584,False
33585,False
33586,False
33587,False
33588,False
33589,True
33590,False
33591,False
33592,False
33593,False
33594,False
33595,False
33596,False
33597,False
33598,False
33599,False
33600,False
33601,False
33602,False
33603,False
33604,True
33605,True
33606,False
33607,False
33608,False
33609,False
33610,False
33611,False
33612,False
33613,False
33614,False
33615,False
33616,False
33617,False
33618,False
33619,False
33620,False
33621,False
33622,False
33623,False
33624,False
33625,False
33626,False
33627,False
33628,False
33629,False
33630,False
33631,False
33632,False
33633,False
33634,False
33635,False
33636,False
33637,False
33638,False
33639,False
33640,False
33641,False
33642,False
33643,False
33644,False
33645,False
33646,False
33647,False
33648,False
33649,False
33650,False
33651,False
33652,False
33653,False
33654,False
33655,False
33656,False
33657,False
33658,False
33659,False
33660,False
33661,False
33662,False
33663,False
33664,False
33665,False
33666,False
33667,False
33668,False
33669,False
33670,False
33671,False
33672,False
33673,False
33674,False
33675,False
33676,False
33677,False
33678,False
33679,False
33680,False
33681,False
33682,False
33683,False
33684,False
33685,False
33686,False
33687,False
33688,False
33689,False
33690,False
33691,False
33692,False
33693,False
33694,False
33695,False
33696,False
33697,False
33698,True
33699,False
33700,False
33701,False
33702,False
33703,False
33704,False
33705,False
33706,False
33707,False
33708,False
33709,False
33710,False
33711,False
33712,False
33713,False
33714,False
33715,False
33716,False
33717,False
33718,False
33719,False
33720,False
33721,False
33722,False
33723,False
33724,False
33725,False
33726,False
33727,False
33728,False
33729,False
33730,False
33731,False
33732,False
33733,False
33734,False
33735,False
33736,False
33737,False
33738,False
33739,False
33740,False
33741,False
33742,False
33743,False
33744,False
33745,False
33746,False
33747,False
33748,False
33749,False
33750,False
33751,False
33752,False
33753,False
33754,False
33755,False
33756,True
33757,False
33758,False
33759,False
33760,False
33761,False
33762,False
33763,False
33764,False
33765,False
33766,False
33767,False
33768,False
33769,False
33770,False
33771,False
33772,False
33773,False
33774,False
33775,False
33776,False
33777,False
33778,False
33779,False
33780,False
33781,False
33782,False
33783,True
33784,False
33785,False
33786,False
33787,False
33788,False
33789,False
33790,False
33791,False
33792,False
33793,False
33794,False
33795,False
33796,False
33797,True
33798,False
33799,False
33800,False
33801,False
33802,False
33803,False
33804,False
33805,False
33806,False
33807,False
33808,False
33809,False
33810,True
33811,False
33812,False
33813,False
33814,False
33815,False
33816,False
33817,False
33818,False
33819,False
33820,False
33821,False
33822,False
33823,False
33824,False
33825,False
33826,True
33827,False
33828,False
33829,False
33830,True
33831,False
33832,False
33833,False
33834,False
33835,False
33836,False
33837,False
33838,False
33839,False
33840,False
33841,False
33842,False
33843,False
33844,False
33845,False
33846,False
33847,False
33848,False
33849,False
33850,False
33851,False
33852,False
33853,False
33854,False
33855,False
33856,False
33857,False
33858,False
33859,False
33860,False
33861,False
33862,False
33863,False
33864,False
33865,False
33866,False
33867,False
33868,False
33869,False
33870,False
33871,False
33872,False
33873,False
33874,False
33875,False
33876,False
33877,False
33878,False
33879,True
33880,False
33881,False
33882,False
33883,False
33884,False
33885,False
33886,False
33887,True
33888,False
33889,False
33890,False
33891,False
33892,False
33893,False
33894,False
33895,False
33896,False
33897,False
33898,False
33899,False
33900,False
33901,False
33902,False
33903,False
33904,False
33905,False
33906,False
33907,False
33908,False
33909,False
33910,False
33911,False
33912,False
33913,False
33914,True
33915,False
33916,False
33917,False
33918,False
33919,False
33920,False
33921,False
33922,False
33923,False
33924,False
33925,False
33926,False
33927,False
33928,False
33929,False
33930,False
33931,False
33932,False
33933,False
33934,False
33935,False
33936,False
33937,False
33938,False
33939,False
33940,False
33941,False
33942,False
33943,False
33944,False
33945,False
33946,False
33947,True
33948,False
33949,False
33950,False
33951,False
33952,False
33953,False
33954,False
33955,False
33956,False
33957,False
33958,False
33959,False
33960,False
33961,True
33962,False
33963,False
33964,False
33965,False
33966,False
33967,False
33968,False
33969,False
33970,False
33971,False
33972,False
33973,False
33974,False
33975,False
33976,False
33977,False
33978,False
33979,False
33980,False
33981,False
33982,False
33983,False
33984,False
33985,False
33986,False
33987,False
33988,False
33989,False
33990,False
33991,False
33992,True
33993,False
33994,False
33995,False
33996,False
33997,False
33998,False
33999,False
34000,False
34001,False
34002,False
34003,False
34004,False
34005,False
34006,False
34007,True
34008,False
34009,False
34010,False
34011,False
34012,False
34013,False
34014,False
34015,False
34016,False
34017,False
34018,False
34019,False
34020,False
34021,False
34022,False
34023,False
34024,False
34025,False
34026,False
34027,False
34028,False
34029,False
34030,False
34031,False
34032,False
34033,False
34034,False
34035,False
34036,False
34037,False
34038,False
34039,False
34040,False
34041,False
34042,False
34043,False
34044,False
34045,False
34046,False
34047,False
34048,True
34049,False
34050,False
34051,False
34052,False
34053,False
34054,False
34055,False
34056,False
34057,False
34058,False
34059,False
34060,False
34061,False
34062,False
34063,False
34064,False
34065,False
34066,False
34067,False
34068,False
34069,False
34070,False
34071,False
34072,False
34073,False
34074,False
34075,False
34076,False
34077,False
34078,False
34079,False
34080,False
34081,False
34082,False
34083,False
34084,False
34085,False
34086,False
34087,False
34088,True
34089,False
34090,False
34091,False
34092,False
34093,False
34094,False
34095,False
34096,False
34097,False
34098,False
34099,False
34100,False
34101,False
34102,False
34103,False
34104,False
34105,False
34106,False
34107,False
34108,False
34109,False
34110,False
34111,False
34112,False
34113,False
34114,False
34115,False
34116,False
34117,False
34118,False
34119,False
34120,False
34121,False
34122,False
34123,False
34124,False
34125,False
34126,False
34127,True
34128,False
34129,False
34130,False
34131,False
34132,False
34133,False
34134,False
34135,False
34136,False
34137,False
34138,False
34139,False
34140,False
34141,False
34142,False
34143,False
34144,False
34145,False
34146,False
34147,False
34148,False
34149,False
34150,False
34151,False
34152,False
34153,False
34154,False
34155,False
34156,False
34157,True
34158,False
34159,False
34160,False
34161,False
34162,False
34163,False
34164,False
34165,False
34166,False
34167,False
34168,False
34169,False
34170,False
34171,False
34172,False
34173,False
34174,False
34175,False
34176,False
34177,False
34178,False
34179,False
34180,False
34181,False
34182,False
34183,False
34184,False
34185,False
34186,False
34187,False
34188,False
34189,False
34190,False
34191,False
34192,False
34193,False
34194,False
34195,False
34196,False
34197,False
34198,False
34199,False
34200,False
34201,False
34202,False
34203,False
34204,False
34205,False
34206,False
34207,False
34208,False
34209,False
34210,False
34211,False
34212,False
34213,False
34214,False
34215,False
34216,False
34217,False
34218,False
34219,False
34220,False
34221,False
34222,False
34223,False
34224,False
34225,False
34226,False
34227,False
34228,False
34229,False
34230,False
34231,False
34232,False
34233,False
34234,False
34235,True
34236,False
34237,False
34238,False
34239,False
34240,False
34241,False
34242,False
34243,False
34244,False
34245,False
34246,False
34247,False
34248,False
34249,False
34250,False
34251,False
34252,False
34253,False
34254,False
34255,False
34256,False
34257,False
34258,False
34259,False
34260,False
34261,False
34262,False
34263,False
34264,False
34265,False
34266,False
34267,False
34268,False
34269,True
34270,False
34271,False
34272,False
34273,False
34274,False
34275,False
34276,False
34277,False
34278,False
34279,False
34280,False
34281,False
34282,False
34283,False
34284,False
34285,False
34286,False
34287,True
34288,False
34289,False
34290,False
34291,False
34292,False
34293,False
34294,False
34295,False
34296,False
34297,False
34298,False
34299,False
34300,False
34301,False
34302,False
34303,False
34304,False
34305,False
34306,False
34307,False
34308,False
34309,False
34310,False
34311,False
34312,False
34313,False
34314,False
34315,False
34316,False
34317,False
34318,False
34319,False
34320,False
34321,False
34322,False
34323,False
34324,False
34325,False
34326,False
34327,False
34328,False
34329,False
34330,False
34331,False
34332,False
34333,False
34334,False
34335,False
34336,False
34337,False
34338,False
34339,False
34340,False
34341,False
34342,False
34343,False
34344,False
34345,False
34346,False
34347,True
34348,False
34349,False
34350,False
34351,False
34352,False
34353,False
34354,False
34355,False
34356,False
34357,False
34358,False
34359,False
34360,False
34361,False
34362,False
34363,False
34364,False
34365,False
34366,False
34367,False
34368,False
34369,False
34370,True
34371,False
34372,False
34373,False
34374,False
34375,False
34376,False
34377,False
34378,False
34379,False
34380,False
34381,False
34382,False
34383,False
34384,False
34385,False
34386,False
34387,False
34388,False
34389,False
34390,False
34391,False
34392,False
34393,False
34394,False
34395,False
34396,False
34397,False
34398,False
34399,False
34400,False
34401,False
34402,False
34403,False
34404,False
34405,False
34406,False
34407,False
34408,False
34409,False
34410,False
34411,False
34412,False
34413,False
34414,False
34415,False
34416,False
34417,False
34418,False
34419,False
34420,False
34421,False
34422,False
34423,False
34424,False
34425,False
34426,False
34427,True
34428,False
34429,False
34430,False
34431,False
34432,False
34433,False
34434,False
34435,False
34436,False
34437,False
34438,False
34439,False
34440,False
34441,False
34442,False
34443,False
34444,False
34445,False
34446,False
34447,False
34448,False
34449,False
34450,False
34451,False
34452,False
34453,False
34454,False
34455,False
34456,False
34457,False
34458,True
34459,False
34460,False
34461,False
34462,False
34463,False
34464,False
34465,True
34466,False
34467,False
34468,False
34469,False
34470,False
34471,True
34472,False
34473,False
34474,False
34475,False
34476,False
34477,False
34478,False
34479,False
34480,False
34481,False
34482,False
34483,False
34484,False
34485,False
34486,False
34487,False
34488,False
34489,False
34490,False
34491,False
34492,False
34493,False
34494,False
34495,False
34496,False
34497,False
34498,False
34499,False
34500,False
34501,False
34502,False
34503,False
34504,False
34505,False
34506,False
34507,False
34508,False
34509,False
34510,False
34511,False
34512,False
34513,False
34514,False
34515,False
34516,False
34517,False
34518,False
34519,False
34520,False
34521,False
34522,False
34523,False
34524,False
34525,False
34526,True
34527,False
34528,True
34529,False
34530,False
34531,False
34532,False
34533,False
34534,False
34535,False
34536,False
34537,False
34538,False
34539,False
34540,False
34541,False
34542,False
34543,False
34544,True
34545,False
34546,False
34547,False
34548,False
34549,False
34550,False
34551,False
34552,False
34553,False
34554,False
34555,False
34556,False
34557,False
34558,False
34559,False
34560,False
34561,False
34562,False
34563,False
34564,False
34565,False
34566,False
34567,False
34568,False
34569,False
34570,False
34571,False
34572,False
34573,False
34574,False
34575,False
34576,False
34577,False
34578,False
34579,False
34580,False
34581,False
34582,False
34583,False
34584,False
34585,False
34586,False
34587,False
34588,False
34589,False
34590,False
34591,False
34592,False
34593,True
34594,False
34595,False
34596,False
34597,False
34598,False
34599,False
34600,False
34601,False
34602,False
34603,True
34604,False
34605,False
34606,False
34607,False
34608,False
34609,False
34610,False
34611,False
34612,False
34613,False
34614,False
34615,False
34616,True
34617,False
34618,True
34619,False
34620,False
34621,False
34622,False
34623,False
34624,False
34625,True
34626,False
34627,False
34628,False
34629,False
34630,False
34631,False
34632,False
34633,False
34634,False
34635,False
34636,False
34637,False
34638,False
34639,False
34640,False
34641,False
34642,False
34643,False
34644,False
34645,False
34646,False
34647,False
34648,False
34649,False
34650,False
34651,False
34652,False
34653,False
34654,False
34655,False
34656,False
34657,False
34658,False
34659,False
34660,False
34661,False
34662,False
34663,False
34664,True
34665,False
34666,True
34667,False
34668,False
34669,False
34670,False
34671,False
34672,False
34673,False
34674,False
34675,False
34676,False
34677,False
34678,False
34679,False
34680,False
34681,False
34682,False
34683,False
34684,False
34685,False
34686,False
34687,False
34688,False
34689,False
34690,False
34691,False
34692,False
34693,False
34694,False
34695,False
34696,False
34697,False
34698,False
34699,False
34700,False
34701,False
34702,False
34703,False
34704,False
34705,False
34706,False
34707,False
34708,False
34709,False
34710,False
34711,False
34712,False
34713,False
34714,False
34715,False
34716,False
34717,False
34718,False
34719,False
34720,False
34721,False
34722,False
34723,False
34724,False
34725,False
34726,False
34727,False
34728,False
34729,False
34730,False
34731,False
34732,False
34733,False
34734,False
34735,False
34736,False
34737,False
34738,False
34739,False
34740,False
34741,False
34742,False
34743,False
34744,False
34745,False
34746,False
34747,False
34748,False
34749,False
34750,False
34751,False
34752,False
34753,False
34754,False
34755,False
34756,False
34757,False
34758,False
34759,False
34760,False
34761,False
34762,True
34763,False
34764,False
34765,False
34766,False
34767,False
34768,False
34769,False
34770,False
34771,False
34772,False
34773,False
34774,False
34775,False
34776,False
34777,False
34778,False
34779,False
34780,False
34781,False
34782,False
34783,False
34784,False
34785,False
34786,False
34787,False
34788,False
34789,False
34790,False
34791,False
34792,False
34793,True
34794,False
34795,False
34796,True
34797,False
34798,False
34799,False
34800,False
34801,False
34802,False
34803,False
34804,False
34805,True
34806,False
34807,False
34808,False
34809,False
34810,False
34811,False
34812,False
34813,False
34814,False
34815,False
34816,False
34817,False
34818,False
34819,False
34820,False
34821,False
34822,False
34823,False
34824,False
34825,False
34826,False
34827,False
34828,False
34829,False
34830,False
34831,True
34832,False
34833,False
34834,False
34835,False
34836,False
34837,False
34838,False
34839,False
34840,False
34841,False
34842,False
34843,False
34844,False
34845,False
34846,False
34847,False
34848,False
34849,False
34850,True
34851,False
34852,True
34853,False
34854,False
34855,False
34856,False
34857,False
34858,False
34859,False
34860,False
34861,True
34862,False
34863,False
34864,False
34865,False
34866,False
34867,True
34868,False
34869,False
34870,False
34871,True
34872,False
34873,False
34874,False
34875,False
34876,False
34877,False
34878,False
34879,False
34880,False
34881,False
34882,False
34883,False
34884,False
34885,False
34886,False
34887,False
34888,False
34889,False
34890,False
34891,True
34892,False
34893,False
34894,False
34895,False
34896,False
34897,False
34898,False
34899,False
34900,False
34901,False
34902,False
34903,False
34904,False
34905,False
34906,False
34907,False
34908,False
34909,False
34910,False
34911,False
34912,False
34913,False
34914,False
34915,True
34916,False
34917,False
34918,False
34919,False
34920,False
34921,False
34922,False
34923,False
34924,False
34925,False
34926,False
34927,False
34928,False
34929,False
34930,False
34931,False
34932,False
34933,False
34934,False
34935,False
34936,True
34937,False
34938,False
34939,False
34940,False
34941,False
34942,False
34943,False
34944,False
34945,False
34946,False
34947,False
34948,False
34949,False
34950,False
34951,False
34952,False
34953,False
34954,False
34955,False
34956,False
34957,False
34958,False
34959,True
34960,False
34961,False
34962,False
34963,False
34964,False
34965,False
34966,False
34967,False
34968,False
34969,False
34970,False
34971,False
34972,False
34973,False
34974,False
34975,False
34976,False
34977,False
34978,False
34979,False
34980,False
34981,False
34982,False
34983,False
34984,False
34985,False
34986,False
34987,False
34988,False
34989,False
34990,False
34991,False
34992,False
34993,False
34994,False
34995,False
34996,False
34997,False
34998,False
34999,False
35000,False
35001,False
35002,False
35003,False
35004,False
35005,False
35006,False
35007,False
35008,False
35009,False
35010,False
35011,False
35012,False
35013,False
35014,False
35015,False
35016,False
35017,False
35018,False
35019,False
35020,False
35021,False
35022,False
35023,False
35024,False
35025,False
35026,False
35027,False
35028,False
35029,False
35030,False
35031,False
35032,False
35033,False
35034,False
35035,False
35036,False
35037,False
35038,False
35039,False
35040,False
35041,False
35042,False
35043,False
35044,False
35045,False
35046,False
35047,False
35048,False
35049,False
35050,False
35051,False
35052,False
35053,False
35054,False
35055,False
35056,False
35057,False
35058,False
35059,False
35060,False
35061,False
35062,False
35063,False
35064,True
35065,False
35066,False
35067,True
35068,False
35069,False
35070,False
35071,False
35072,False
35073,False
35074,False
35075,False
35076,False
35077,False
35078,True
35079,True
35080,False
35081,False
35082,True
35083,False
35084,False
35085,False
35086,False
35087,False
35088,True
35089,False
35090,False
35091,False
35092,False
35093,True
35094,False
35095,False
35096,False
35097,False
35098,False
35099,False
35100,False
35101,False
35102,False
35103,False
35104,False
35105,False
35106,False
35107,False
35108,False
35109,False
35110,False
35111,False
35112,False
35113,False
35114,False
35115,False
35116,False
35117,False
35118,True
35119,False
35120,False
35121,False
35122,False
35123,False
35124,True
35125,False
35126,False
35127,False
35128,False
35129,False
35130,True
35131,False
35132,False
35133,False
35134,False
35135,False
35136,False
35137,False
35138,False
35139,False
35140,False
35141,False
35142,False
35143,False
35144,True
35145,False
35146,False
35147,False
35148,False
35149,False
35150,False
35151,False
35152,False
35153,False
35154,False
35155,False
35156,False
35157,False
35158,False
35159,False
35160,False
35161,False
35162,False
35163,True
35164,False
35165,False
35166,False
35167,False
35168,False
35169,False
35170,False
35171,False
35172,False
35173,False
35174,True
35175,False
35176,False
35177,False
35178,False
35179,False
35180,False
35181,False
35182,False
35183,False
35184,False
35185,False
35186,False
35187,False
35188,False
35189,False
35190,False
35191,False
35192,False
35193,False
35194,False
35195,False
35196,False
35197,False
35198,False
35199,False
35200,False
35201,False
35202,False
35203,False
35204,True
35205,False
35206,False
35207,False
35208,False
35209,False
35210,False
35211,False
35212,False
35213,False
35214,False
35215,False
35216,False
35217,False
35218,False
35219,False
35220,False
35221,False
35222,False
35223,False
35224,False
35225,False
35226,False
35227,False
35228,False
35229,False
35230,False
35231,False
35232,False
35233,False
35234,False
35235,False
35236,False
35237,False
35238,False
35239,False
35240,False
35241,False
35242,False
35243,False
35244,False
35245,False
35246,False
35247,False
35248,False
35249,False
35250,True
35251,False
35252,False
35253,False
35254,False
35255,False
35256,False
35257,False
35258,False
35259,False
35260,False
35261,False
35262,False
35263,False
35264,False
35265,False
35266,False
35267,False
35268,False
35269,False
35270,False
35271,True
35272,False
35273,False
35274,False
35275,False
35276,False
35277,False
35278,False
35279,False
35280,True
35281,False
35282,False
35283,False
35284,False
35285,False
35286,False
35287,False
35288,False
35289,False
35290,False
35291,False
35292,False
35293,False
35294,False
35295,True
35296,False
35297,False
35298,False
35299,False
35300,True
35301,True
35302,False
35303,False
35304,False
35305,False
35306,False
35307,False
35308,False
35309,False
35310,False
35311,False
35312,False
35313,False
35314,False
35315,False
35316,False
35317,False
35318,False
35319,True
35320,False
35321,False
35322,False
35323,False
35324,False
35325,False
35326,False
35327,False
35328,False
35329,False
35330,False
35331,False
35332,False
35333,False
35334,False
35335,False
35336,False
35337,False
35338,False
35339,False
35340,False
35341,False
35342,False
35343,False
35344,True
35345,False
35346,False
35347,False
35348,False
35349,False
35350,False
35351,False
35352,False
35353,False
35354,False
35355,False
35356,False
35357,False
35358,False
35359,True
35360,False
35361,False
35362,False
35363,True
35364,False
35365,False
35366,False
35367,False
35368,False
35369,False
35370,False
35371,False
35372,False
35373,False
35374,False
35375,False
35376,True
35377,False
35378,False
35379,False
35380,False
35381,False
35382,False
35383,False
35384,False
35385,False
35386,False
35387,False
35388,False
35389,False
35390,False
35391,False
35392,False
35393,False
35394,False
35395,False
35396,False
35397,False
35398,False
35399,False
35400,False
35401,False
35402,False
35403,False
35404,False
35405,False
35406,False
35407,False
35408,False
35409,False
35410,False
35411,False
35412,False
35413,False
35414,False
35415,False
35416,False
35417,False
35418,False
35419,False
35420,False
35421,False
35422,False
35423,False
35424,False
35425,False
35426,False
35427,False
35428,False
35429,False
35430,False
35431,False
35432,False
35433,False
35434,False
35435,False
35436,False
35437,False
35438,False
35439,False
35440,False
35441,False
35442,False
35443,False
35444,False
35445,False
35446,False
35447,False
35448,False
35449,False
35450,False
35451,False
35452,False
35453,False
35454,False
35455,False
35456,False
35457,False
35458,False
35459,False
35460,False
35461,True
35462,False
35463,False
35464,False
35465,True
35466,False
35467,False
35468,False
35469,False
35470,False
35471,False
35472,False
35473,False
35474,False
35475,False
35476,False
35477,False
35478,False
35479,False
35480,True
35481,True
35482,False
35483,False
35484,False
35485,False
35486,False
35487,False
35488,False
35489,False
35490,False
35491,False
35492,True
35493,False
35494,False
35495,False
35496,False
35497,False
35498,False
35499,False
35500,False
35501,False
35502,False
35503,False
35504,False
35505,False
35506,False
35507,False
35508,False
35509,False
35510,False
35511,False
35512,False
35513,False
35514,False
35515,False
35516,False
35517,False
35518,False
35519,False
35520,False
35521,False
35522,False
35523,False
35524,False
35525,False
35526,False
35527,False
35528,False
35529,False
35530,False
35531,False
35532,False
35533,False
35534,False
35535,False
35536,False
35537,False
35538,False
35539,False
35540,False
35541,False
35542,False
35543,False
35544,False
35545,False
35546,False
35547,False
35548,False
35549,False
35550,False
35551,False
35552,False
35553,False
35554,False
35555,False
35556,False
35557,True
35558,False
35559,False
35560,False
35561,False
35562,False
35563,False
35564,False
35565,False
35566,False
35567,False
35568,False
35569,False
35570,False
35571,False
35572,False
35573,True
35574,False
35575,False
35576,False
35577,False
35578,False
35579,False
35580,False
35581,False
35582,False
35583,False
35584,False
35585,False
35586,False
35587,False
35588,False
35589,False
35590,False
35591,False
35592,False
35593,False
35594,False
35595,False
35596,False
35597,False
35598,False
35599,False
35600,False
35601,False
35602,False
35603,False
35604,False
35605,False
35606,False
35607,True
35608,False
35609,False
35610,False
35611,False
35612,False
35613,False
35614,False
35615,False
35616,False
35617,False
35618,False
35619,False
35620,False
35621,False
35622,False
35623,False
35624,False
35625,False
35626,False
35627,False
35628,False
35629,True
35630,False
35631,False
35632,False
35633,False
35634,False
35635,False
35636,False
35637,False
35638,True
35639,False
35640,False
35641,False
35642,False
35643,False
35644,False
35645,False
35646,False
35647,False
35648,False
35649,False
35650,False
35651,False
35652,False
35653,False
35654,False
35655,False
35656,False
35657,False
35658,False
35659,False
35660,False
35661,False
35662,False
35663,False
35664,False
35665,False
35666,False
35667,False
35668,False
35669,False
35670,False
35671,False
35672,False
35673,False
35674,False
35675,False
35676,False
35677,False
35678,False
35679,False
35680,False
35681,False
35682,False
35683,False
35684,False
35685,False
35686,False
35687,False
35688,False
35689,False
35690,False
35691,False
35692,False
35693,False
35694,False
35695,False
35696,False
35697,False
35698,False
35699,False
35700,False
35701,False
35702,False
35703,False
35704,False
35705,False
35706,False
35707,False
35708,False
35709,False
35710,False
35711,False
35712,False
35713,True
35714,False
35715,False
35716,False
35717,False
35718,False
35719,False
35720,False
35721,False
35722,False
35723,False
35724,False
35725,False
35726,False
35727,False
35728,True
35729,False
35730,False
35731,False
35732,False
35733,False
35734,False
35735,False
35736,False
35737,False
35738,False
35739,False
35740,False
35741,False
35742,False
35743,False
35744,False
35745,False
35746,False
35747,False
35748,True
35749,False
35750,False
35751,False
35752,False
35753,False
35754,False
35755,False
35756,False
35757,False
35758,False
35759,False
35760,False
35761,False
35762,False
35763,False
35764,False
35765,False
35766,False
35767,False
35768,False
35769,False
35770,False
35771,False
35772,False
35773,False
35774,False
35775,False
35776,False
35777,False
35778,False
35779,False
35780,False
35781,False
35782,False
35783,False
35784,False
35785,False
35786,False
35787,False
35788,False
35789,False
35790,False
35791,False
35792,False
35793,False
35794,False
35795,False
35796,False
35797,False
35798,False
35799,True
35800,True
35801,False
35802,False
35803,False
35804,False
35805,False
35806,False
35807,False
35808,False
35809,False
35810,True
35811,False
35812,False
35813,False
35814,False
35815,False
35816,False
35817,False
35818,False
35819,False
35820,False
35821,False
35822,False
35823,False
35824,False
35825,False
35826,False
35827,False
35828,False
35829,False
35830,False
35831,False
35832,False
35833,False
35834,False
35835,False
35836,False
35837,False
35838,False
35839,False
35840,False
35841,False
35842,False
35843,False
35844,False
35845,False
35846,False
35847,False
35848,True
35849,False
35850,False
35851,False
35852,False
35853,False
35854,False
35855,False
35856,False
35857,False
35858,False
35859,False
35860,False
35861,False
35862,False
35863,False
35864,False
35865,False
35866,False
35867,False
35868,False
35869,False
35870,False
35871,False
35872,False
35873,False
35874,False
35875,False
35876,False
35877,False
35878,True
35879,False
35880,False
35881,False
35882,False
35883,False
35884,False
35885,False
35886,False
35887,False
35888,False
35889,False
35890,False
35891,False
35892,False
35893,False
35894,False
35895,False
35896,False
35897,False
35898,False
35899,False
35900,False
35901,False
35902,False
35903,False
35904,False
35905,False
35906,True
35907,False
35908,False
35909,False
35910,False
35911,False
35912,False
35913,False
35914,False
35915,False
35916,False
35917,False
35918,False
35919,False
35920,False
35921,False
35922,False
35923,True
35924,False
35925,False
35926,False
35927,False
35928,False
35929,False
35930,False
35931,False
35932,False
35933,False
35934,False
35935,False
35936,False
35937,False
35938,False
35939,False
35940,False
35941,False
35942,False
35943,False
35944,False
35945,False
35946,False
35947,False
35948,False
35949,False
35950,False
35951,False
35952,False
35953,False
35954,False
35955,False
35956,False
35957,True
35958,False
35959,False
35960,False
35961,False
35962,False
35963,False
35964,False
35965,False
35966,False
35967,False
35968,False
35969,False
35970,False
35971,False
35972,False
35973,False
35974,False
35975,False
35976,False
35977,False
35978,False
35979,False
35980,False
35981,False
35982,False
35983,False
35984,False
35985,False
35986,True
35987,False
35988,False
35989,False
35990,False
35991,False
35992,False
35993,False
35994,False
35995,False
35996,False
35997,False
35998,False
35999,False
36000,False
36001,False
36002,False
36003,False
36004,False
36005,False
36006,False
36007,False
36008,False
36009,False
36010,False
36011,False
36012,False
36013,False
36014,False
36015,False
36016,False
36017,False
36018,False
36019,False
36020,False
36021,False
36022,False
36023,False
36024,False
36025,False
36026,False
36027,False
36028,True
36029,False
36030,False
36031,False
36032,False
36033,False
36034,False
36035,False
36036,False
36037,False
36038,False
36039,False
36040,False
36041,False
36042,False
36043,False
36044,False
36045,False
36046,False
36047,False
36048,False
36049,False
36050,False
36051,False
36052,False
36053,False
36054,False
36055,False
36056,False
36057,False
36058,False
36059,False
36060,False
36061,False
36062,False
36063,True
36064,False
36065,False
36066,False
36067,False
36068,False
36069,False
36070,False
36071,False
36072,False
36073,False
36074,False
36075,False
36076,False
36077,False
36078,False
36079,False
36080,False
36081,False
36082,False
36083,False
36084,False
36085,False
36086,False
36087,False
36088,False
36089,False
36090,False
36091,False
36092,False
36093,False
36094,False
36095,False
36096,False
36097,False
36098,False
36099,False
36100,False
36101,False
36102,False
36103,False
36104,False
36105,False
36106,False
36107,False
36108,False
36109,False
36110,False
36111,False
36112,False
36113,False
36114,False
36115,False
36116,False
36117,False
36118,False
36119,False
36120,False
36121,False
36122,False
36123,False
36124,False
36125,False
36126,False
36127,False
36128,False
36129,False
36130,False
36131,False
36132,False
36133,False
36134,False
36135,False
36136,False
36137,False
36138,False
36139,False
36140,False
36141,False
36142,False
36143,False
36144,False
36145,False
36146,False
36147,False
36148,False
36149,False
36150,False
36151,False
36152,False
36153,False
36154,False
36155,False
36156,False
36157,False
36158,False
36159,False
36160,False
36161,False
36162,False
36163,False
36164,False
36165,False
36166,False
36167,False
36168,False
36169,False
36170,False
36171,False
36172,False
36173,False
36174,False
36175,False
36176,False
36177,False
36178,False
36179,False
36180,False
36181,False
36182,False
36183,False
36184,False
36185,False
36186,False
36187,False
36188,False
36189,False
36190,False
36191,False
36192,False
36193,False
36194,False
36195,False
36196,False
36197,False
36198,False
36199,False
36200,False
36201,False
36202,False
36203,False
36204,False
36205,False
36206,False
36207,False
36208,False
36209,False
36210,False
36211,False
36212,False
36213,False
36214,False
36215,False
36216,False
36217,False
36218,False
36219,False
36220,False
36221,False
36222,False
36223,True
36224,False
36225,False
36226,False
36227,False
36228,False
36229,False
36230,False
36231,False
36232,False
36233,False
36234,False
36235,False
36236,False
36237,False
36238,False
36239,True
36240,False
36241,False
36242,False
36243,False
36244,False
36245,False
36246,False
36247,False
36248,False
36249,False
36250,False
36251,False
36252,False
36253,False
36254,False
36255,False
36256,False
36257,False
36258,False
36259,False
36260,False
36261,False
36262,False
36263,False
36264,False
36265,False
36266,False
36267,False
36268,True
36269,False
36270,False
36271,False
36272,False
36273,False
36274,False
36275,False
36276,False
36277,False
36278,False
36279,False
36280,False
36281,False
36282,True
36283,False
36284,False
36285,False
36286,False
36287,False
36288,False
36289,False
36290,False
36291,False
36292,False
36293,False
36294,False
36295,False
36296,False
36297,False
36298,False
36299,False
36300,False
36301,False
36302,False
36303,False
36304,False
36305,False
36306,False
36307,False
36308,False
36309,False
36310,False
36311,False
36312,False
36313,False
36314,False
36315,False
36316,False
36317,False
36318,False
36319,False
36320,False
36321,False
36322,False
36323,False
36324,False
36325,False
36326,False
36327,False
36328,False
36329,False
36330,False
36331,False
36332,False
36333,False
36334,False
36335,False
36336,False
36337,False
36338,False
36339,False
36340,False
36341,False
36342,False
36343,False
36344,False
36345,False
36346,False
36347,False
36348,False
36349,False
36350,False
36351,False
36352,False
36353,False
36354,False
36355,False
36356,False
36357,False
36358,False
36359,False
36360,False
36361,False
36362,False
36363,False
36364,False
36365,False
36366,False
36367,False
36368,False
36369,False
36370,False
36371,False
36372,False
36373,False
36374,False
36375,False
36376,False
36377,False
36378,False
36379,False
36380,True
36381,False
36382,False
36383,False
36384,False
36385,False
36386,False
36387,True
36388,False
36389,False
36390,False
36391,False
36392,False
36393,False
36394,False
36395,False
36396,False
36397,False
36398,False
36399,False
36400,False
36401,False
36402,False
36403,False
36404,False
36405,False
36406,False
36407,False
36408,False
36409,False
36410,False
36411,False
36412,False
36413,False
36414,False
36415,False
36416,False
36417,False
36418,False
36419,False
36420,False
36421,False
36422,False
36423,False
36424,False
36425,False
36426,False
36427,False
36428,False
36429,False
36430,False
36431,False
36432,False
36433,False
36434,False
36435,False
36436,True
36437,False
36438,False
36439,False
36440,False
36441,False
36442,False
36443,False
36444,False
36445,False
36446,False
36447,False
36448,False
36449,False
36450,False
36451,False
36452,False
36453,False
36454,False
36455,False
36456,False
36457,False
36458,False
36459,False
36460,False
36461,False
36462,False
36463,False
36464,False
36465,False
36466,False
36467,True
36468,False
36469,False
36470,False
36471,False
36472,False
36473,False
36474,False
36475,False
36476,False
36477,False
36478,False
36479,False
36480,False
36481,False
36482,False
36483,False
36484,False
36485,False
36486,False
36487,False
36488,False
36489,False
36490,False
36491,False
36492,False
36493,False
36494,False
36495,False
36496,False
36497,False
36498,False
36499,False
36500,False
36501,False
36502,False
36503,False
36504,False
36505,False
36506,True
36507,True
36508,False
36509,False
36510,False
36511,False
36512,False
36513,False
36514,False
36515,False
36516,False
36517,False
36518,False
36519,False
36520,False
36521,False
36522,False
36523,False
36524,False
36525,True
36526,False
36527,False
36528,False
36529,False
36530,False
36531,False
36532,False
36533,False
36534,False
36535,False
36536,False
36537,False
36538,False
36539,False
36540,False
36541,False
36542,False
36543,False
36544,False
36545,False
36546,False
36547,False
36548,False
36549,False
36550,False
36551,False
36552,False
36553,False
36554,True
36555,False
36556,False
36557,False
36558,False
36559,False
36560,False
36561,False
36562,False
36563,False
36564,False
36565,False
36566,False
36567,False
36568,False
36569,False
36570,False
36571,False
36572,False
36573,False
36574,False
36575,False
36576,False
36577,False
36578,False
36579,False
36580,False
36581,False
36582,False
36583,False
36584,False
36585,False
36586,False
36587,False
36588,False
36589,False
36590,False
36591,False
36592,False
36593,False
36594,False
36595,False
36596,False
36597,False
36598,False
36599,False
36600,False
36601,False
36602,False
36603,False
36604,False
36605,False
36606,False
36607,False
36608,False
36609,False
36610,False
36611,False
36612,False
36613,False
36614,False
36615,False
36616,False
36617,False
36618,False
36619,False
36620,False
36621,False
36622,False
36623,False
36624,False
36625,False
36626,False
36627,False
36628,False
36629,False
36630,False
36631,False
36632,False
36633,True
36634,False
36635,False
36636,False
36637,False
36638,False
36639,False
36640,False
36641,False
36642,False
36643,False
36644,False
36645,False
36646,False
36647,False
36648,False
36649,False
36650,False
36651,False
36652,False
36653,False
36654,False
36655,False
36656,False
36657,False
36658,False
36659,False
36660,False
36661,False
36662,False
36663,False
36664,False
36665,False
36666,False
36667,False
36668,False
36669,False
36670,False
36671,False
36672,False
36673,False
36674,False
36675,False
36676,False
36677,False
36678,False
36679,False
36680,False
36681,False
36682,False
36683,False
36684,False
36685,False
36686,False
36687,False
36688,False
36689,False
36690,False
36691,False
36692,False
36693,False
36694,False
36695,False
36696,False
36697,False
36698,False
36699,False
36700,False
36701,False
36702,False
36703,False
36704,True
36705,False
36706,False
36707,False
36708,False
36709,False
36710,False
36711,False
36712,False
36713,False
36714,False
36715,False
36716,False
36717,True
36718,False
36719,False
36720,False
36721,False
36722,False
36723,False
36724,False
36725,False
36726,False
36727,False
36728,False
36729,False
36730,False
36731,False
36732,False
36733,False
36734,False
36735,False
36736,False
36737,False
36738,False
36739,False
36740,False
36741,False
36742,False
36743,False
36744,False
36745,False
36746,False
36747,False
36748,False
36749,False
36750,False
36751,False
36752,False
36753,False
36754,False
36755,False
36756,False
36757,False
36758,False
36759,False
36760,False
36761,False
36762,False
36763,False
36764,False
36765,False
36766,False
36767,False
36768,False
36769,False
36770,False
36771,False
36772,False
36773,False
36774,False
36775,False
36776,False
36777,False
36778,False
36779,False
36780,False
36781,False
36782,False
36783,False
36784,False
36785,False
36786,False
36787,False
36788,False
36789,False
36790,False
36791,False
36792,False
36793,False
36794,False
36795,False
36796,True
36797,False
36798,False
36799,False
36800,False
36801,False
36802,False
36803,False
36804,False
36805,True
36806,False
36807,False
36808,False
36809,False
36810,False
36811,False
36812,False
36813,False
36814,False
36815,False
36816,False
36817,False
36818,False
36819,False
36820,False
36821,False
36822,False
36823,False
36824,False
36825,False
36826,False
36827,False
36828,False
36829,False
36830,False
36831,False
36832,False
36833,False
36834,False
36835,False
36836,False
36837,False
36838,False
36839,False
36840,False
36841,False
36842,False
36843,False
36844,False
36845,False
36846,False
36847,False
36848,False
36849,False
36850,False
36851,False
36852,False
36853,False
36854,False
36855,False
36856,False
36857,False
36858,False
36859,False
36860,False
36861,False
36862,False
36863,False
36864,False
36865,False
36866,False
36867,False
36868,False
36869,False
36870,False
36871,False
36872,False
36873,False
36874,False
36875,True
36876,False
36877,False
36878,False
36879,False
36880,False
36881,False
36882,False
36883,False
36884,False
36885,False
36886,False
36887,False
36888,False
36889,False
36890,False
36891,False
36892,False
36893,False
36894,False
36895,False
36896,False
36897,False
36898,False
36899,False
36900,False
36901,False
36902,False
36903,False
36904,False
36905,False
36906,False
36907,False
36908,False
36909,False
36910,False
36911,False
36912,False
36913,False
36914,False
36915,False
36916,False
36917,False
36918,False
36919,False
36920,False
36921,False
36922,False
36923,True
36924,False
36925,False
36926,False
36927,False
36928,True
36929,False
36930,False
36931,False
36932,False
36933,False
36934,False
36935,False
36936,False
36937,False
36938,False
36939,False
36940,False
36941,False
36942,False
36943,False
36944,False
36945,False
36946,False
36947,False
36948,False
36949,False
36950,False
36951,False
36952,False
36953,False
36954,False
36955,False
36956,False
36957,True
36958,False
36959,False
36960,False
36961,False
36962,False
36963,False
36964,False
36965,False
36966,False
36967,False
36968,False
36969,False
36970,False
36971,False
36972,False
36973,False
36974,False
36975,False
36976,False
36977,False
36978,False
36979,False
36980,False
36981,False
36982,False
36983,False
36984,False
36985,False
36986,False
36987,False
36988,False
36989,False
36990,False
36991,False
36992,False
36993,False
36994,False
36995,False
36996,False
36997,False
36998,False
36999,False
37000,False
37001,False
37002,True
37003,False
37004,False
37005,False
37006,False
37007,False
37008,False
37009,False
37010,False
37011,False
37012,False
37013,False
37014,False
37015,False
37016,False
37017,False
37018,False
37019,False
37020,False
37021,False
37022,False
37023,False
37024,False
37025,True
37026,False
37027,False
37028,False
37029,False
37030,False
37031,False
37032,False
37033,False
37034,False
37035,False
37036,False
37037,False
37038,False
37039,False
37040,False
37041,False
37042,False
37043,False
37044,False
37045,False
37046,False
37047,True
37048,False
37049,False
37050,False
37051,False
37052,False
37053,False
37054,False
37055,False
37056,False
37057,False
37058,False
37059,False
37060,False
37061,False
37062,False
37063,False
37064,False
37065,False
37066,False
37067,False
37068,False
37069,False
37070,False
37071,False
37072,False
37073,False
37074,False
37075,False
37076,False
37077,False
37078,False
37079,False
37080,False
37081,False
37082,False
37083,False
37084,False
37085,False
37086,False
37087,False
37088,False
37089,False
37090,False
37091,False
37092,False
37093,False
37094,False
37095,True
37096,False
37097,False
37098,False
37099,False
37100,False
37101,False
37102,False
37103,False
37104,False
37105,False
37106,False
37107,False
37108,False
37109,False
37110,False
37111,False
37112,False
37113,False
37114,False
37115,False
37116,False
37117,False
37118,False
37119,False
37120,False
37121,False
37122,False
37123,False
37124,False
37125,False
37126,False
37127,False
37128,False
37129,False
37130,False
37131,False
37132,False
37133,False
37134,False
37135,False
37136,True
37137,False
37138,False
37139,False
37140,False
37141,False
37142,False
37143,False
37144,False
37145,False
37146,False
37147,False
37148,False
37149,False
37150,False
37151,True
37152,False
37153,False
37154,False
37155,False
37156,False
37157,False
37158,False
37159,False
37160,False
37161,False
37162,False
37163,False
37164,False
37165,False
37166,False
37167,False
37168,False
37169,False
37170,False
37171,False
37172,False
37173,False
37174,False
37175,False
37176,False
37177,False
37178,False
37179,False
37180,False
37181,False
37182,False
37183,False
37184,False
37185,False
37186,False
37187,False
37188,False
37189,False
37190,False
37191,False
37192,False
37193,False
37194,False
37195,False
37196,False
37197,False
37198,False
37199,False
37200,False
37201,False
37202,False
37203,False
37204,False
37205,False
37206,False
37207,False
37208,False
37209,False
37210,False
37211,False
37212,False
37213,True
37214,False
37215,False
37216,False
37217,False
37218,False
37219,True
37220,False
37221,False
37222,False
37223,False
37224,False
37225,False
37226,False
37227,False
37228,False
37229,False
37230,False
37231,False
37232,False
37233,False
37234,False
37235,False
37236,False
37237,False
37238,False
37239,False
37240,False
37241,False
37242,False
37243,False
37244,False
37245,False
37246,False
37247,False
37248,False
37249,False
37250,False
37251,False
37252,False
37253,False
37254,False
37255,True
37256,False
37257,False
37258,False
37259,False
37260,False
37261,False
37262,False
37263,False
37264,True
37265,False
37266,False
37267,False
37268,False
37269,False
37270,False
37271,False
37272,False
37273,False
37274,False
37275,False
37276,False
37277,False
37278,False
37279,False
37280,True
37281,False
37282,False
37283,False
37284,False
37285,False
37286,False
37287,False
37288,False
37289,False
37290,False
37291,False
37292,False
37293,False
37294,False
37295,False
37296,False
37297,False
37298,False
37299,False
37300,False
37301,False
37302,False
37303,False
37304,False
37305,False
37306,False
37307,False
37308,False
37309,False
37310,False
37311,False
37312,False
37313,False
37314,False
37315,False
37316,False
37317,False
37318,False
37319,False
37320,False
37321,False
37322,True
37323,False
37324,False
37325,False
37326,False
37327,False
37328,False
37329,False
37330,False
37331,False
37332,False
37333,False
37334,False
37335,False
37336,False
37337,False
37338,False
37339,False
37340,False
37341,False
37342,False
37343,False
37344,False
37345,False
37346,False
37347,False
37348,False
37349,False
37350,True
37351,False
37352,False
37353,False
37354,False
37355,False
37356,False
37357,False
37358,False
37359,False
37360,False
37361,False
37362,False
37363,False
37364,False
37365,False
37366,False
37367,False
37368,False
37369,False
37370,False
37371,False
37372,False
37373,False
37374,False
37375,False
37376,False
37377,False
37378,False
37379,False
37380,False
37381,False
37382,False
37383,False
37384,False
37385,False
37386,False
37387,False
37388,False
37389,False
37390,False
37391,False
37392,False
37393,False
37394,False
37395,False
37396,False
37397,False
37398,False
37399,False
37400,False
37401,False
37402,True
37403,False
37404,False
37405,False
37406,False
37407,False
37408,False
37409,True
37410,False
37411,False
37412,False
37413,False
37414,False
37415,False
37416,False
37417,False
37418,False
37419,False
37420,False
37421,False
37422,False
37423,False
37424,False
37425,False
37426,False
37427,False
37428,False
37429,False
37430,False
37431,False
37432,False
37433,False
37434,False
37435,False
37436,False
37437,False
37438,False
37439,False
37440,False
37441,False
37442,False
37443,False
37444,False
37445,False
37446,False
37447,False
37448,True
37449,False
37450,False
37451,False
37452,False
37453,False
37454,False
37455,False
37456,False
37457,False
37458,False
37459,False
37460,False
37461,False
37462,False
37463,False
37464,False
37465,False
37466,False
37467,False
37468,False
37469,False
37470,False
37471,False
37472,False
37473,False
37474,False
37475,False
37476,False
37477,False
37478,False
37479,False
37480,False
37481,False
37482,False
37483,False
37484,False
37485,False
37486,False
37487,False
37488,False
37489,False
37490,False
37491,False
37492,False
37493,False
37494,False
37495,False
37496,False
37497,True
37498,False
37499,False
37500,False
37501,False
37502,False
37503,False
37504,False
37505,False
37506,False
37507,False
37508,False
37509,False
37510,False
37511,False
37512,False
37513,False
37514,False
37515,False
37516,False
37517,False
37518,False
37519,False
37520,False
37521,False
37522,False
37523,False
37524,False
37525,False
37526,False
37527,False
37528,False
37529,False
37530,False
37531,False
37532,False
37533,False
37534,False
37535,False
37536,False
37537,False
37538,False
37539,False
37540,False
37541,False
37542,False
37543,False
37544,False
37545,False
37546,False
37547,False
37548,False
37549,False
37550,False
37551,False
37552,False
37553,False
37554,False
37555,False
37556,False
37557,False
37558,False
37559,False
37560,False
37561,False
37562,False
37563,False
37564,False
37565,False
37566,False
37567,False
37568,False
37569,False
37570,False
37571,False
37572,False
37573,False
37574,False
37575,False
37576,False
37577,False
37578,False
37579,False
37580,False
37581,False
37582,False
37583,False
37584,False
37585,False
37586,False
37587,False
37588,True
37589,False
37590,False
37591,True
37592,False
37593,False
37594,False
37595,False
37596,False
37597,False
37598,False
37599,False
37600,False
37601,False
37602,False
37603,False
37604,False
37605,False
37606,False
37607,False
37608,False
37609,False
37610,False
37611,False
37612,False
37613,False
37614,False
37615,False
37616,False
37617,False
37618,False
37619,False
37620,True
37621,False
37622,False
37623,False
37624,False
37625,False
37626,False
37627,False
37628,False
37629,True
37630,False
37631,False
37632,True
37633,False
37634,False
37635,False
37636,False
37637,False
37638,False
37639,False
37640,False
37641,False
37642,False
37643,False
37644,False
37645,False
37646,False
37647,False
37648,False
37649,False
37650,False
37651,False
37652,False
37653,False
37654,False
37655,False
37656,False
37657,False
37658,False
37659,False
37660,False
37661,False
37662,False
37663,False
37664,False
37665,False
37666,False
37667,False
37668,True
37669,False
37670,False
37671,False
37672,False
37673,False
37674,False
37675,False
37676,False
37677,False
37678,False
37679,False
37680,False
37681,False
37682,False
37683,False
37684,False
37685,False
37686,False
37687,False
37688,False
37689,False
37690,False
37691,False
37692,False
37693,False
37694,False
37695,False
37696,False
37697,False
37698,False
37699,False
37700,False
37701,False
37702,False
37703,True
37704,False
37705,False
37706,False
37707,False
37708,False
37709,False
37710,False
37711,False
37712,False
37713,False
37714,False
37715,False
37716,False
37717,False
37718,False
37719,False
37720,False
37721,False
37722,False
37723,False
37724,False
37725,False
37726,False
37727,False
37728,False
37729,False
37730,True
37731,False
37732,False
37733,False
37734,False
37735,False
37736,False
37737,False
37738,False
37739,False
37740,False
37741,False
37742,False
37743,False
37744,False
37745,False
37746,False
37747,False
37748,False
37749,False
37750,False
37751,False
37752,False
37753,False
37754,False
37755,False
37756,False
37757,False
37758,False
37759,False
37760,False
37761,False
37762,False
37763,False
37764,False
37765,False
37766,False
37767,False
37768,False
37769,False
37770,False
37771,False
37772,False
37773,False
37774,False
37775,False
37776,False
37777,False
37778,False
37779,False
37780,False
37781,False
37782,False
37783,False
37784,False
37785,False
37786,False
37787,False
37788,True
37789,False
37790,False
37791,False
37792,False
37793,False
37794,False
37795,False
37796,False
37797,False
37798,False
37799,False
37800,False
37801,False
37802,False
37803,False
37804,False
37805,False
37806,False
37807,False
37808,False
37809,False
37810,False
37811,False
37812,False
37813,False
37814,False
37815,True
37816,False
37817,False
37818,False
37819,False
37820,False
37821,False
37822,False
37823,False
37824,False
37825,False
37826,False
37827,False
37828,False
37829,False
37830,False
37831,False
37832,False
37833,False
37834,False
37835,False
37836,False
37837,False
37838,False
37839,False
37840,False
37841,False
37842,False
37843,False
37844,False
37845,False
37846,False
37847,False
37848,False
37849,False
37850,False
37851,False
37852,False
37853,False
37854,False
37855,False
37856,False
37857,False
37858,False
37859,False
37860,False
37861,False
37862,False
37863,False
37864,False
37865,False
37866,False
37867,False
37868,False
37869,False
37870,False
37871,False
37872,False
37873,False
37874,False
37875,False
37876,False
37877,False
37878,False
37879,False
37880,False
37881,False
37882,False
37883,False
37884,False
37885,False
37886,False
37887,False
37888,False
37889,False
37890,False
37891,False
37892,False
37893,False
37894,False
37895,False
37896,False
37897,False
37898,False
37899,False
37900,False
37901,False
37902,False
37903,False
37904,False
37905,False
37906,False
37907,False
37908,False
37909,False
37910,False
37911,False
37912,False
37913,False
37914,False
37915,False
37916,True
37917,False
37918,False
37919,False
37920,False
37921,True
37922,False
37923,False
37924,False
37925,False
37926,False
37927,False
37928,False
37929,False
37930,False
37931,False
37932,False
37933,False
37934,True
37935,False
37936,False
37937,False
37938,False
37939,False
37940,False
37941,False
37942,False
37943,False
37944,False
37945,False
37946,False
37947,False
37948,False
37949,False
37950,False
37951,False
37952,False
37953,False
37954,False
37955,False
37956,False
37957,False
37958,False
37959,False
37960,False
37961,False
37962,False
37963,False
37964,False
37965,False
37966,False
37967,False
37968,False
37969,False
37970,False
37971,False
37972,False
37973,False
37974,False
37975,False
37976,False
37977,False
37978,False
37979,False
37980,True
37981,False
37982,False
37983,False
37984,False
37985,False
37986,False
37987,False
37988,False
37989,False
37990,False
37991,False
37992,False
37993,False
37994,False
37995,False
37996,False
37997,False
37998,False
37999,False
38000,False
38001,False
38002,False
38003,False
38004,False
38005,False
38006,False
38007,False
38008,False
38009,False
38010,False
38011,False
38012,False
38013,False
38014,False
38015,False
38016,False
38017,False
38018,False
38019,False
38020,False
38021,False
38022,False
38023,False
38024,False
38025,False
38026,False
38027,False
38028,False
38029,False
38030,False
38031,False
38032,False
38033,True
38034,False
38035,False
38036,False
38037,False
38038,False
38039,False
38040,False
38041,False
38042,False
38043,False
38044,False
38045,False
38046,False
38047,False
38048,False
38049,False
38050,True
38051,False
38052,False
38053,False
38054,False
38055,False
38056,False
38057,False
38058,False
38059,False
38060,False
38061,False
38062,False
38063,False
38064,False
38065,False
38066,False
38067,False
38068,False
38069,False
38070,False
38071,False
38072,False
38073,False
38074,False
38075,False
38076,False
38077,False
38078,False
38079,False
38080,False
38081,False
38082,False
38083,False
38084,False
38085,False
38086,False
38087,False
38088,False
38089,False
38090,False
38091,False
38092,False
38093,False
38094,False
38095,False
38096,False
38097,False
38098,False
38099,False
38100,False
38101,False
38102,False
38103,False
38104,False
38105,False
38106,False
38107,False
38108,False
38109,False
38110,False
38111,False
38112,False
38113,False
38114,False
38115,False
38116,False
38117,False
38118,False
38119,False
38120,False
38121,False
38122,False
38123,False
38124,False
38125,False
38126,False
38127,False
38128,False
38129,False
38130,False
38131,False
38132,False
38133,False
38134,False
38135,False
38136,False
38137,False
38138,False
38139,False
38140,False
38141,False
38142,False
38143,False
38144,False
38145,False
38146,False
38147,False
38148,False
38149,False
38150,False
38151,False
38152,False
38153,False
38154,False
38155,False
38156,False
38157,False
38158,True
38159,False
38160,False
38161,False
38162,False
38163,False
38164,False
38165,False
38166,False
38167,False
38168,False
38169,False
38170,False
38171,False
38172,False
38173,False
38174,False
38175,False
38176,False
38177,False
38178,False
38179,False
38180,False
38181,False
38182,False
38183,False
38184,False
38185,False
38186,False
38187,False
38188,False
38189,False
38190,False
38191,False
38192,False
38193,False
38194,False
38195,False
38196,False
38197,False
38198,False
38199,False
38200,False
38201,False
38202,False
38203,False
38204,False
38205,False
38206,False
38207,False
38208,False
38209,False
38210,True
38211,False
38212,False
38213,False
38214,False
38215,False
38216,False
38217,False
38218,False
38219,False
38220,False
38221,False
38222,False
38223,False
38224,False
38225,False
38226,False
38227,False
38228,False
38229,False
38230,False
38231,False
38232,False
38233,False
38234,False
38235,False
38236,False
38237,False
38238,False
38239,False
38240,False
38241,False
38242,False
38243,False
38244,False
38245,False
38246,False
38247,False
38248,False
38249,False
38250,False
38251,False
38252,False
38253,False
38254,False
38255,False
38256,False
38257,False
38258,False
38259,False
38260,False
38261,False
38262,False
38263,False
38264,False
38265,True
38266,False
38267,False
38268,False
38269,False
38270,False
38271,False
38272,False
38273,False
38274,False
38275,False
38276,False
38277,False
38278,False
38279,False
38280,False
38281,False
38282,False
38283,True
38284,False
38285,False
38286,False
38287,True
38288,False
38289,False
38290,False
38291,False
38292,False
38293,False
38294,False
38295,False
38296,False
38297,False
38298,False
38299,False
38300,False
38301,False
38302,False
38303,False
38304,False
38305,False
38306,False
38307,False
38308,False
38309,False
38310,False
38311,False
38312,False
38313,False
38314,False
38315,False
38316,False
38317,False
38318,False
38319,False
38320,False
38321,False
38322,False
38323,False
38324,False
38325,False
38326,False
38327,False
38328,False
38329,False
38330,False
38331,False
38332,False
38333,False
38334,False
38335,False
38336,False
38337,False
38338,False
38339,False
38340,False
38341,False
38342,False
38343,False
38344,False
38345,False
38346,False
38347,False
38348,False
38349,False
38350,False
38351,False
38352,False
38353,False
38354,False
38355,False
38356,False
38357,False
38358,False
38359,False
38360,False
38361,False
38362,False
38363,False
38364,False
38365,False
38366,False
38367,False
38368,False
38369,False
38370,False
38371,False
38372,False
38373,False
38374,False
38375,False
38376,False
38377,False
38378,False
38379,False
38380,False
38381,False
38382,False
38383,False
38384,False
38385,False
38386,False
38387,False
38388,False
38389,False
38390,False
38391,False
38392,False
38393,False
38394,False
38395,False
38396,False
38397,False
38398,False
38399,False
38400,False
38401,True
38402,False
38403,True
38404,False
38405,False
38406,False
38407,False
38408,False
38409,False
38410,False
38411,False
38412,False
38413,False
38414,False
38415,True
38416,False
38417,False
38418,False
38419,False
38420,False
38421,False
38422,False
38423,False
38424,False
38425,False
38426,False
38427,False
38428,False
38429,False
38430,False
38431,False
38432,True
38433,False
38434,False
38435,False
38436,False
38437,False
38438,False
38439,False
38440,False
38441,False
38442,False
38443,False
38444,False
38445,False
38446,False
38447,False
38448,False
38449,False
38450,False
38451,False
38452,False
38453,False
38454,False
38455,False
38456,False
38457,False
38458,False
38459,False
38460,False
38461,False
38462,False
38463,False
38464,False
38465,False
38466,False
38467,False
38468,False
38469,False
38470,False
38471,False
38472,False
38473,False
38474,False
38475,False
38476,False
38477,False
38478,False
38479,False
38480,False
38481,False
38482,False
38483,False
38484,False
38485,False
38486,False
38487,False
38488,False
38489,False
38490,False
38491,False
38492,False
38493,False
38494,False
38495,False
38496,False
38497,False
38498,False
38499,True
38500,False
38501,False
38502,False
38503,False
38504,False
38505,False
38506,False
38507,False
38508,False
38509,False
38510,False
38511,False
38512,False
38513,False
38514,False
38515,False
38516,False
38517,False
38518,False
38519,False
38520,False
38521,False
38522,False
38523,False
38524,False
38525,False
38526,False
38527,False
38528,False
38529,False
38530,False
38531,False
38532,False
38533,False
38534,False
38535,False
38536,False
38537,False
38538,False
38539,False
38540,False
38541,False
38542,False
38543,False
38544,False
38545,False
38546,False
38547,False
38548,False
38549,False
38550,False
38551,False
38552,False
38553,False
38554,False
38555,False
38556,False
38557,False
38558,False
38559,False
38560,False
38561,False
38562,False
38563,False
38564,False
38565,False
38566,False
38567,False
38568,True
38569,False
38570,False
38571,False
38572,False
38573,False
38574,False
38575,False
38576,False
38577,False
38578,False
38579,False
38580,True
38581,False
38582,False
38583,False
38584,False
38585,False
38586,True
38587,False
38588,False
38589,False
38590,False
38591,False
38592,False
38593,False
38594,False
38595,False
38596,False
38597,False
38598,False
38599,False
38600,False
38601,False
38602,False
38603,False
38604,False
38605,False
38606,False
38607,False
38608,False
38609,False
38610,False
38611,False
38612,False
38613,False
38614,False
38615,False
38616,False
38617,False
38618,False
38619,False
38620,False
38621,False
38622,False
38623,False
38624,False
38625,False
38626,False
38627,False
38628,False
38629,False
38630,False
38631,False
38632,False
38633,False
38634,False
38635,False
38636,False
38637,False
38638,False
38639,False
38640,False
38641,False
38642,False
38643,False
38644,False
38645,True
38646,False
38647,False
38648,False
38649,False
38650,False
38651,False
38652,False
38653,True
38654,False
38655,False
38656,False
38657,False
38658,False
38659,False
38660,False
38661,False
38662,False
38663,False
38664,False
38665,False
38666,False
38667,False
38668,False
38669,False
38670,True
38671,False
38672,False
38673,False
38674,False
38675,False
38676,False
38677,False
38678,False
38679,False
38680,False
38681,False
38682,True
38683,False
38684,False
38685,False
38686,False
38687,False
38688,False
38689,False
38690,False
38691,False
38692,False
38693,False
38694,False
38695,False
38696,False
38697,False
38698,False
38699,False
38700,False
38701,False
38702,False
38703,False
38704,False
38705,False
38706,False
38707,False
38708,False
38709,False
38710,False
38711,False
38712,False
38713,False
38714,True
38715,False
38716,False
38717,False
38718,False
38719,False
38720,False
38721,False
38722,False
38723,False
38724,False
38725,False
38726,False
38727,False
38728,False
38729,False
38730,False
38731,False
38732,False
38733,False
38734,False
38735,False
38736,False
38737,False
38738,False
38739,False
38740,False
38741,False
38742,False
38743,False
38744,True
38745,False
38746,False
38747,False
38748,False
38749,False
38750,False
38751,False
38752,False
38753,False
38754,False
38755,False
38756,False
38757,False
38758,False
38759,False
38760,False
38761,False
38762,False
38763,False
38764,False
38765,False
38766,False
38767,False
38768,False
38769,False
38770,False
38771,False
38772,False
38773,False
38774,True
38775,False
38776,False
38777,False
38778,False
38779,False
38780,False
38781,False
38782,False
38783,False
38784,False
38785,False
38786,False
38787,False
38788,False
38789,False
38790,False
38791,False
38792,False
38793,False
38794,False
38795,False
38796,False
38797,False
38798,False
38799,False
38800,False
38801,False
38802,False
38803,False
38804,False
38805,False
38806,False
38807,False
38808,False
38809,False
38810,False
38811,False
38812,False
38813,False
38814,False
38815,False
38816,False
38817,False
38818,False
38819,False
38820,False
38821,False
38822,False
38823,False
38824,False
38825,False
38826,False
38827,False
38828,False
38829,False
38830,False
38831,False
38832,False
38833,True
38834,False
38835,False
38836,False
38837,False
38838,False
38839,False
38840,False
38841,False
38842,False
38843,False
38844,False
38845,False
38846,False
38847,False
38848,False
38849,False
38850,False
38851,False
38852,False
38853,False
38854,False
38855,False
38856,False
38857,False
38858,False
38859,False
38860,False
38861,False
38862,False
38863,False
38864,False
38865,False
38866,False
38867,False
38868,False
38869,False
38870,False
38871,False
38872,False
38873,False
38874,False
38875,False
38876,False
38877,False
38878,False
38879,False
38880,False
38881,False
38882,False
38883,False
38884,False
38885,False
38886,False
38887,False
38888,False
38889,False
38890,False
38891,False
38892,False
38893,False
38894,False
38895,False
38896,True
38897,False
38898,False
38899,False
38900,False
38901,False
38902,False
38903,False
38904,False
38905,False
38906,False
38907,False
38908,False
38909,True
38910,True
38911,False
38912,False
38913,False
38914,False
38915,False
38916,False
38917,False
38918,False
38919,False
38920,False
38921,False
38922,False
38923,False
38924,False
38925,False
38926,False
38927,False
38928,False
38929,False
38930,False
38931,False
38932,False
38933,False
38934,False
38935,False
38936,False
38937,True
38938,False
38939,False
38940,False
38941,False
38942,False
38943,False
38944,False
38945,False
38946,False
38947,False
38948,False
38949,False
38950,False
38951,True
38952,False
38953,True
38954,False
38955,False
38956,False
38957,False
38958,False
38959,False
38960,False
38961,False
38962,False
38963,True
38964,False
38965,False
38966,False
38967,False
38968,False
38969,False
38970,False
38971,False
38972,False
38973,False
38974,False
38975,False
38976,False
38977,False
38978,False
38979,False
38980,False
38981,False
38982,False
38983,False
38984,False
38985,False
38986,False
38987,False
38988,True
38989,False
38990,False
38991,False
38992,False
38993,False
38994,False
38995,False
38996,False
38997,False
38998,False
38999,False
39000,False
39001,False
39002,False
39003,False
39004,False
39005,False
39006,False
39007,False
39008,False
39009,False
39010,False
39011,False
39012,False
39013,False
39014,False
39015,False
39016,False
39017,False
39018,False
39019,False
39020,False
39021,False
39022,False
39023,False
39024,False
39025,False
39026,False
39027,False
39028,False
39029,False
39030,False
39031,False
39032,False
39033,False
39034,False
39035,False
39036,False
39037,False
39038,False
39039,False
39040,False
39041,False
39042,False
39043,False
39044,False
39045,False
39046,False
39047,False
39048,False
39049,False
39050,False
39051,False
39052,False
39053,False
39054,False
39055,False
39056,False
39057,False
39058,False
39059,False
39060,False
39061,False
39062,False
39063,False
39064,False
39065,False
39066,False
39067,False
39068,False
39069,False
39070,False
39071,False
39072,False
39073,False
39074,False
39075,False
39076,False
39077,False
39078,False
39079,False
39080,False
39081,False
39082,False
39083,False
39084,False
39085,False
39086,False
39087,False
39088,False
39089,False
39090,False
39091,False
39092,False
39093,False
39094,False
39095,False
39096,False
39097,False
39098,False
39099,False
39100,False
39101,False
39102,False
39103,True
39104,False
39105,False
39106,False
39107,False
39108,False
39109,False
39110,False
39111,False
39112,False
39113,False
39114,False
39115,True
39116,False
39117,False
39118,False
39119,False
39120,False
39121,False
39122,False
39123,False
39124,False
39125,False
39126,False
39127,False
39128,False
39129,False
39130,False
39131,False
39132,True
39133,False
39134,False
39135,False
39136,False
39137,False
39138,False
39139,False
39140,False
39141,False
39142,False
39143,False
39144,False
39145,False
39146,False
39147,False
39148,False
39149,False
39150,False
39151,False
39152,False
39153,False
39154,False
39155,False
39156,False
39157,False
39158,False
39159,False
39160,False
39161,False
39162,False
39163,False
39164,False
39165,False
39166,False
39167,False
39168,False
39169,False
39170,False
39171,False
39172,False
39173,False
39174,False
39175,False
39176,False
39177,False
39178,False
39179,False
39180,False
39181,False
39182,False
39183,False
39184,False
39185,False
39186,False
39187,False
39188,False
39189,False
39190,False
39191,False
39192,False
39193,False
39194,False
39195,False
39196,False
39197,False
39198,False
39199,False
39200,False
39201,False
39202,False
39203,False
39204,False
39205,False
39206,False
39207,False
39208,False
39209,False
39210,True
39211,False
39212,False
39213,False
39214,False
39215,False
39216,False
39217,False
39218,False
39219,False
39220,False
39221,False
39222,False
39223,True
39224,False
39225,False
39226,False
39227,False
39228,False
39229,False
39230,False
39231,False
39232,False
39233,False
39234,False
39235,False
39236,True
39237,False
39238,False
39239,False
39240,True
39241,False
39242,False
39243,False
39244,False
39245,False
39246,False
39247,False
39248,False
39249,False
39250,False
39251,False
39252,False
39253,False
39254,False
39255,False
39256,False
39257,False
39258,False
39259,False
39260,False
39261,False
39262,False
39263,False
39264,False
39265,False
39266,False
39267,False
39268,False
39269,False
39270,False
39271,False
39272,False
39273,False
39274,False
39275,False
39276,False
39277,False
39278,False
39279,False
39280,False
39281,False
39282,True
39283,False
39284,False
39285,False
39286,False
39287,False
39288,False
39289,False
39290,False
39291,False
39292,False
39293,False
39294,False
39295,False
39296,False
39297,False
39298,False
39299,False
39300,False
39301,False
39302,False
39303,False
39304,False
39305,False
39306,False
39307,False
39308,False
39309,False
39310,False
39311,False
39312,False
39313,False
39314,False
39315,False
39316,False
39317,False
39318,False
39319,False
39320,False
39321,False
39322,False
39323,False
39324,False
39325,False
39326,False
39327,False
39328,False
39329,False
39330,False
39331,False
39332,False
39333,False
39334,False
39335,False
39336,False
39337,False
39338,False
39339,False
39340,False
39341,False
39342,False
39343,False
39344,False
39345,False
39346,False
39347,False
39348,False
39349,False
39350,False
39351,False
39352,False
39353,False
39354,False
39355,False
39356,False
39357,False
39358,False
39359,False
39360,False
39361,False
39362,False
39363,False
39364,False
39365,False
39366,False
39367,False
39368,False
39369,False
39370,False
39371,False
39372,False
39373,False
39374,False
39375,False
39376,False
39377,False
39378,False
39379,False
39380,False
39381,False
39382,False
39383,False
39384,False
39385,False
39386,False
39387,False
39388,False
39389,False
39390,False
39391,False
39392,False
39393,False
39394,False
39395,False
39396,False
39397,False
39398,False
39399,False
39400,False
39401,False
39402,False
39403,False
39404,False
39405,False
39406,False
39407,False
39408,False
39409,False
39410,False
39411,False
39412,False
39413,False
39414,False
39415,False
39416,False
39417,False
39418,False
39419,False
39420,False
39421,False
39422,False
39423,False
39424,False
39425,False
39426,False
39427,False
39428,False
39429,False
39430,False
39431,False
39432,False
39433,False
39434,False
39435,False
39436,False
39437,False
39438,False
39439,False
39440,False
39441,False
39442,False
39443,False
39444,False
39445,False
39446,False
39447,False
39448,False
39449,False
39450,False
39451,False
39452,False
39453,True
39454,False
39455,False
39456,False
39457,False
39458,False
39459,False
39460,False
39461,False
39462,False
39463,False
39464,False
39465,False
39466,False
39467,False
39468,False
39469,False
39470,False
39471,False
39472,False
39473,False
39474,False
39475,False
39476,False
39477,False
39478,False
39479,False
39480,False
39481,False
39482,False
39483,False
39484,False
39485,False
39486,False
39487,True
39488,False
39489,False
39490,False
39491,False
39492,False
39493,False
39494,False
39495,False
39496,False
39497,False
39498,False
39499,False
39500,False
39501,True
39502,False
39503,False
39504,False
39505,False
39506,False
39507,False
39508,True
39509,False
39510,False
39511,False
39512,False
39513,False
39514,False
39515,False
39516,False
39517,False
39518,False
39519,False
39520,False
39521,False
39522,False
39523,False
39524,False
39525,False
39526,False
39527,False
39528,False
39529,False
39530,False
39531,False
39532,False
39533,False
39534,False
39535,True
39536,False
39537,False
39538,False
39539,False
39540,False
39541,False
39542,False
39543,False
39544,False
39545,False
39546,False
39547,False
39548,False
39549,False
39550,False
39551,False
39552,False
39553,False
39554,False
39555,False
39556,False
39557,False
39558,False
39559,False
39560,False
39561,False
39562,True
39563,False
39564,False
39565,False
39566,False
39567,False
39568,False
39569,False
39570,False
39571,False
39572,False
39573,False
39574,False
39575,False
39576,False
39577,False
39578,False
39579,False
39580,False
39581,False
39582,False
39583,False
39584,False
39585,False
39586,False
39587,False
39588,False
39589,True
39590,False
39591,False
39592,False
39593,False
39594,False
39595,False
39596,False
39597,False
39598,False
39599,True
39600,False
39601,False
39602,False
39603,False
39604,False
39605,False
39606,True
39607,False
39608,False
39609,False
39610,False
39611,False
39612,False
39613,False
39614,False
39615,False
39616,False
39617,True
39618,False
39619,False
39620,False
39621,False
39622,True
39623,False
39624,False
39625,False
39626,False
39627,False
39628,False
39629,False
39630,False
39631,False
39632,False
39633,False
39634,False
39635,False
39636,False
39637,False
39638,False
39639,False
39640,False
39641,False
39642,False
39643,False
39644,True
39645,False
39646,False
39647,False
39648,False
39649,False
39650,False
39651,True
39652,False
39653,False
39654,False
39655,False
39656,False
39657,False
39658,False
39659,False
39660,False
39661,False
39662,False
39663,False
39664,False
39665,False
39666,True
39667,False
39668,False
39669,False
39670,False
39671,False
39672,False
39673,False
39674,False
39675,False
39676,False
39677,False
39678,False
39679,False
39680,False
39681,False
39682,False
39683,False
39684,False
39685,False
39686,True
39687,False
39688,False
39689,False
39690,False
39691,False
39692,False
39693,False
39694,False
39695,False
39696,False
39697,False
39698,False
39699,False
39700,False
39701,False
39702,False
39703,False
39704,False
39705,False
39706,False
39707,True
39708,False
39709,False
39710,False
39711,False
39712,False
39713,False
39714,False
39715,False
39716,True
39717,False
39718,False
39719,False
39720,False
39721,False
39722,False
39723,False
39724,False
39725,False
39726,False
39727,False
39728,False
39729,False
39730,False
39731,False
39732,False
39733,False
39734,False
39735,False
39736,False
39737,False
39738,False
39739,False
39740,False
39741,False
39742,False
39743,False
39744,False
39745,False
39746,False
39747,False
39748,False
39749,False
39750,False
39751,False
39752,False
39753,False
39754,False
39755,False
39756,True
39757,False
39758,False
39759,False
39760,False
39761,False
39762,False
39763,False
39764,False
39765,False
39766,False
39767,False
39768,False
39769,False
39770,False
39771,False
39772,True
39773,False
39774,False
39775,False
39776,False
39777,False
39778,False
39779,True
39780,False
39781,False
39782,False
39783,False
39784,False
39785,False
39786,True
39787,False
39788,False
39789,False
39790,False
39791,False
39792,False
39793,False
39794,False
39795,False
39796,False
39797,False
39798,False
39799,True
39800,False
39801,False
39802,False
39803,False
39804,False
39805,False
39806,False
39807,False
39808,False
39809,True
39810,False
39811,False
39812,False
39813,False
39814,False
39815,False
39816,False
39817,False
39818,False
39819,False
39820,False
39821,False
39822,False
39823,True
39824,False
39825,False
39826,False
39827,False
39828,False
39829,False
39830,False
39831,False
39832,False
39833,False
39834,False
39835,False
39836,False
39837,False
39838,False
39839,False
39840,False
39841,False
39842,False
39843,False
39844,False
39845,False
39846,False
39847,False
39848,False
39849,False
39850,False
39851,False
39852,False
39853,False
39854,False
39855,False
39856,False
39857,False
39858,False
39859,False
39860,False
39861,False
39862,False
39863,False
39864,False
39865,False
39866,False
39867,False
39868,False
39869,False
39870,False
39871,False
39872,False
39873,False
39874,False
39875,False
39876,False
39877,False
39878,False
39879,False
39880,True
39881,False
39882,False
39883,False
39884,False
39885,False
39886,False
39887,False
39888,False
39889,False
39890,False
39891,False
39892,False
39893,False
39894,False
39895,False
39896,False
39897,False
39898,False
39899,False
39900,False
39901,True
39902,False
39903,False
39904,False
39905,False
39906,False
39907,False
39908,False
39909,False
39910,False
39911,False
39912,False
39913,False
39914,False
39915,False
39916,False
39917,False
39918,False
39919,False
39920,False
39921,False
39922,False
39923,False
39924,False
39925,False
39926,False
39927,False
39928,False
39929,False
39930,False
39931,False
39932,False
39933,False
39934,False
39935,False
39936,False
39937,False
39938,False
39939,False
39940,False
39941,False
39942,False
39943,False
39944,True
39945,False
39946,False
39947,False
39948,False
39949,False
39950,False
39951,False
39952,False
39953,False
39954,False
39955,False
39956,False
39957,False
39958,False
39959,False
39960,False
39961,False
39962,False
39963,False
39964,False
39965,False
39966,False
39967,False
39968,False
39969,False
39970,False
39971,True
39972,False
39973,False
39974,False
39975,True
39976,False
39977,False
39978,False
39979,False
39980,False
39981,False
39982,False
39983,False
39984,False
39985,False
39986,False
39987,False
39988,False
39989,False
39990,True
39991,False
39992,False
39993,False
39994,False
39995,False
39996,False
39997,True
39998,False
39999,False
40000,True
40001,True
40002,True
40003,True
40004,True
40005,True
40006,True
40007,True
40008,True
40009,True
40010,True
40011,True
40012,True
40013,True
40014,True
40015,True
40016,True
40017,True
40018,True
40019,True
40020,True
40021,True
40022,True
40023,True
40024,True
40025,True
40026,True
40027,True
40028,True
40029,True
40030,True
40031,True
40032,True
40033,True
40034,True
40035,True
40036,True
40037,True
40038,True
40039,True
40040,True
40041,True
40042,True
40043,True
40044,True
40045,True
40046,True
40047,True
40048,True
40049,True
40050,True
40051,True
40052,True
40053,True
40054,True
40055,True
40056,True
40057,True
40058,True
40059,True
40060,True
40061,True
40062,True
40063,True
40064,True
40065,True
40066,True
40067,True
40068,True
40069,True
40070,True
40071,True
40072,True
40073,True
40074,True
40075,True
40076,True
40077,True
40078,True
40079,True
40080,True
40081,True
40082,True
40083,True
40084,True
40085,True
40086,True
40087,True
40088,True
40089,True
40090,True
40091,True
40092,True
40093,True
40094,True
40095,True
40096,True
40097,True
40098,True
40099,True
40100,True
40101,True
40102,True
40103,True
40104,True
40105,True
40106,True
40107,True
40108,True
40109,True
40110,True
40111,True
40112,True
40113,True
40114,True
40115,True
40116,True
40117,True
40118,True
40119,True
40120,True
40121,True
40122,True
40123,True
40124,True
40125,True
40126,True
40127,True
40128,True
40129,True
40130,True
40131,True
40132,True
40133,True
40134,True
40135,True
40136,True
40137,True
40138,True
40139,True
40140,True
40141,True
40142,True
40143,True
40144,True
40145,True
40146,True
40147,True
40148,True
40149,True
40150,True
40151,True
40152,True
40153,True
40154,True
40155,True
40156,True
40157,True
40158,True
40159,True
40160,True
40161,True
40162,True
40163,True
40164,True
40165,True
40166,True
40167,True
40168,True
40169,True
40170,True
40171,True
40172,True
40173,True
40174,True
40175,True
40176,True
40177,True
40178,True
40179,True
40180,True
40181,True
40182,True
40183,True
40184,True
40185,True
40186,True
40187,True
40188,True
40189,True
40190,True
40191,True
40192,True
40193,True
40194,True
40195,True
40196,True
40197,True
40198,True
40199,True
40200,True
40201,True
40202,True
40203,True
40204,True
40205,True
40206,True
40207,True
40208,True
40209,True
40210,True
40211,True
40212,True
40213,True
40214,True
40215,True
40216,True
40217,True
40218,True
40219,True
40220,True
40221,True
40222,True
40223,True
40224,True
40225,True
40226,True
40227,True
40228,True
40229,True
40230,True
40231,True
40232,True
40233,True
40234,True
40235,True
40236,True
40237,True
40238,True
40239,True
40240,True
40241,True
40242,True
40243,True
40244,True
40245,True
40246,True
40247,True
40248,True
40249,True
40250,True
40251,True
40252,True
40253,True
40254,True
40255,True
40256,True
40257,True
40258,True
40259,True
40260,True
40261,True
40262,True
40263,True
40264,True
40265,True
40266,True
40267,True
40268,True
40269,True
40270,True
40271,True
40272,True
40273,True
40274,True
40275,True
40276,True
40277,True
40278,True
40279,True
40280,True
40281,True
40282,True
40283,True
40284,True
40285,True
40286,True
40287,True
40288,True
40289,True
40290,True
40291,True
40292,True
40293,True
40294,True
40295,True
40296,True
40297,True
40298,True
40299,True
40300,True
40301,True
40302,True
40303,True
40304,True
40305,True
40306,True
40307,True
40308,True
40309,True
40310,True
40311,True
40312,True
40313,True
40314,True
40315,True
40316,True
40317,True
40318,True
40319,True
40320,True
40321,True
40322,True
40323,True
40324,True
40325,True
40326,True
40327,True
40328,True
40329,True
40330,True
40331,True
40332,True
40333,True
40334,True
40335,True
40336,True
40337,True
40338,True
40339,True
40340,True
40341,True
40342,True
40343,True
40344,True
40345,True
40346,True
40347,True
40348,True
40349,True
40350,True
40351,True
40352,True
40353,True
40354,True
40355,True
40356,True
40357,True
40358,True
40359,True
40360,True
40361,True
40362,True
40363,True
40364,True
40365,True
40366,True
40367,True
40368,True
40369,True
40370,True
40371,True
40372,True
40373,True
40374,True
40375,True
40376,True
40377,True
40378,True
40379,True
40380,True
40381,True
40382,True
40383,True
40384,True
40385,True
40386,True
40387,True
40388,True
40389,True
40390,True
40391,True
40392,True
40393,True
40394,True
40395,True
40396,True
40397,True
40398,True
40399,True
40400,True
40401,True
40402,True
40403,True
40404,True
40405,True
40406,True
40407,True
40408,True
40409,True
40410,True
40411,True
40412,True
40413,True
40414,True
40415,True
40416,True
40417,True
40418,True
40419,True
40420,True
40421,True
40422,True
40423,True
40424,True
40425,True
40426,True
40427,True
40428,True
40429,True
40430,True
40431,True
40432,True
40433,True
40434,True
40435,True
40436,True
40437,True
40438,True
40439,True
40440,True
40441,True
40442,True
40443,True
40444,True
40445,True
40446,True
40447,True
40448,True
40449,True
40450,True
40451,True
40452,True
40453,True
40454,True
40455,True
40456,True
40457,True
40458,True
40459,True
40460,True
40461,True
40462,True
40463,True
40464,True
40465,True
40466,True
40467,True
40468,True
40469,True
40470,True
40471,True
40472,True
40473,True
40474,True
40475,True
40476,True
40477,True
40478,True
40479,True
40480,True
40481,True
40482,True
40483,True
40484,True
40485,True
40486,True
40487,True
40488,True
40489,True
40490,True
40491,True
40492,True
40493,True
40494,True
40495,True
40496,True
40497,True
40498,True
40499,True
40500,True
40501,True
40502,True
40503,True
40504,True
40505,True
40506,True
40507,True
40508,True
40509,True
40510,True
40511,True
40512,True
40513,True
40514,True
40515,True
40516,True
40517,True
40518,True
40519,True
40520,True
40521,True
40522,True
40523,True
40524,True
40525,True
40526,True
40527,True
40528,True
40529,True
40530,True
40531,True
40532,True
40533,True
40534,True
40535,True
40536,True
40537,True
40538,True
40539,True
40540,True
40541,True
40542,True
40543,True
40544,True
40545,True
40546,True
40547,True
40548,True
40549,True
40550,True
40551,True
40552,True
40553,True
40554,True
40555,True
40556,True
40557,True
40558,True
40559,True
40560,True
40561,True
40562,True
40563,True
40564,True
40565,True
40566,True
40567,True
40568,True
40569,True
40570,True
40571,True
40572,True
40573,True
40574,True
40575,True
40576,True
40577,True
40578,True
40579,True
40580,True
40581,True
40582,True
40583,True
40584,True
40585,True
40586,True
40587,True
40588,True
40589,True
40590,True
40591,True
40592,True
40593,True
40594,True
40595,True
40596,True
40597,True
40598,True
40599,True
40600,True
40601,True
40602,True
40603,True
40604,True
40605,True
40606,True
40607,True
40608,True
40609,True
40610,True
40611,True
40612,True
40613,True
40614,True
40615,True
40616,True
40617,True
40618,True
40619,True
40620,True
40621,True
40622,True
40623,True
40624,True
40625,True
40626,True
40627,True
40628,True
40629,True
40630,True
40631,True
40632,True
40633,True
40634,True
40635,True
40636,True
40637,True
40638,True
40639,True
40640,True
40641,True
40642,True
40643,True
40644,True
40645,True
40646,True
40647,True
40648,True
40649,True
40650,True
40651,True
40652,True
40653,True
40654,True
40655,True
40656,True
40657,True
40658,True
40659,True
40660,True
40661,True
40662,True
40663,True
40664,True
40665,True
40666,True
40667,True
40668,True
40669,True
40670,True
40671,True
40672,True
40673,True
40674,True
40675,True
40676,True
40677,True
40678,True
40679,True
40680,True
40681,True
40682,True
40683,True
40684,True
40685,True
40686,True
40687,True
40688,True
40689,True
40690,True
40691,True
40692,True
40693,True
40694,True
40695,True
40696,True
40697,True
40698,True
40699,True
40700,True
40701,True
40702,True
40703,True
40704,True
40705,True
40706,True
40707,True
40708,True
40709,True
40710,True
40711,True
40712,True
40713,True
40714,True
40715,True
40716,True
40717,True
40718,True
40719,True
40720,True
40721,True
40722,True
40723,True
40724,True
40725,True
40726,True
40727,True
40728,True
40729,True
40730,True
40731,True
40732,True
40733,True
40734,True
40735,True
40736,True
40737,True
40738,True
40739,True
40740,True
40741,True
40742,True
40743,True
40744,True
40745,True
40746,True
40747,True
40748,True
40749,True
40750,True
40751,True
40752,True
40753,True
40754,True
40755,True
40756,True
40757,True
40758,True
40759,True
40760,True
40761,True
40762,True
40763,True
40764,True
40765,True
40766,True
40767,True
40768,True
40769,True
40770,True
40771,True
40772,True
40773,True
40774,True
40775,True
40776,True
40777,True
40778,True
40779,True
40780,True
40781,True
40782,True
40783,True
40784,True
40785,True
40786,True
40787,True
40788,True
40789,True
40790,True
40791,True
40792,True
40793,True
40794,True
40795,True
40796,True
40797,True
40798,True
40799,True
40800,True
40801,True
40802,True
40803,True
40804,True
40805,True
40806,True
40807,True
40808,True
40809,True
40810,True
40811,True
40812,True
40813,True
40814,True
40815,True
40816,True
40817,True
40818,True
40819,True
40820,True
40821,True
40822,True
40823,True
40824,True
40825,True
40826,True
40827,True
40828,True
40829,True
40830,True
40831,True
40832,True
40833,True
40834,True
40835,True
40836,True
40837,True
40838,True
40839,True
40840,True
40841,True
40842,True
40843,True
40844,True
40845,True
40846,True
40847,True
40848,True
40849,True
40850,True
40851,True
40852,True
40853,True
40854,True
40855,True
40856,True
40857,True
40858,True
40859,True
40860,True
40861,True
40862,True
40863,True
40864,True
40865,True
40866,True
40867,True
40868,True
40869,True
40870,True
40871,True
40872,True
40873,True
40874,True
40875,True
40876,True
40877,True
40878,True
40879,True
40880,True
40881,True
40882,True
40883,True
40884,True
40885,True
40886,True
40887,True
40888,True
40889,True
40890,True
40891,True
40892,True
40893,True
40894,True
40895,True
40896,True
40897,True
40898,True
40899,True
40900,True
40901,True
40902,True
40903,True
40904,True
40905,True
40906,True
40907,True
40908,True
40909,True
40910,True
40911,True
40912,True
40913,True
40914,True
40915,True
40916,True
40917,True
40918,True
40919,True
40920,True
40921,True
40922,True
40923,True
40924,True
40925,True
40926,True
40927,True
40928,True
40929,True
40930,True
40931,True
40932,True
40933,True
40934,True
40935,True
40936,True
40937,True
40938,True
40939,True
40940,True
40941,True
40942,True
40943,True
40944,True
40945,True
40946,True
40947,True
40948,True
40949,True
40950,True
40951,True
40952,True
40953,True
40954,True
40955,True
40956,True
40957,True
40958,True
40959,True
40960,True
40961,True
40962,True
40963,True
40964,True
40965,True
40966,True
40967,True
40968,True
40969,True
40970,True
40971,True
40972,True
40973,True
40974,True
40975,True
40976,True
40977,True
40978,True
40979,True
40980,True
40981,True
40982,True
40983,True
40984,True
40985,True
40986,True
40987,True
40988,True
40989,True
40990,True
40991,True
40992,True
40993,True
40994,True
40995,True
40996,True
40997,True
40998,True
40999,True
41000,True
41001,True
41002,True
41003,True
41004,True
41005,True
41006,True
41007,True
41008,True
41009,True
41010,True
41011,True
41012,True
41013,True
41014,True
41015,True
41016,True
41017,True
41018,True
41019,True
41020,True
41021,True
41022,True
41023,True
41024,True
41025,True
41026,True
41027,True
41028,True
41029,True
41030,True
41031,True
41032,True
41033,True
41034,True
41035,True
41036,True
41037,True
41038,True
41039,True
41040,True
41041,True
41042,True
41043,True
41044,True
41045,True
41046,True
41047,True
41048,True
41049,True
41050,True
41051,True
41052,True
41053,True
41054,True
41055,True
41056,True
41057,True
41058,True
41059,True
41060,True
41061,True
41062,True
41063,True
41064,True
41065,True
41066,True
41067,True
41068,True
41069,True
41070,True
41071,True
41072,True
41073,True
41074,True
41075,True
41076,True
41077,True
41078,True
41079,True
41080,True
41081,True
41082,True
41083,True
41084,True
41085,True
41086,True
41087,True
41088,True
41089,True
41090,True
41091,True
41092,True
41093,True
41094,True
41095,True
41096,True
41097,True
41098,True
41099,True
41100,True
41101,True
41102,True
41103,True
41104,True
41105,True
41106,True
41107,True
41108,True
41109,True
41110,True
41111,True
41112,True
41113,True
41114,True
41115,True
41116,True
41117,True
41118,True
41119,True
41120,True
41121,True
41122,True
41123,True
41124,True
41125,True
41126,True
41127,True
41128,True
41129,True
41130,True
41131,True
41132,True
41133,True
41134,True
41135,True
41136,True
41137,True
41138,True
41139,True
41140,True
41141,True
41142,True
41143,True
41144,True
41145,True
41146,True
41147,True
41148,True
41149,True
41150,True
41151,True
41152,True
41153,True
41154,True
41155,True
41156,True
41157,True
41158,True
41159,True
41160,True
41161,True
41162,True
41163,True
41164,True
41165,True
41166,True
41167,True
41168,True
41169,True
41170,True
41171,True
41172,True
41173,True
41174,True
41175,True
41176,True
41177,True
41178,True
41179,True
41180,True
41181,True
41182,True
41183,True
41184,True
41185,True
41186,True
41187,True
41188,True
41189,True
41190,True
41191,True
41192,True
41193,True
41194,True
41195,True
41196,True
41197,True
41198,True
41199,True
41200,True
41201,True
41202,True
41203,True
41204,True
41205,True
41206,True
41207,True
41208,True
41209,True
41210,True
41211,True
41212,True
41213,True
41214,True
41215,True
41216,True
41217,True
41218,True
41219,True
41220,True
41221,True
41222,True
41223,True
41224,True
41225,True
41226,True
41227,True
41228,True
41229,True
41230,True
41231,True
41232,True
41233,True
41234,True
41235,True
41236,True
41237,True
41238,True
41239,True
41240,True
41241,True
41242,True
41243,True
41244,True
41245,True
41246,True
41247,True
41248,True
41249,True
41250,True
41251,True
41252,True
41253,True
41254,True
41255,True
41256,True
41257,True
41258,True
41259,True
41260,True
41261,True
41262,True
41263,True
41264,True
41265,True
41266,True
41267,True
41268,True
41269,True
41270,True
41271,True
41272,True
41273,True
41274,True
41275,True
41276,True
41277,True
41278,True
41279,True
41280,True
41281,True
41282,True
41283,True
41284,True
41285,True
41286,True
41287,True
41288,True
41289,True
41290,True
41291,True
41292,True
41293,True
41294,True
41295,True
41296,True
41297,True
41298,True
41299,True
41300,True
41301,True
41302,True
41303,True
41304,True
41305,True
41306,True
41307,True
41308,True
41309,True
41310,True
41311,True
41312,True
41313,True
41314,True
41315,True
41316,True
41317,True
41318,True
41319,True
41320,True
41321,True
41322,True
41323,True
41324,True
41325,True
41326,True
41327,True
41328,True
41329,True
41330,True
41331,True
41332,True
41333,True
41334,True
41335,True
41336,True
41337,True
41338,True
41339,True
41340,True
41341,True
41342,True
41343,True
41344,True
41345,True
41346,True
41347,True
41348,True
41349,True
41350,True
41351,True
41352,True
41353,True
41354,True
41355,True
41356,True
41357,True
41358,True
41359,True
41360,True
41361,True
41362,True
41363,True
41364,True
41365,True
41366,True
41367,True
41368,True
41369,True
41370,True
41371,True
41372,True
41373,True
41374,True
41375,True
41376,True
41377,True
41378,True
41379,True
41380,True
41381,True
41382,True
41383,True
41384,True
41385,True
41386,True
41387,True
41388,True
41389,True
41390,True
41391,True
41392,True
41393,True
41394,True
41395,True
41396,True
41397,True
41398,True
41399,True
41400,True
41401,True
41402,True
41403,True
41404,True
41405,True
41406,True
41407,True
41408,True
41409,True
41410,True
41411,True
41412,True
41413,True
41414,True
41415,True
41416,True
41417,True
41418,True
41419,True
41420,True
41421,True
41422,True
41423,True
41424,True
41425,True
41426,True
41427,True
41428,True
41429,True
41430,True
41431,True
41432,True
41433,True
41434,True
41435,True
41436,True
41437,True
41438,True
41439,True
41440,True
41441,True
41442,True
41443,True
41444,True
41445,True
41446,True
41447,True
41448,True
41449,True
41450,True
41451,True
41452,True
41453,True
41454,True
41455,True
41456,True
41457,True
41458,True
41459,True
41460,True
41461,True
41462,True
41463,True
41464,True
41465,True
41466,True
41467,True
41468,True
41469,True
41470,True
41471,True
41472,True
41473,True
41474,True
41475,True
41476,True
41477,True
41478,True
41479,True
41480,True
41481,True
41482,True
41483,True
41484,True
41485,True
41486,True
41487,True
41488,True
41489,True
41490,True
41491,True
41492,True
41493,True
41494,True
41495,True
41496,True
41497,True
41498,True
41499,True
41500,True
41501,True
41502,True
41503,True
41504,True
41505,True
41506,True
41507,True
41508,True
41509,True
41510,True
41511,True
41512,True
41513,True
41514,True
41515,True
41516,True
41517,True
41518,True
41519,True
41520,True
41521,True
41522,True
41523,True
41524,True
41525,True
41526,True
41527,True
41528,True
41529,True
41530,True
41531,True
41532,True
41533,True
41534,True
41535,True
41536,True
41537,True
41538,True
41539,True
41540,True
41541,True
41542,True
41543,True
41544,True
41545,True
41546,True
41547,True
41548,True
41549,True
41550,True
41551,True
41552,True
41553,True
41554,True
41555,True
41556,True
41557,True
41558,True
41559,True
41560,True
41561,True
41562,True
41563,True
41564,True
41565,True
41566,True
41567,True
41568,True
41569,True
41570,True
41571,True
41572,True
41573,True
41574,True
41575,True
41576,True
41577,True
41578,True
41579,True
41580,True
41581,True
41582,True
41583,True
41584,True
41585,True
41586,True
41587,True
41588,True
41589,True
41590,True
41591,True
41592,True
41593,True
41594,True
41595,True
41596,True
41597,True
41598,True
41599,True
41600,True
41601,True
41602,True
41603,True
41604,True
41605,True
41606,True
41607,True
41608,True
41609,True
41610,True
41611,True
41612,True
41613,True
41614,True
41615,True
41616,True
41617,True
41618,True
41619,True
41620,True
41621,True
41622,True
41623,True
41624,True
41625,True
41626,True
41627,True
41628,True
41629,True
41630,True
41631,True
41632,True
41633,True
41634,True
41635,True
41636,True
41637,True
41638,True
41639,True
41640,True
41641,True
41642,True
41643,True
41644,True
41645,True
41646,True
41647,True
41648,True
41649,True
41650,True
41651,True
41652,True
41653,True
41654,True
41655,True
41656,True
41657,True
41658,True
41659,True
41660,True
41661,True
41662,True
41663,True
41664,True
41665,True
41666,True
41667,True
41668,True
41669,True
41670,True
41671,True
41672,True
41673,True
41674,True
41675,True
41676,True
41677,True
41678,True
41679,True
41680,True
41681,True
41682,True
41683,True
41684,True
41685,True
41686,True
41687,True
41688,True
41689,True
41690,True
41691,True
41692,True
41693,True
41694,True
41695,True
41696,True
41697,True
41698,True
41699,True
41700,True
41701,True
41702,True
41703,True
41704,True
41705,True
41706,True
41707,True
41708,True
41709,True
41710,True
41711,True
41712,True
41713,True
41714,True
41715,True
41716,True
41717,True
41718,True
41719,True
41720,True
41721,True
41722,True
41723,True
41724,True
41725,True
41726,True
41727,True
41728,True
41729,True
41730,True
41731,True
41732,True
41733,True
41734,True
41735,True
41736,True
41737,True
41738,True
41739,True
41740,True
41741,True
41742,True
41743,True
41744,True
41745,True
41746,True
41747,True
41748,True
41749,True
41750,True
41751,True
41752,True
41753,True
41754,True
41755,True
41756,True
41757,True
41758,True
41759,True
41760,True
41761,True
41762,True
41763,True
41764,True
41765,True
41766,True
41767,True
41768,True
41769,True
41770,True
41771,True
41772,True
41773,True
41774,True
41775,True
41776,True
41777,True
41778,True
41779,True
41780,True
41781,True
41782,True
41783,True
41784,True
41785,True
41786,True
41787,True
41788,True
41789,True
41790,True
41791,True
41792,True
41793,True
41794,True
41795,True
41796,True
41797,True
41798,True
41799,True
41800,True
41801,True
41802,True
41803,True
41804,True
41805,True
41806,True
41807,True
41808,True
41809,True
41810,True
41811,True
41812,True
41813,True
41814,True
41815,True
41816,True
41817,True
41818,True
41819,True
41820,True
41821,True
41822,True
41823,True
41824,True
41825,True
41826,True
41827,True
41828,True
41829,True
41830,True
41831,True
41832,True
41833,True
41834,True
41835,True
41836,True
41837,True
41838,True
41839,True
41840,True
41841,True
41842,True
41843,True
41844,True
41845,True
41846,True
41847,True
41848,True
41849,True
41850,True
41851,True
41852,True
41853,True
41854,True
41855,True
41856,True
41857,True
41858,True
41859,True
41860,True
41861,True
41862,True
41863,True
41864,True
41865,True
41866,True
41867,True
41868,True
41869,True
41870,True
41871,True
41872,True
41873,True
41874,True
41875,True
41876,True
41877,True
41878,True
41879,True
41880,True
41881,True
41882,True
41883,True
41884,True
41885,True
41886,True
41887,True
41888,True
41889,True
41890,True
41891,True
41892,True
41893,True
41894,True
41895,True
41896,True
41897,True
41898,True
41899,True
41900,True
41901,True
41902,True
41903,True
41904,True
41905,True
41906,True
41907,True
41908,True
41909,True
41910,True
41911,True
41912,True
41913,True
41914,True
41915,True
41916,True
41917,True
41918,True
41919,True
41920,True
41921,True
41922,True
41923,True
41924,True
41925,True
41926,True
41927,True
41928,True
41929,True
41930,True
41931,True
41932,True
41933,True
41934,True
41935,True
41936,True
41937,True
41938,True
41939,True
41940,True
41941,True
41942,True
41943,True
41944,True
41945,True
41946,True
41947,True
41948,True
41949,True
41950,True
41951,True
41952,True
41953,True
41954,True
41955,True
41956,True
41957,True
41958,True
41959,True
41960,True
41961,True
41962,True
41963,True
41964,True
41965,True
41966,True
41967,True
41968,True
41969,True
41970,True
41971,True
41972,True
41973,True
41974,True
41975,True
41976,True
41977,True
41978,True
41979,True
41980,True
41981,True
41982,True
41983,True
41984,True
41985,True
41986,True
41987,True
41988,True
41989,True
41990,True
41991,True
41992,True
41993,True
41994,True
41995,True
41996,True
41997,True
41998,True
41999,True
42000,True
42001,True
42002,True
42003,True
42004,True
42005,True
42006,True
42007,True
42008,True
42009,True
42010,True
42011,True
42012,True
42013,True
42014,True
42015,True
42016,True
42017,True
42018,True
42019,True
42020,True
42021,True
42022,True
42023,True
42024,True
42025,True
42026,True
42027,True
42028,True
42029,True
42030,True
42031,True
42032,True
42033,True
42034,True
42035,True
42036,True
42037,True
42038,True
42039,True
42040,True
42041,True
42042,True
42043,True
42044,True
42045,True
42046,True
42047,True
42048,True
42049,True
42050,True
42051,True
42052,True
42053,True
42054,True
42055,True
42056,True
42057,True
42058,True
42059,True
42060,True
42061,True
42062,True
42063,True
42064,True
42065,True
42066,True
42067,True
42068,True
42069,True
42070,True
42071,True
42072,True
42073,True
42074,True
42075,True
42076,True
42077,True
42078,True
42079,True
42080,True
42081,True
42082,True
42083,True
42084,True
42085,True
42086,True
42087,True
42088,True
42089,True
42090,True
42091,True
42092,True
42093,True
42094,True
42095,True
42096,True
42097,True
42098,True
42099,True
42100,True
42101,True
42102,True
42103,True
42104,True
42105,True
42106,True
42107,True
42108,True
42109,True
42110,True
42111,True
42112,True
42113,True
42114,True
42115,True
42116,True
42117,True
42118,True
42119,True
42120,True
42121,True
42122,True
42123,True
42124,True
42125,True
42126,True
42127,True
42128,True
42129,True
42130,True
42131,True
42132,True
42133,True
42134,True
42135,True
42136,True
42137,True
42138,True
42139,True
42140,True
42141,True
42142,True
42143,True
42144,True
42145,True
42146,True
42147,True
42148,True
42149,True
42150,True
42151,True
42152,True
42153,True
42154,True
42155,True
42156,True
42157,True
42158,True
42159,True
42160,True
42161,True
42162,True
42163,True
42164,True
42165,True
42166,True
42167,True
42168,True
42169,True
42170,True
42171,True
42172,True
42173,True
42174,True
42175,True
42176,True
42177,True
42178,True
42179,True
42180,True
42181,True
42182,True
42183,True
42184,True
42185,True
42186,True
42187,True
42188,True
42189,True
42190,True
42191,True
42192,True
42193,True
42194,True
42195,True
42196,True
42197,True
42198,True
42199,True
42200,True
42201,True
42202,True
42203,True
42204,True
42205,True
42206,True
42207,True
42208,True
42209,True
42210,True
42211,True
42212,True
42213,True
42214,True
42215,True
42216,True
42217,True
42218,True
42219,True
42220,True
42221,True
42222,True
42223,True
42224,True
42225,True
42226,True
42227,True
42228,True
42229,True
42230,True
42231,True
42232,True
42233,True
42234,True
42235,True
42236,True
42237,True
42238,True
42239,True
42240,True
42241,True
42242,True
42243,True
42244,True
42245,True
42246,True
42247,True
42248,True
42249,True
42250,True
42251,True
42252,True
42253,True
42254,True
42255,True
42256,True
42257,True
42258,True
42259,True
42260,True
42261,True
42262,True
42263,True
42264,True
42265,True
42266,True
42267,True
42268,True
42269,True
42270,True
42271,True
42272,True
42273,True
42274,True
42275,True
42276,True
42277,True
42278,True
42279,True
42280,True
42281,True
42282,True
42283,True
42284,True
42285,True
42286,True
42287,True
42288,True
42289,True
42290,True
42291,True
42292,True
42293,True
42294,True
42295,True
42296,True
42297,True
42298,True
42299,True
42300,True
42301,True
42302,True
42303,True
42304,True
42305,True
42306,True
42307,True
42308,True
42309,True
42310,True
42311,True
42312,True
42313,True
42314,True
42315,True
42316,True
42317,True
42318,True
42319,True
42320,True
42321,True
42322,True
42323,True
42324,True
42325,True
42326,True
42327,True
42328,True
42329,True
42330,True
42331,True
42332,True
42333,True
42334,True
42335,True
42336,True
42337,True
42338,True
42339,True
42340,True
42341,True
42342,True
42343,True
42344,True
42345,True
42346,True
42347,True
42348,True
42349,True
42350,True
42351,True
42352,True
42353,True
42354,True
42355,True
42356,True
42357,True
42358,True
42359,True
42360,True
42361,True
42362,True
42363,True
42364,True
42365,True
42366,True
42367,True
42368,True
42369,True
42370,True
42371,True
42372,True
42373,True
42374,True
42375,True
42376,True
42377,True
42378,True
42379,True
42380,True
42381,True
42382,True
42383,True
42384,True
42385,True
42386,True
42387,True
42388,True
42389,True
42390,True
42391,True
42392,True
42393,True
42394,True
42395,True
42396,True
42397,True
42398,True
42399,True
42400,True
42401,True
42402,True
42403,True
42404,True
42405,True
42406,True
42407,True
42408,True
42409,True
42410,True
42411,True
42412,True
42413,True
42414,True
42415,True
42416,True
42417,True
42418,True
42419,True
42420,True
42421,True
42422,True
42423,True
42424,True
42425,True
42426,True
42427,True
42428,True
42429,True
42430,True
42431,True
42432,True
42433,True
42434,True
42435,True
42436,True
42437,True
42438,True
42439,True
42440,True
42441,True
42442,True
42443,True
42444,True
42445,True
42446,True
42447,True
42448,True
42449,True
42450,True
42451,True
42452,True
42453,True
42454,True
42455,True
42456,True
42457,True
42458,True
42459,True
42460,True
42461,True
42462,True
42463,True
42464,True
42465,True
42466,True
42467,True
42468,True
42469,True
42470,True
42471,True
42472,True
42473,True
42474,True
42475,True
42476,True
42477,True
42478,True
42479,True
42480,True
42481,True
42482,True
42483,True
42484,True
42485,True
42486,True
42487,True
42488,True
42489,True
42490,True
42491,True
42492,True
42493,True
42494,True
42495,True
42496,True
42497,True
42498,True
42499,True
42500,True
42501,True
42502,True
42503,True
42504,True
42505,True
42506,True
42507,True
42508,True
42509,True
42510,True
42511,True
42512,True
42513,True
42514,True
42515,True
42516,True
42517,True
42518,True
42519,True
42520,True
42521,True
42522,True
42523,True
42524,True
42525,True
42526,True
42527,True
42528,True
42529,True
42530,True
42531,True
42532,True
42533,True
42534,True
42535,True
42536,True
42537,True
42538,True
42539,True
42540,True
42541,True
42542,True
42543,True
42544,True
42545,True
42546,True
42547,True
42548,True
42549,True
42550,True
42551,True
42552,True
42553,True
42554,True
42555,True
42556,True
42557,True
42558,True
42559,True
42560,True
42561,True
42562,True
42563,True
42564,True
42565,True
42566,True
42567,True
42568,True
42569,True
42570,True
42571,True
42572,True
42573,True
42574,True
42575,True
42576,True
42577,True
42578,True
42579,True
42580,True
42581,True
42582,True
42583,True
42584,True
42585,True
42586,True
42587,True
42588,True
42589,True
42590,True
42591,True
42592,True
42593,True
42594,True
42595,True
42596,True
42597,True
42598,True
42599,True
42600,True
42601,True
42602,True
42603,True
42604,True
42605,True
42606,True
42607,True
42608,True
42609,True
42610,True
42611,True
42612,True
42613,True
42614,True
42615,True
42616,True
42617,True
42618,True
42619,True
42620,True
42621,True
42622,True
42623,True
42624,True
42625,True
42626,True
42627,True
42628,True
42629,True
42630,True
42631,True
42632,True
42633,True
42634,True
42635,True
42636,True
42637,True
42638,True
42639,True
42640,True
42641,True
42642,True
42643,True
42644,True
42645,True
42646,True
42647,True
42648,True
42649,True
42650,True
42651,True
42652,True
42653,True
42654,True
42655,True
42656,True
42657,True
42658,True
42659,True
42660,True
42661,True
42662,True
42663,True
42664,True
42665,True
42666,True
42667,True
42668,True
42669,True
42670,True
42671,True
42672,True
42673,True
42674,True
42675,True
42676,True
42677,True
42678,True
42679,True
42680,True
42681,True
42682,True
42683,True
42684,True
42685,True
42686,True
42687,True
42688,True
42689,True
42690,True
42691,True
42692,True
42693,True
42694,True
42695,True
42696,True
42697,True
42698,True
42699,True
42700,True
42701,True
42702,True
42703,True
42704,True
42705,True
42706,True
42707,True
42708,True
42709,True
42710,True
42711,True
42712,True
42713,True
42714,True
42715,True
42716,True
42717,True
42718,True
42719,True
42720,True
42721,True
42722,True
42723,True
42724,True
42725,True
42726,True
42727,True
42728,True
42729,True
42730,True
42731,True
42732,True
42733,True
42734,True
42735,True
42736,True
42737,True
42738,True
42739,True
42740,True
42741,True
42742,True
42743,True
42744,True
42745,True
42746,True
42747,True
42748,True
42749,True
42750,True
42751,True
42752,True
42753,True
42754,True
42755,True
42756,True
42757,True
42758,True
42759,True
42760,True
42761,True
42762,True
42763,True
42764,True
42765,True
42766,True
42767,True
42768,True
42769,True
42770,True
42771,True
42772,True
42773,True
42774,True
42775,True
42776,True
42777,True
42778,True
42779,True
42780,True
42781,True
42782,True
42783,True
42784,True
42785,True
42786,True
42787,True
42788,True
42789,True
42790,True
42791,True
42792,True
42793,True
42794,True
42795,True
42796,True
42797,True
42798,True
42799,True
42800,True
42801,True
42802,True
42803,True
42804,True
42805,True
42806,True
42807,True
42808,True
42809,True
42810,True
42811,True
42812,True
42813,True
42814,True
42815,True
42816,True
42817,True
42818,True
42819,True
42820,True
42821,True
42822,True
42823,True
42824,True
42825,True
42826,True
42827,True
42828,True
42829,True
42830,True
42831,True
42832,True
42833,True
42834,True
42835,True
42836,True
42837,True
42838,True
42839,True
42840,True
42841,True
42842,True
42843,True
42844,True
42845,True
42846,True
42847,True
42848,True
42849,True
42850,True
42851,True
42852,True
42853,True
42854,True
42855,True
42856,True
42857,True
42858,True
42859,True
42860,True
42861,True
42862,True
42863,True
42864,True
42865,True
42866,True
42867,True
42868,True
42869,True
42870,True
42871,True
42872,True
42873,True
42874,True
42875,True
42876,True
42877,True
42878,True
42879,True
42880,True
42881,True
42882,True
42883,True
42884,True
42885,True
42886,True
42887,True
42888,True
42889,True
42890,True
42891,True
42892,True
42893,True
42894,True
42895,True
42896,True
42897,True
42898,True
42899,True
42900,True
42901,True
42902,True
42903,True
42904,True
42905,True
42906,True
42907,True
42908,True
42909,True
42910,True
42911,True
42912,True
42913,True
42914,True
42915,True
42916,True
42917,True
42918,True
42919,True
42920,True
42921,True
42922,True
42923,True
42924,True
42925,True
42926,True
42927,True
42928,True
42929,True
42930,True
42931,True
42932,True
42933,True
42934,True
42935,True
42936,True
42937,True
42938,True
42939,True
42940,True
42941,True
42942,True
42943,True
42944,True
42945,True
42946,True
42947,True
42948,True
42949,True
42950,True
42951,True
42952,True
42953,True
42954,True
42955,True
42956,True
42957,True
42958,True
42959,True
42960,True
42961,True
42962,True
42963,True
42964,True
42965,True
42966,True
42967,True
42968,True
42969,True
42970,True
42971,True
42972,True
42973,True
42974,True
42975,True
42976,True
42977,True
42978,True
42979,True
42980,True
42981,True
42982,True
42983,True
42984,True
42985,True
42986,True
42987,True
42988,True
42989,True
42990,True
42991,True
42992,True
42993,True
42994,True
42995,True
42996,True
42997,True
42998,True
42999,True
43000,True
43001,True
43002,True
43003,True
43004,True
43005,True
43006,True
43007,True
43008,True
43009,True
43010,True
43011,True
43012,True
43013,True
43014,True
43015,True
43016,True
43017,True
43018,True
43019,True
43020,True
43021,True
43022,True
43023,True
43024,True
43025,True
43026,True
43027,True
43028,True
43029,True
43030,True
43031,True
43032,True
43033,True
43034,True
43035,True
43036,True
43037,True
43038,True
43039,True
43040,True
43041,True
43042,True
43043,True
43044,True
43045,True
43046,True
43047,True
43048,True
43049,True
43050,True
43051,True
43052,True
43053,True
43054,True
43055,True
43056,True
43057,True
43058,True
43059,True
43060,True
43061,True
43062,True
43063,True
43064,True
43065,True
43066,True
43067,True
43068,True
43069,True
43070,True
43071,True
43072,True
43073,True
43074,True
43075,True
43076,True
43077,True
43078,True
43079,True
43080,True
43081,True
43082,True
43083,True
43084,True
43085,True
43086,True
43087,True
43088,True
43089,True
43090,True
43091,True
43092,True
43093,True
43094,True
43095,True
43096,True
43097,True
43098,True
43099,True
43100,True
43101,True
43102,True
43103,True
43104,True
43105,True
43106,True
43107,True
43108,True
43109,True
43110,True
43111,True
43112,True
43113,True
43114,True
43115,True
43116,True
43117,True
43118,True
43119,True
43120,True
43121,True
43122,True
43123,True
43124,True
43125,True
43126,True
43127,True
43128,True
43129,True
43130,True
43131,True
43132,True
43133,True
43134,True
43135,True
43136,True
43137,True
43138,True
43139,True
43140,True
43141,True
43142,True
43143,True
43144,True
43145,True
43146,True
43147,True
43148,True
43149,True
43150,True
43151,True
43152,True
43153,True
43154,True
43155,True
43156,True
43157,True
43158,True
43159,True
43160,True
43161,True
43162,True
43163,True
43164,True
43165,True
43166,True
43167,True
43168,True
43169,True
43170,True
43171,True
43172,True
43173,True
43174,True
43175,True
43176,True
43177,True
43178,True
43179,True
43180,True
43181,True
43182,True
43183,True
43184,True
43185,True
43186,True
43187,True
43188,True
43189,True
43190,True
43191,True
43192,True
43193,True
43194,True
43195,True
43196,True
43197,True
43198,True
43199,True
43200,True
43201,True
43202,True
43203,True
43204,True
43205,True
43206,True
43207,True
43208,True
43209,True
43210,True
43211,True
43212,True
43213,True
43214,True
43215,True
43216,True
43217,True
43218,True
43219,True
43220,True
43221,True
43222,True
43223,True
43224,True
43225,True
43226,True
43227,True
43228,True
43229,True
43230,True
43231,True
43232,True
43233,True
43234,True
43235,True
43236,True
43237,True
43238,True
43239,True
43240,True
43241,True
43242,True
43243,True
43244,True
43245,True
43246,True
43247,True
43248,True
43249,True
43250,True
43251,True
43252,True
43253,True
43254,True
43255,True
43256,True
43257,True
43258,True
43259,True
43260,True
43261,True
43262,True
43263,True
43264,True
43265,True
43266,True
43267,True
43268,True
43269,True
43270,True
43271,True
43272,True
43273,True
43274,True
43275,True
43276,True
43277,True
43278,True
43279,True
43280,True
43281,True
43282,True
43283,True
43284,True
43285,True
43286,True
43287,True
43288,True
43289,True
43290,True
43291,True
43292,True
43293,True
43294,True
43295,True
43296,True
43297,True
43298,True
43299,True
43300,True
43301,True
43302,True
43303,True
43304,True
43305,True
43306,True
43307,True
43308,True
43309,True
43310,True
43311,True
43312,True
43313,True
43314,True
43315,True
43316,True
43317,True
43318,True
43319,True
43320,True
43321,True
43322,True
43323,True
43324,True
43325,True
43326,True
43327,True
43328,True
43329,True
43330,True
43331,True
43332,True
43333,True
43334,True
43335,True
43336,True
43337,True
43338,True
43339,True
43340,True
43341,True
43342,True
43343,True
43344,True
43345,True
43346,True
43347,True
43348,True
43349,True
43350,True
43351,True
43352,True
43353,True
43354,True
43355,True
43356,True
43357,True
43358,True
43359,True
43360,True
43361,True
43362,True
43363,True
43364,True
43365,True
43366,True
43367,True
43368,True
43369,True
43370,True
43371,True
43372,True
43373,True
43374,True
43375,True
43376,True
43377,True
43378,True
43379,True
43380,True
43381,True
43382,True
43383,True
43384,True
43385,True
43386,True
43387,True
43388,True
43389,True
43390,True
43391,True
43392,True
43393,True
43394,True
43395,True
43396,True
43397,True
43398,True
43399,True
43400,True
43401,True
43402,True
43403,True
43404,True
43405,True
43406,True
43407,True
43408,True
43409,True
43410,True
43411,True
43412,True
43413,True
43414,True
43415,True
43416,True
43417,True
43418,True
43419,True
43420,True
43421,True
43422,True
43423,True
43424,True
43425,True
43426,True
43427,True
43428,True
43429,True
43430,True
43431,True
43432,True
43433,True
43434,True
43435,True
43436,True
43437,True
43438,True
43439,True
43440,True
43441,True
43442,True
43443,True
43444,True
43445,True
43446,True
43447,True
43448,True
43449,True
43450,True
43451,True
43452,True
43453,True
43454,True
43455,True
43456,True
43457,True
43458,True
43459,True
43460,True
43461,True
43462,True
43463,True
43464,True
43465,True
43466,True
43467,True
43468,True
43469,True
43470,True
43471,True
43472,True
43473,True
43474,True
43475,True
43476,True
43477,True
43478,True
43479,True
43480,True
43481,True
43482,True
43483,True
43484,True
43485,True
43486,True
43487,True
43488,True
43489,True
43490,True
43491,True
43492,True
43493,True
43494,True
43495,True
43496,True
43497,True
43498,True
43499,True
43500,True
43501,True
43502,True
43503,True
43504,True
43505,True
43506,True
43507,True
43508,True
43509,True
43510,True
43511,True
43512,True
43513,True
43514,True
43515,True
43516,True
43517,True
43518,True
43519,True
43520,True
43521,True
43522,True
43523,True
43524,True
43525,True
43526,True
43527,True
43528,True
43529,True
43530,True
43531,True
43532,True
43533,True
43534,True
43535,True
43536,True
43537,True
43538,True
43539,True
43540,True
43541,True
43542,True
43543,True
43544,True
43545,True
43546,True
43547,True
43548,True
43549,True
43550,True
43551,True
43552,True
43553,True
43554,True
43555,True
43556,True
43557,True
43558,True
43559,True
43560,True
43561,True
43562,True
43563,True
43564,True
43565,True
43566,True
43567,True
43568,True
43569,True
43570,True
43571,True
43572,True
43573,True
43574,True
43575,True
43576,True
43577,True
43578,True
43579,True
43580,True
43581,True
43582,True
43583,True
43584,True
43585,True
43586,True
43587,True
43588,True
43589,True
43590,True
43591,True
43592,True
43593,True
43594,True
43595,True
43596,True
43597,True
43598,True
43599,True
43600,True
43601,True
43602,True
43603,True
43604,True
43605,True
43606,True
43607,True
43608,True
43609,True
43610,True
43611,True
43612,True
43613,True
43614,True
43615,True
43616,True
43617,True
43618,True
43619,True
43620,True
43621,True
43622,True
43623,True
43624,True
43625,True
43626,True
43627,True
43628,True
43629,True
43630,True
43631,True
43632,True
43633,True
43634,True
43635,True
43636,True
43637,True
43638,True
43639,True
43640,True
43641,True
43642,True
43643,True
43644,True
43645,True
43646,True
43647,True
43648,True
43649,True
43650,True
43651,True
43652,True
43653,True
43654,True
43655,True
43656,True
43657,True
43658,True
43659,True
43660,True
43661,True
43662,True
43663,True
43664,True
43665,True
43666,True
43667,True
43668,True
43669,True
43670,True
43671,True
43672,True
43673,True
43674,True
43675,True
43676,True
43677,True
43678,True
43679,True
43680,True
43681,True
43682,True
43683,True
43684,True
43685,True
43686,True
43687,True
43688,True
43689,True
43690,True
43691,True
43692,True
43693,True
43694,True
43695,True
43696,True
43697,True
43698,True
43699,True
43700,True
43701,True
43702,True
43703,True
43704,True
43705,True
43706,True
43707,True
43708,True
43709,True
43710,True
43711,True
43712,True
43713,True
43714,True
43715,True
43716,True
43717,True
43718,True
43719,True
43720,True
43721,True
43722,True
43723,True
43724,True
43725,True
43726,True
43727,True
43728,True
43729,True
43730,True
43731,True
43732,True
43733,True
43734,True
43735,True
43736,True
43737,True
43738,True
43739,True
43740,True
43741,True
43742,True
43743,True
43744,True
43745,True
43746,True
43747,True
43748,True
43749,True
43750,True
43751,True
43752,True
43753,True
43754,True
43755,True
43756,True
43757,True
43758,True
43759,True
43760,True
43761,True
43762,True
43763,True
43764,True
43765,True
43766,True
43767,True
43768,True
43769,True
43770,True
43771,True
43772,True
43773,True
43774,True
43775,True
43776,True
43777,True
43778,True
43779,True
43780,True
43781,True
43782,True
43783,True
43784,True
43785,True
43786,True
43787,True
43788,True
43789,True
43790,True
43791,True
43792,True
43793,True
43794,True
43795,True
43796,True
43797,True
43798,True
43799,True
43800,True
43801,True
43802,True
43803,True
43804,True
43805,True
43806,True
43807,True
43808,True
43809,True
43810,True
43811,True
43812,True
43813,True
43814,True
43815,True
43816,True
43817,True
43818,True
43819,True
43820,True
43821,True
43822,True
43823,True
43824,True
43825,True
43826,True
43827,True
43828,True
43829,True
43830,True
43831,True
43832,True
43833,True
43834,True
43835,True
43836,True
43837,True
43838,True
43839,True
43840,True
43841,True
43842,True
43843,True
43844,True
43845,True
43846,True
43847,True
43848,True
43849,True
43850,True
43851,True
43852,True
43853,True
43854,True
43855,True
43856,True
43857,True
43858,True
43859,True
43860,True
43861,True
43862,True
43863,True
43864,True
43865,True
43866,True
43867,True
43868,True
43869,True
43870,True
43871,True
43872,True
43873,True
43874,True
43875,True
43876,True
43877,True
43878,True
43879,True
43880,True
43881,True
43882,True
43883,True
43884,True
43885,True
43886,True
43887,True
43888,True
43889,True
43890,True
43891,True
43892,True
43893,True
43894,True
43895,True
43896,True
43897,True
43898,True
43899,True
43900,True
43901,True
43902,True
43903,True
43904,True
43905,True
43906,True
43907,True
43908,True
43909,True
43910,True
43911,True
43912,True
43913,True
43914,True
43915,True
43916,True
43917,True
43918,True
43919,True
43920,True
43921,True
43922,True
43923,True
43924,True
43925,True
43926,True
43927,True
43928,True
43929,True
43930,True
43931,True
43932,True
43933,True
43934,True
43935,True
43936,True
43937,True
43938,True
43939,True
43940,True
43941,True
43942,True
43943,True
43944,True
43945,True
43946,True
43947,True
43948,True
43949,True
43950,True
43951,True
43952,True
43953,True
43954,True
43955,True
43956,True
43957,True
43958,True
43959,True
43960,True
43961,True
43962,True
43963,True
43964,True
43965,True
43966,True
43967,True
43968,True
43969,True
43970,True
43971,True
43972,True
43973,True
43974,True
43975,True
43976,True
43977,True
43978,True
43979,True
43980,True
43981,True
43982,True
43983,True
43984,True
43985,True
43986,True
43987,True
43988,True
43989,True
43990,True
43991,True
43992,True
43993,True
43994,True
43995,True
43996,True
43997,True
43998,True
43999,True
44000,True
44001,True
44002,True
44003,True
44004,True
44005,True
44006,True
44007,True
44008,True
44009,True
44010,True
44011,True
44012,True
44013,True
44014,True
44015,True
44016,True
44017,True
44018,True
44019,True
44020,True
44021,True
44022,True
44023,True
44024,True
44025,True
44026,True
44027,True
44028,True
44029,True
44030,True
44031,True
44032,True
44033,True
44034,True
44035,True
44036,True
44037,True
44038,True
44039,True
44040,True
44041,True
44042,True
44043,True
44044,True
44045,True
44046,True
44047,True
44048,True
44049,True
44050,True
44051,True
44052,True
44053,True
44054,True
44055,True
44056,True
44057,True
44058,True
44059,True
44060,True
44061,True
44062,True
44063,True
44064,True
44065,True
44066,True
44067,True
44068,True
44069,True
44070,True
44071,True
44072,True
44073,True
44074,True
44075,True
44076,True
44077,True
44078,True
44079,True
44080,True
44081,True
44082,True
44083,True
44084,True
44085,True
44086,True
44087,True
44088,True
44089,True
44090,True
44091,True
44092,True
44093,True
44094,True
44095,True
44096,True
44097,True
44098,True
44099,True
44100,True
44101,True
44102,True
44103,True
44104,True
44105,True
44106,True
44107,True
44108,True
44109,True
44110,True
44111,True
44112,True
44113,True
44114,True
44115,True
44116,True
44117,True
44118,True
44119,True
44120,True
44121,True
44122,True
44123,True
44124,True
44125,True
44126,True
44127,True
44128,True
44129,True
44130,True
44131,True
44132,True
44133,True
44134,True
44135,True
44136,True
44137,True
44138,True
44139,True
44140,True
44141,True
44142,True
44143,True
44144,True
44145,True
44146,True
44147,True
44148,True
44149,True
44150,True
44151,True
44152,True
44153,True
44154,True
44155,True
44156,True
44157,True
44158,True
44159,True
44160,True
44161,True
44162,True
44163,True
44164,True
44165,True
44166,True
44167,True
44168,True
44169,True
44170,True
44171,True
44172,True
44173,True
44174,True
44175,True
44176,True
44177,True
44178,True
44179,True
44180,True
44181,True
44182,True
44183,True
44184,True
44185,True
44186,True
44187,True
44188,True
44189,True
44190,True
44191,True
44192,True
44193,True
44194,True
44195,True
44196,True
44197,True
44198,True
44199,True
44200,True
44201,True
44202,True
44203,True
44204,True
44205,True
44206,True
44207,True
44208,True
44209,True
44210,True
44211,True
44212,True
44213,True
44214,True
44215,True
44216,True
44217,True
44218,True
44219,True
44220,True
44221,True
44222,True
44223,True
44224,True
44225,True
44226,True
44227,True
44228,True
44229,True
44230,True
44231,True
44232,True
44233,True
44234,True
44235,True
44236,True
44237,True
44238,True
44239,True
44240,True
44241,True
44242,True
44243,True
44244,True
44245,True
44246,True
44247,True
44248,True
44249,True
44250,True
44251,True
44252,True
44253,True
44254,True
44255,True
44256,True
44257,True
44258,True
44259,True
44260,True
44261,True
44262,True
44263,True
44264,True
44265,True
44266,True
44267,True
44268,True
44269,True
44270,True
44271,True
44272,True
44273,True
44274,True
44275,True
44276,True
44277,True
44278,True
44279,True
44280,True
44281,True
44282,True
44283,True
44284,True
44285,True
44286,True
44287,True
44288,True
44289,True
44290,True
44291,True
44292,True
44293,True
44294,True
44295,True
44296,True
44297,True
44298,True
44299,True
44300,True
44301,True
44302,True
44303,True
44304,True
44305,True
44306,True
44307,True
44308,True
44309,True
44310,True
44311,True
44312,True
44313,True
44314,True
44315,True
44316,True
44317,True
44318,True
44319,True
44320,True
44321,True
44322,True
44323,True
44324,True
44325,True
44326,True
44327,True
44328,True
44329,True
44330,True
44331,True
44332,True
44333,True
44334,True
44335,True
44336,True
44337,True
44338,True
44339,True
44340,True
44341,True
44342,True
44343,True
44344,True
44345,True
44346,True
44347,True
44348,True
44349,True
44350,True
44351,True
44352,True
44353,True
44354,True
44355,True
44356,True
44357,True
44358,True
44359,True
44360,True
44361,True
44362,True
44363,True
44364,True
44365,True
44366,True
44367,True
44368,True
44369,True
44370,True
44371,True
44372,True
44373,True
44374,True
44375,True
44376,True
44377,True
44378,True
44379,True
44380,True
44381,True
44382,True
44383,True
44384,True
44385,True
44386,True
44387,True
44388,True
44389,True
44390,True
44391,True
44392,True
44393,True
44394,True
44395,True
44396,True
44397,True
44398,True
44399,True
44400,True
44401,True
44402,True
44403,True
44404,True
44405,True
44406,True
44407,True
44408,True
44409,True
44410,True
44411,True
44412,True
44413,True
44414,True
44415,True
44416,True
44417,True
44418,True
44419,True
44420,True
44421,True
44422,True
44423,True
44424,True
44425,True
44426,True
44427,True
44428,True
44429,True
44430,True
44431,True
44432,True
44433,True
44434,True
44435,True
44436,True
44437,True
44438,True
44439,True
44440,True
44441,True
44442,True
44443,True
44444,True
44445,True
44446,True
44447,True
44448,True
44449,True
44450,True
44451,True
44452,True
44453,True
44454,True
44455,True
44456,True
44457,True
44458,True
44459,True
44460,True
44461,True
44462,True
44463,True
44464,True
44465,True
44466,True
44467,True
44468,True
44469,True
44470,True
44471,True
44472,True
44473,True
44474,True
44475,True
44476,True
44477,True
44478,True
44479,True
44480,True
44481,True
44482,True
44483,True
44484,True
44485,True
44486,True
44487,True
44488,True
44489,True
44490,True
44491,True
44492,True
44493,True
44494,True
44495,True
44496,True
44497,True
44498,True
44499,True
44500,True
44501,True
44502,True
44503,True
44504,True
44505,True
44506,True
44507,True
44508,True
44509,True
44510,True
44511,True
44512,True
44513,True
44514,True
44515,True
44516,True
44517,True
44518,True
44519,True
44520,True
44521,True
44522,True
44523,True
44524,True
44525,True
44526,True
44527,True
44528,True
44529,True
44530,True
44531,True
44532,True
44533,True
44534,True
44535,True
44536,True
44537,True
44538,True
44539,True
44540,True
44541,True
44542,True
44543,True
44544,True
44545,True
44546,True
44547,True
44548,True
44549,True
44550,True
44551,True
44552,True
44553,True
44554,True
44555,True
44556,True
44557,True
44558,True
44559,True
44560,True
44561,True
44562,True
44563,True
44564,True
44565,True
44566,True
44567,True
44568,True
44569,True
44570,True
44571,True
44572,True
44573,True
44574,True
44575,True
44576,True
44577,True
44578,True
44579,True
44580,True
44581,True
44582,True
44583,True
44584,True
44585,True
44586,True
44587,True
44588,True
44589,True
44590,True
44591,True
44592,True
44593,True
44594,True
44595,True
44596,True
44597,True
44598,True
44599,True
44600,True
44601,True
44602,True
44603,True
44604,True
44605,True
44606,True
44607,True
44608,True
44609,True
44610,True
44611,True
44612,True
44613,True
44614,True
44615,True
44616,True
44617,True
44618,True
44619,True
44620,True
44621,True
44622,True
44623,True
44624,True
44625,True
44626,True
44627,True
44628,True
44629,True
44630,True
44631,True
44632,True
44633,True
44634,True
44635,True
44636,True
44637,True
44638,True
44639,True
44640,True
44641,True
44642,True
44643,True
44644,True
44645,True
44646,True
44647,True
44648,True
44649,True
44650,True
44651,True
44652,True
44653,True
44654,True
44655,True
44656,True
44657,True
44658,True
44659,True
44660,True
44661,True
44662,True
44663,True
44664,True
44665,True
44666,True
44667,True
44668,True
44669,True
44670,True
44671,True
44672,True
44673,True
44674,True
44675,True
44676,True
44677,True
44678,True
44679,True
44680,True
44681,True
44682,True
44683,True
44684,True
44685,True
44686,True
44687,True
44688,True
44689,True
44690,True
44691,True
44692,True
44693,True
44694,True
44695,True
44696,True
44697,True
44698,True
44699,True
44700,True
44701,True
44702,True
44703,True
44704,True
44705,True
44706,True
44707,True
44708,True
44709,True
44710,True
44711,True
44712,True
44713,True
44714,True
44715,True
44716,True
44717,True
44718,True
44719,True
44720,True
44721,True
44722,True
44723,True
44724,True
44725,True
44726,True
44727,True
44728,True
44729,True
44730,True
44731,True
44732,True
44733,True
44734,True
44735,True
44736,True
44737,True
44738,True
44739,True
44740,True
44741,True
44742,True
44743,True
44744,True
44745,True
44746,True
44747,True
44748,True
44749,True
44750,True
44751,True
44752,True
44753,True
44754,True
44755,True
44756,True
44757,True
44758,True
44759,True
44760,True
44761,True
44762,True
44763,True
44764,True
44765,True
44766,True
44767,True
44768,True
44769,True
44770,True
44771,True
44772,True
44773,True
44774,True
44775,True
44776,True
44777,True
44778,True
44779,True
44780,True
44781,True
44782,True
44783,True
44784,True
44785,True
44786,True
44787,True
44788,True
44789,True
44790,True
44791,True
44792,True
44793,True
44794,True
44795,True
44796,True
44797,True
44798,True
44799,True
44800,True
44801,True
44802,True
44803,True
44804,True
44805,True
44806,True
44807,True
44808,True
44809,True
44810,True
44811,True
44812,True
44813,True
44814,True
44815,True
44816,True
44817,True
44818,True
44819,True
44820,True
44821,True
44822,True
44823,True
44824,True
44825,True
44826,True
44827,True
44828,True
44829,True
44830,True
44831,True
44832,True
44833,True
44834,True
44835,True
44836,True
44837,True
44838,True
44839,True
44840,True
44841,True
44842,True
44843,True
44844,True
44845,True
44846,True
44847,True
44848,True
44849,True
44850,True
44851,True
44852,True
44853,True
44854,True
44855,True
44856,True
44857,True
44858,True
44859,True
44860,True
44861,True
44862,True
44863,True
44864,True
44865,True
44866,True
44867,True
44868,True
44869,True
44870,True
44871,True
44872,True
44873,True
44874,True
44875,True
44876,True
44877,True
44878,True
44879,True
44880,True
44881,True
44882,True
44883,True
44884,True
44885,True
44886,True
44887,True
44888,True
44889,True
44890,True
44891,True
44892,True
44893,True
44894,True
44895,True
44896,True
44897,True
44898,True
44899,True
44900,True
44901,True
44902,True
44903,True
44904,True
44905,True
44906,True
44907,True
44908,True
44909,True
44910,True
44911,True
44912,True
44913,True
44914,True
44915,True
44916,True
44917,True
44918,True
44919,True
44920,True
44921,True
44922,True
44923,True
44924,True
44925,True
44926,True
44927,True
44928,True
44929,True
44930,True
44931,True
44932,True
44933,True
44934,True
44935,True
44936,True
44937,True
44938,True
44939,True
44940,True
44941,True
44942,True
44943,True
44944,True
44945,True
44946,True
44947,True
44948,True
44949,True
44950,True
44951,True
44952,True
44953,True
44954,True
44955,True
44956,True
44957,True
44958,True
44959,True
44960,True
44961,True
44962,True
44963,True
44964,True
44965,True
44966,True
44967,True
44968,True
44969,True
44970,True
44971,True
44972,True
44973,True
44974,True
44975,True
44976,True
44977,True
44978,True
44979,True
44980,True
44981,True
44982,True
44983,True
44984,True
44985,True
44986,True
44987,True
44988,True
44989,True
44990,True
44991,True
44992,True
44993,True
44994,True
44995,True
44996,True
44997,True
44998,True
44999,True
45000,True
45001,True
45002,True
45003,True
45004,True
45005,True
45006,True
45007,True
45008,True
45009,True
45010,True
45011,True
45012,True
45013,True
45014,True
45015,True
45016,True
45017,True
45018,True
45019,True
45020,True
45021,True
45022,True
45023,True
45024,True
45025,True
45026,True
45027,True
45028,True
45029,True
45030,True
45031,True
45032,True
45033,True
45034,True
45035,True
45036,True
45037,True
45038,True
45039,True
45040,True
45041,True
45042,True
45043,True
45044,True
45045,True
45046,True
45047,True
45048,True
45049,True
45050,True
45051,True
45052,True
45053,True
45054,True
45055,True
45056,True
45057,True
45058,True
45059,True
45060,True
45061,True
45062,True
45063,True
45064,True
45065,True
45066,True
45067,True
45068,True
45069,True
45070,True
45071,True
45072,True
45073,True
45074,True
45075,True
45076,True
45077,True
45078,True
45079,True
45080,True
45081,True
45082,True
45083,True
45084,True
45085,True
45086,True
45087,True
45088,True
45089,True
45090,True
45091,True
45092,True
45093,True
45094,True
45095,True
45096,True
45097,True
45098,True
45099,True
45100,True
45101,True
45102,True
45103,True
45104,True
45105,True
45106,True
45107,True
45108,True
45109,True
45110,True
45111,True
45112,True
45113,True
45114,True
45115,True
45116,True
45117,True
45118,True
45119,True
45120,True
45121,True
45122,True
45123,True
45124,True
45125,True
45126,True
45127,True
45128,True
45129,True
45130,True
45131,True
45132,True
45133,True
45134,True
45135,True
45136,True
45137,True
45138,True
45139,True
45140,True
45141,True
45142,True
45143,True
45144,True
45145,True
45146,True
45147,True
45148,True
45149,True
45150,True
45151,True
45152,True
45153,True
45154,True
45155,True
45156,True
45157,True
45158,True
45159,True
45160,True
45161,True
45162,True
45163,True
45164,True
45165,True
45166,True
45167,True
45168,True
45169,True
45170,True
45171,True
45172,True
45173,True
45174,True
45175,True
45176,True
45177,True
45178,True
45179,True
45180,True
45181,True
45182,True
45183,True
45184,True
45185,True
45186,True
45187,True
45188,True
45189,True
45190,True
45191,True
45192,True
45193,True
45194,True
45195,True
45196,True
45197,True
45198,True
45199,True
45200,True
45201,True
45202,True
45203,True
45204,True
45205,True
45206,True
45207,True
45208,True
45209,True
45210,True
45211,True
45212,True
45213,True
45214,True
45215,True
45216,True
45217,True
45218,True
45219,True
45220,True
45221,True
45222,True
45223,True
45224,True
45225,True
45226,True
45227,True
45228,True
45229,True
45230,True
45231,True
45232,True
45233,True
45234,True
45235,True
45236,True
45237,True
45238,True
45239,True
45240,True
45241,True
45242,True
45243,True
45244,True
45245,True
45246,True
45247,True
45248,True
45249,True
45250,True
45251,True
45252,True
45253,True
45254,True
45255,True
45256,True
45257,True
45258,True
45259,True
45260,True
45261,True
45262,True
45263,True
45264,True
45265,True
45266,True
45267,True
45268,True
45269,True
45270,True
45271,True
45272,True
45273,True
45274,True
45275,True
45276,True
45277,True
45278,True
45279,True
45280,True
45281,True
45282,True
45283,True
45284,True
45285,True
45286,True
45287,True
45288,True
45289,True
45290,True
45291,True
45292,True
45293,True
45294,True
45295,True
45296,True
45297,True
45298,True
45299,True
45300,True
45301,True
45302,True
45303,True
45304,True
45305,True
45306,True
45307,True
45308,True
45309,True
45310,True
45311,True
45312,True
45313,True
45314,True
45315,True
45316,True
45317,True
45318,True
45319,True
45320,True
45321,True
45322,True
45323,True
45324,True
45325,True
45326,True
45327,True
45328,True
45329,True
45330,True
45331,True
45332,True
45333,True
45334,True
45335,True
45336,True
45337,True
45338,True
45339,True
45340,True
45341,True
45342,True
45343,True
45344,True
45345,True
45346,True
45347,True
45348,True
45349,True
45350,True
45351,True
45352,True
45353,True
45354,True
45355,True
45356,True
45357,True
45358,True
45359,True
45360,True
45361,True
45362,True
45363,True
45364,True
45365,True
45366,True
45367,True
45368,True
45369,True
45370,True
45371,True
45372,True
45373,True
45374,True
45375,True
45376,True
45377,True
45378,True
45379,True
45380,True
45381,True
45382,True
45383,True
45384,True
45385,True
45386,True
45387,True
45388,True
45389,True
45390,True
45391,True
45392,True
45393,True
45394,True
45395,True
45396,True
45397,True
45398,True
45399,True
45400,True
45401,True
45402,True
45403,True
45404,True
45405,True
45406,True
45407,True
45408,True
45409,True
45410,True
45411,True
45412,True
45413,True
45414,True
45415,True
45416,True
45417,True
45418,True
45419,True
45420,True
45421,True
45422,True
45423,True
45424,True
45425,True
45426,True
45427,True
45428,True
45429,True
45430,True
45431,True
45432,True
45433,True
45434,True
45435,True
45436,True
45437,True
45438,True
45439,True
45440,True
45441,True
45442,True
45443,True
45444,True
45445,True
45446,True
45447,True
45448,True
45449,True
45450,True
45451,True
45452,True
45453,True
45454,True
45455,True
45456,True
45457,True
45458,True
45459,True
45460,True
45461,True
45462,True
45463,True
45464,True
45465,True
45466,True
45467,True
45468,True
45469,True
45470,True
45471,True
45472,True
45473,True
45474,True
45475,True
45476,True
45477,True
45478,True
45479,True
45480,True
45481,True
45482,True
45483,True
45484,True
45485,True
45486,True
45487,True
45488,True
45489,True
45490,True
45491,True
45492,True
45493,True
45494,True
45495,True
45496,True
45497,True
45498,True
45499,True
45500,True
45501,True
45502,True
45503,True
45504,True
45505,True
45506,True
45507,True
45508,True
45509,True
45510,True
45511,True
45512,True
45513,True
45514,True
45515,True
45516,True
45517,True
45518,True
45519,True
45520,True
45521,True
45522,True
45523,True
45524,True
45525,True
45526,True
45527,True
45528,True
45529,True
45530,True
45531,True
45532,True
45533,True
45534,True
45535,True
45536,True
45537,True
45538,True
45539,True
45540,True
45541,True
45542,True
45543,True
45544,True
45545,True
45546,True
45547,True
45548,True
45549,True
45550,True
45551,True
45552,True
45553,True
45554,True
45555,True
45556,True
45557,True
45558,True
45559,True
45560,True
45561,True
45562,True
45563,True
45564,True
45565,True
45566,True
45567,True
45568,True
45569,True
45570,True
45571,True
45572,True
45573,True
45574,True
45575,True
45576,True
45577,True
45578,True
45579,True
45580,True
45581,True
45582,True
45583,True
45584,True
45585,True
45586,True
45587,True
45588,True
45589,True
45590,True
45591,True
45592,True
45593,True
45594,True
45595,True
45596,True
45597,True
45598,True
45599,True
45600,True
45601,True
45602,True
45603,True
45604,True
45605,True
45606,True
45607,True
45608,True
45609,True
45610,True
45611,True
45612,True
45613,True
45614,True
45615,True
45616,True
45617,True
45618,True
45619,True
45620,True
45621,True
45622,True
45623,True
45624,True
45625,True
45626,True
45627,True
45628,True
45629,True
45630,True
45631,True
45632,True
45633,True
45634,True
45635,True
45636,True
45637,True
45638,True
45639,True
45640,True
45641,True
45642,True
45643,True
45644,True
45645,True
45646,True
45647,True
45648,True
45649,True
45650,True
45651,True
45652,True
45653,True
45654,True
45655,True
45656,True
45657,True
45658,True
45659,True
45660,True
45661,True
45662,True
45663,True
45664,True
45665,True
45666,True
45667,True
45668,True
45669,True
45670,True
45671,True
45672,True
45673,True
45674,True
45675,True
45676,True
45677,True
45678,True
45679,True
45680,True
45681,True
45682,True
45683,True
45684,True
45685,True
45686,True
45687,True
45688,True
45689,True
45690,True
45691,True
45692,True
45693,True
45694,True
45695,True
45696,True
45697,True
45698,True
45699,True
45700,True
45701,True
45702,True
45703,True
45704,True
45705,True
45706,True
45707,True
45708,True
45709,True
45710,True
45711,True
45712,True
45713,True
45714,True
45715,True
45716,True
45717,True
45718,True
45719,True
45720,True
45721,True
45722,True
45723,True
45724,True
45725,True
45726,True
45727,True
45728,True
45729,True
45730,True
45731,True
45732,True
45733,True
45734,True
45735,True
45736,True
45737,True
45738,True
45739,True
45740,True
45741,True
45742,True
45743,True
45744,True
45745,True
45746,True
45747,True
45748,True
45749,True
45750,True
45751,True
45752,True
45753,True
45754,True
45755,True
45756,True
45757,True
45758,True
45759,True
45760,True
45761,True
45762,True
45763,True
45764,True
45765,True
45766,True
45767,True
45768,True
45769,True
45770,True
45771,True
45772,True
45773,True
45774,True
45775,True
45776,True
45777,True
45778,True
45779,True
45780,True
45781,True
45782,True
45783,True
45784,True
45785,True
45786,True
45787,True
45788,True
45789,True
45790,True
45791,True
45792,True
45793,True
45794,True
45795,True
45796,True
45797,True
45798,True
45799,True
45800,True
45801,True
45802,True
45803,True
45804,True
45805,True
45806,True
45807,True
45808,True
45809,True
45810,True
45811,True
45812,True
45813,True
45814,True
45815,True
45816,True
45817,True
45818,True
45819,True
45820,True
45821,True
45822,True
45823,True
45824,True
45825,True
45826,True
45827,True
45828,True
45829,True
45830,True
45831,True
45832,True
45833,True
45834,True
45835,True
45836,True
45837,True
45838,True
45839,True
45840,True
45841,True
45842,True
45843,True
45844,True
45845,True
45846,True
45847,True
45848,True
45849,True
45850,True
45851,True
45852,True
45853,True
45854,True
45855,True
45856,True
45857,True
45858,True
45859,True
45860,True
45861,True
45862,True
45863,True
45864,True
45865,True
45866,True
45867,True
45868,True
45869,True
45870,True
45871,True
45872,True
45873,True
45874,True
45875,True
45876,True
45877,True
45878,True
45879,True
45880,True
45881,True
45882,True
45883,True
45884,True
45885,True
45886,True
45887,True
45888,True
45889,True
45890,True
45891,True
45892,True
45893,True
45894,True
45895,True
45896,True
45897,True
45898,True
45899,True
45900,True
45901,True
45902,True
45903,True
45904,True
45905,True
45906,True
45907,True
45908,True
45909,True
45910,True
45911,True
45912,True
45913,True
45914,True
45915,True
45916,True
45917,True
45918,True
45919,True
45920,True
45921,True
45922,True
45923,True
45924,True
45925,True
45926,True
45927,True
45928,True
45929,True
45930,True
45931,True
45932,True
45933,True
45934,True
45935,True
45936,True
45937,True
45938,True
45939,True
45940,True
45941,True
45942,True
45943,True
45944,True
45945,True
45946,True
45947,True
45948,True
45949,True
45950,True
45951,True
45952,True
45953,True
45954,True
45955,True
45956,True
45957,True
45958,True
45959,True
45960,True
45961,True
45962,True
45963,True
45964,True
45965,True
45966,True
45967,True
45968,True
45969,True
45970,True
45971,True
45972,True
45973,True
45974,True
45975,True
45976,True
45977,True
45978,True
45979,True
45980,True
45981,True
45982,True
45983,True
45984,True
45985,True
45986,True
45987,True
45988,True
45989,True
45990,True
45991,True
45992,True
45993,True
45994,True
45995,True
45996,True
45997,True
45998,True
45999,True
46000,True
46001,True
46002,True
46003,True
46004,True
46005,True
46006,True
46007,True
46008,True
46009,True
46010,True
46011,True
46012,True
46013,True
46014,True
46015,True
46016,True
46017,True
46018,True
46019,True
46020,True
46021,True
46022,True
46023,True
46024,True
46025,True
46026,True
46027,True
46028,True
46029,True
46030,True
46031,True
46032,True
46033,True
46034,True
46035,True
46036,True
46037,True
46038,True
46039,True
46040,True
46041,True
46042,True
46043,True
46044,True
46045,True
46046,True
46047,True
46048,True
46049,True
46050,True
46051,True
46052,True
46053,True
46054,True
46055,True
46056,True
46057,True
46058,True
46059,True
46060,True
46061,True
46062,True
46063,True
46064,True
46065,True
46066,True
46067,True
46068,True
46069,True
46070,True
46071,True
46072,True
46073,True
46074,True
46075,True
46076,True
46077,True
46078,True
46079,True
46080,True
46081,True
46082,True
46083,True
46084,True
46085,True
46086,True
46087,True
46088,True
46089,True
46090,True
46091,True
46092,True
46093,True
46094,True
46095,True
46096,True
46097,True
46098,True
46099,True
46100,True
46101,True
46102,True
46103,True
46104,True
46105,True
46106,True
46107,True
46108,True
46109,True
46110,True
46111,True
46112,True
46113,True
46114,True
46115,True
46116,True
46117,True
46118,True
46119,True
46120,True
46121,True
46122,True
46123,True
46124,True
46125,True
46126,True
46127,True
46128,True
46129,True
46130,True
46131,True
46132,True
46133,True
46134,True
46135,True
46136,True
46137,True
46138,True
46139,True
46140,True
46141,True
46142,True
46143,True
46144,True
46145,True
46146,True
46147,True
46148,True
46149,True
46150,True
46151,True
46152,True
46153,True
46154,True
46155,True
46156,True
46157,True
46158,True
46159,True
46160,True
46161,True
46162,True
46163,True
46164,True
46165,True
46166,True
46167,True
46168,True
46169,True
46170,True
46171,True
46172,True
46173,True
46174,True
46175,True
46176,True
46177,True
46178,True
46179,True
46180,True
46181,True
46182,True
46183,True
46184,True
46185,True
46186,True
46187,True
46188,True
46189,True
46190,True
46191,True
46192,True
46193,True
46194,True
46195,True
46196,True
46197,True
46198,True
46199,True
46200,True
46201,True
46202,True
46203,True
46204,True
46205,True
46206,True
46207,True
46208,True
46209,True
46210,True
46211,True
46212,True
46213,True
46214,True
46215,True
46216,True
46217,True
46218,True
46219,True
46220,True
46221,True
46222,True
46223,True
46224,True
46225,True
46226,True
46227,True
46228,True
46229,True
46230,True
46231,True
46232,True
46233,True
46234,True
46235,True
46236,True
46237,True
46238,True
46239,True
46240,True
46241,True
46242,True
46243,True
46244,True
46245,True
46246,True
46247,True
46248,True
46249,True
46250,True
46251,True
46252,True
46253,True
46254,True
46255,True
46256,True
46257,True
46258,True
46259,True
46260,True
46261,True
46262,True
46263,True
46264,True
46265,True
46266,True
46267,True
46268,True
46269,True
46270,True
46271,True
46272,True
46273,True
46274,True
46275,True
46276,True
46277,True
46278,True
46279,True
46280,True
46281,True
46282,True
46283,True
46284,True
46285,True
46286,True
46287,True
46288,True
46289,True
46290,True
46291,True
46292,True
46293,True
46294,True
46295,True
46296,True
46297,True
46298,True
46299,True
46300,True
46301,True
46302,True
46303,True
46304,True
46305,True
46306,True
46307,True
46308,True
46309,True
46310,True
46311,True
46312,True
46313,True
46314,True
46315,True
46316,True
46317,True
46318,True
46319,True
46320,True
46321,True
46322,True
46323,True
46324,True
46325,True
46326,True
46327,True
46328,True
46329,True
46330,True
46331,True
46332,True
46333,True
46334,True
46335,True
46336,True
46337,True
46338,True
46339,True
46340,True
46341,True
46342,True
46343,True
46344,True
46345,True
46346,True
46347,True
46348,True
46349,True
46350,True
46351,True
46352,True
46353,True
46354,True
46355,True
46356,True
46357,True
46358,True
46359,True
46360,True
46361,True
46362,True
46363,True
46364,True
46365,True
46366,True
46367,True
46368,True
46369,True
46370,True
46371,True
46372,True
46373,True
46374,True
46375,True
46376,True
46377,True
46378,True
46379,True
46380,True
46381,True
46382,True
46383,True
46384,True
46385,True
46386,True
46387,True
46388,True
46389,True
46390,True
46391,True
46392,True
46393,True
46394,True
46395,True
46396,True
46397,True
46398,True
46399,True
46400,True
46401,True
46402,True
46403,True
46404,True
46405,True
46406,True
46407,True
46408,True
46409,True
46410,True
46411,True
46412,True
46413,True
46414,True
46415,True
46416,True
46417,True
46418,True
46419,True
46420,True
46421,True
46422,True
46423,True
46424,True
46425,True
46426,True
46427,True
46428,True
46429,True
46430,True
46431,True
46432,True
46433,True
46434,True
46435,True
46436,True
46437,True
46438,True
46439,True
46440,True
46441,True
46442,True
46443,True
46444,True
46445,True
46446,True
46447,True
46448,True
46449,True
46450,True
46451,True
46452,True
46453,True
46454,True
46455,True
46456,True
46457,True
46458,True
46459,True
46460,True
46461,True
46462,True
46463,True
46464,True
46465,True
46466,True
46467,True
46468,True
46469,True
46470,True
46471,True
46472,True
46473,True
46474,True
46475,True
46476,True
46477,True
46478,True
46479,True
46480,True
46481,True
46482,True
46483,True
46484,True
46485,True
46486,True
46487,True
46488,True
46489,True
46490,True
46491,True
46492,True
46493,True
46494,True
46495,True
46496,True
46497,True
46498,True
46499,True
46500,True
46501,True
46502,True
46503,True
46504,True
46505,True
46506,True
46507,True
46508,True
46509,True
46510,True
46511,True
46512,True
46513,True
46514,True
46515,True
46516,True
46517,True
46518,True
46519,True
46520,True
46521,True
46522,True
46523,True
46524,True
46525,True
46526,True
46527,True
46528,True
46529,True
46530,True
46531,True
46532,True
46533,True
46534,True
46535,True
46536,True
46537,True
46538,True
46539,True
46540,True
46541,True
46542,True
46543,True
46544,True
46545,True
46546,True
46547,True
46548,True
46549,True
46550,True
46551,True
46552,True
46553,True
46554,True
46555,True
46556,True
46557,True
46558,True
46559,True
46560,True
46561,True
46562,True
46563,True
46564,True
46565,True
46566,True
46567,True
46568,True
46569,True
46570,True
46571,True
46572,True
46573,True
46574,True
46575,True
46576,True
46577,True
46578,True
46579,True
46580,True
46581,True
46582,True
46583,True
46584,True
46585,True
46586,True
46587,True
46588,True
46589,True
46590,True
46591,True
46592,True
46593,True
46594,True
46595,True
46596,True
46597,True
46598,True
46599,True
46600,True
46601,True
46602,True
46603,True
46604,True
46605,True
46606,True
46607,True
46608,True
46609,True
46610,True
46611,True
46612,True
46613,True
46614,True
46615,True
46616,True
46617,True
46618,True
46619,True
46620,True
46621,True
46622,True
46623,True
46624,True
46625,True
46626,True
46627,True
46628,True
46629,True
46630,True
46631,True
46632,True
46633,True
46634,True
46635,True
46636,True
46637,True
46638,True
46639,True
46640,True
46641,True
46642,True
46643,True
46644,True
46645,True
46646,True
46647,True
46648,True
46649,True
46650,True
46651,True
46652,True
46653,True
46654,True
46655,True
46656,True
46657,True
46658,True
46659,True
46660,True
46661,True
46662,True
46663,True
46664,True
46665,True
46666,True
46667,True
46668,True
46669,True
46670,True
46671,True
46672,True
46673,True
46674,True
46675,True
46676,True
46677,True
46678,True
46679,True
46680,True
46681,True
46682,True
46683,True
46684,True
46685,True
46686,True
46687,True
46688,True
46689,True
46690,True
46691,True
46692,True
46693,True
46694,True
46695,True
46696,True
46697,True
46698,True
46699,True
46700,True
46701,True
46702,True
46703,True
46704,True
46705,True
46706,True
46707,True
46708,True
46709,True
46710,True
46711,True
46712,True
46713,True
46714,True
46715,True
46716,True
46717,True
46718,True
46719,True
46720,True
46721,True
46722,True
46723,True
46724,True
46725,True
46726,True
46727,True
46728,True
46729,True
46730,True
46731,True
46732,True
46733,True
46734,True
46735,True
46736,True
46737,True
46738,True
46739,True
46740,True
46741,True
46742,True
46743,True
46744,True
46745,True
46746,True
46747,True
46748,True
46749,True
46750,True
46751,True
46752,True
46753,True
46754,True
46755,True
46756,True
46757,True
46758,True
46759,True
46760,True
46761,True
46762,True
46763,True
46764,True
46765,True
46766,True
46767,True
46768,True
46769,True
46770,True
46771,True
46772,True
46773,True
46774,True
46775,True
46776,True
46777,True
46778,True
46779,True
46780,True
46781,True
46782,True
46783,True
46784,True
46785,True
46786,True
46787,True
46788,True
46789,True
46790,True
46791,True
46792,True
46793,True
46794,True
46795,True
46796,True
46797,True
46798,True
46799,True
46800,True
46801,True
46802,True
46803,True
46804,True
46805,True
46806,True
46807,True
46808,True
46809,True
46810,True
46811,True
46812,True
46813,True
46814,True
46815,True
46816,True
46817,True
46818,True
46819,True
46820,True
46821,True
46822,True
46823,True
46824,True
46825,True
46826,True
46827,True
46828,True
46829,True
46830,True
46831,True
46832,True
46833,True
46834,True
46835,True
46836,True
46837,True
46838,True
46839,True
46840,True
46841,True
46842,True
46843,True
46844,True
46845,True
46846,True
46847,True
46848,True
46849,True
46850,True
46851,True
46852,True
46853,True
46854,True
46855,True
46856,True
46857,True
46858,True
46859,True
46860,True
46861,True
46862,True
46863,True
46864,True
46865,True
46866,True
46867,True
46868,True
46869,True
46870,True
46871,True
46872,True
46873,True
46874,True
46875,True
46876,True
46877,True
46878,True
46879,True
46880,True
46881,True
46882,True
46883,True
46884,True
46885,True
46886,True
46887,True
46888,True
46889,True
46890,True
46891,True
46892,True
46893,True
46894,True
46895,True
46896,True
46897,True
46898,True
46899,True
46900,True
46901,True
46902,True
46903,True
46904,True
46905,True
46906,True
46907,True
46908,True
46909,True
46910,True
46911,True
46912,True
46913,True
46914,True
46915,True
46916,True
46917,True
46918,True
46919,True
46920,True
46921,True
46922,True
46923,True
46924,True
46925,True
46926,True
46927,True
46928,True
46929,True
46930,True
46931,True
46932,True
46933,True
46934,True
46935,True
46936,True
46937,True
46938,True
46939,True
46940,True
46941,True
46942,True
46943,True
46944,True
46945,True
46946,True
46947,True
46948,True
46949,True
46950,True
46951,True
46952,True
46953,True
46954,True
46955,True
46956,True
46957,True
46958,True
46959,True
46960,True
46961,True
46962,True
46963,True
46964,True
46965,True
46966,True
46967,True
46968,True
46969,True
46970,True
46971,True
46972,True
46973,True
46974,True
46975,True
46976,True
46977,True
46978,True
46979,True
46980,True
46981,True
46982,True
46983,True
46984,True
46985,True
46986,True
46987,True
46988,True
46989,True
46990,True
46991,True
46992,True
46993,True
46994,True
46995,True
46996,True
46997,True
46998,True
46999,True
47000,True
47001,True
47002,True
47003,True
47004,True
47005,True
47006,True
47007,True
47008,True
47009,True
47010,True
47011,True
47012,True
47013,True
47014,True
47015,True
47016,True
47017,True
47018,True
47019,True
47020,True
47021,True
47022,True
47023,True
47024,True
47025,True
47026,True
47027,True
47028,True
47029,True
47030,True
47031,True
47032,True
47033,True
47034,True
47035,True
47036,True
47037,True
47038,True
47039,True
47040,True
47041,True
47042,True
47043,True
47044,True
47045,True
47046,True
47047,True
47048,True
47049,True
47050,True
47051,True
47052,True
47053,True
47054,True
47055,True
47056,True
47057,True
47058,True
47059,True
47060,True
47061,True
47062,True
47063,True
47064,True
47065,True
47066,True
47067,True
47068,True
47069,True
47070,True
47071,True
47072,True
47073,True
47074,True
47075,True
47076,True
47077,True
47078,True
47079,True
47080,True
47081,True
47082,True
47083,True
47084,True
47085,True
47086,True
47087,True
47088,True
47089,True
47090,True
47091,True
47092,True
47093,True
47094,True
47095,True
47096,True
47097,True
47098,True
47099,True
47100,True
47101,True
47102,True
47103,True
47104,True
47105,True
47106,True
47107,True
47108,True
47109,True
47110,True
47111,True
47112,True
47113,True
47114,True
47115,True
47116,True
47117,True
47118,True
47119,True
47120,True
47121,True
47122,True
47123,True
47124,True
47125,True
47126,True
47127,True
47128,True
47129,True
47130,True
47131,True
47132,True
47133,True
47134,True
47135,True
47136,True
47137,True
47138,True
47139,True
47140,True
47141,True
47142,True
47143,True
47144,True
47145,True
47146,True
47147,True
47148,True
47149,True
47150,True
47151,True
47152,True
47153,True
47154,True
47155,True
47156,True
47157,True
47158,True
47159,True
47160,True
47161,True
47162,True
47163,True
47164,True
47165,True
47166,True
47167,True
47168,True
47169,True
47170,True
47171,True
47172,True
47173,True
47174,True
47175,True
47176,True
47177,True
47178,True
47179,True
47180,True
47181,True
47182,True
47183,True
47184,True
47185,True
47186,True
47187,True
47188,True
47189,True
47190,True
47191,True
47192,True
47193,True
47194,True
47195,True
47196,True
47197,True
47198,True
47199,True
47200,True
47201,True
47202,True
47203,True
47204,True
47205,True
47206,True
47207,True
47208,True
47209,True
47210,True
47211,True
47212,True
47213,True
47214,True
47215,True
47216,True
47217,True
47218,True
47219,True
47220,True
47221,True
47222,True
47223,True
47224,True
47225,True
47226,True
47227,True
47228,True
47229,True
47230,True
47231,True
47232,True
47233,True
47234,True
47235,True
47236,True
47237,True
47238,True
47239,True
47240,True
47241,True
47242,True
47243,True
47244,True
47245,True
47246,True
47247,True
47248,True
47249,True
47250,True
47251,True
47252,True
47253,True
47254,True
47255,True
47256,True
47257,True
47258,True
47259,True
47260,True
47261,True
47262,True
47263,True
47264,True
47265,True
47266,True
47267,True
47268,True
47269,True
47270,True
47271,True
47272,True
47273,True
47274,True
47275,True
47276,True
47277,True
47278,True
47279,True
47280,True
47281,True
47282,True
47283,True
47284,True
47285,True
47286,True
47287,True
47288,True
47289,True
47290,True
47291,True
47292,True
47293,True
47294,True
47295,True
47296,True
47297,True
47298,True
47299,True
47300,True
47301,True
47302,True
47303,True
47304,True
47305,True
47306,True
47307,True
47308,True
47309,True
47310,True
47311,True
47312,True
47313,True
47314,True
47315,True
47316,True
47317,True
47318,True
47319,True
47320,True
47321,True
47322,True
47323,True
47324,True
47325,True
47326,True
47327,True
47328,True
47329,True
47330,True
47331,True
47332,True
47333,True
47334,True
47335,True
47336,True
47337,True
47338,True
47339,True
47340,True
47341,True
47342,True
47343,True
47344,True
47345,True
47346,True
47347,True
47348,True
47349,True
47350,True
47351,True
47352,True
47353,True
47354,True
47355,True
47356,True
47357,True
47358,True
47359,True
47360,True
47361,True
47362,True
47363,True
47364,True
47365,True
47366,True
47367,True
47368,True
47369,True
47370,True
47371,True
47372,True
47373,True
47374,True
47375,True
47376,True
47377,True
47378,True
47379,True
47380,True
47381,True
47382,True
47383,True
47384,True
47385,True
47386,True
47387,True
47388,True
47389,True
47390,True
47391,True
47392,True
47393,True
47394,True
47395,True
47396,True
47397,True
47398,True
47399,True
47400,True
47401,True
47402,True
47403,True
47404,True
47405,True
47406,True
47407,True
47408,True
47409,True
47410,True
47411,True
47412,True
47413,True
47414,True
47415,True
47416,True
47417,True
47418,True
47419,True
47420,True
47421,True
47422,True
47423,True
47424,True
47425,True
47426,True
47427,True
47428,True
47429,True
47430,True
47431,True
47432,True
47433,True
47434,True
47435,True
47436,True
47437,True
47438,True
47439,True
47440,True
47441,True
47442,True
47443,True
47444,True
47445,True
47446,True
47447,True
47448,True
47449,True
47450,True
47451,True
47452,True
47453,True
47454,True
47455,True
47456,True
47457,True
47458,True
47459,True
47460,True
47461,True
47462,True
47463,True
47464,True
47465,True
47466,True
47467,True
47468,True
47469,True
47470,True
47471,True
47472,True
47473,True
47474,True
47475,True
47476,True
47477,True
47478,True
47479,True
47480,True
47481,True
47482,True
47483,True
47484,True
47485,True
47486,True
47487,True
47488,True
47489,True
47490,True
47491,True
47492,True
47493,True
47494,True
47495,True
47496,True
47497,True
47498,True
47499,True
47500,True
47501,True
47502,True
47503,True
47504,True
47505,True
47506,True
47507,True
47508,True
47509,True
47510,True
47511,True
47512,True
47513,True
47514,True
47515,True
47516,True
47517,True
47518,True
47519,True
47520,True
47521,True
47522,True
47523,True
47524,True
47525,True
47526,True
47527,True
47528,True
47529,True
47530,True
47531,True
47532,True
47533,True
47534,True
47535,True
47536,True
47537,True
47538,True
47539,True
47540,True
47541,True
47542,True
47543,True
47544,True
47545,True
47546,True
47547,True
47548,True
47549,True
47550,True
47551,True
47552,True
47553,True
47554,True
47555,True
47556,True
47557,True
47558,True
47559,True
47560,True
47561,True
47562,True
47563,True
47564,True
47565,True
47566,True
47567,True
47568,True
47569,True
47570,True
47571,True
47572,True
47573,True
47574,True
47575,True
47576,True
47577,True
47578,True
47579,True
47580,True
47581,True
47582,True
47583,True
47584,True
47585,True
47586,True
47587,True
47588,True
47589,True
47590,True
47591,True
47592,True
47593,True
47594,True
47595,True
47596,True
47597,True
47598,True
47599,True
47600,True
47601,True
47602,True
47603,True
47604,True
47605,True
47606,True
47607,True
47608,True
47609,True
47610,True
47611,True
47612,True
47613,True
47614,True
47615,True
47616,True
47617,True
47618,True
47619,True
47620,True
47621,True
47622,True
47623,True
47624,True
47625,True
47626,True
47627,True
47628,True
47629,True
47630,True
47631,True
47632,True
47633,True
47634,True
47635,True
47636,True
47637,True
47638,True
47639,True
47640,True
47641,True
47642,True
47643,True
47644,True
47645,True
47646,True
47647,True
47648,True
47649,True
47650,True
47651,True
47652,True
47653,True
47654,True
47655,True
47656,True
47657,True
47658,True
47659,True
47660,True
47661,True
47662,True
47663,True
47664,True
47665,True
47666,True
47667,True
47668,True
47669,True
47670,True
47671,True
47672,True
47673,True
47674,True
47675,True
47676,True
47677,True
47678,True
47679,True
47680,True
47681,True
47682,True
47683,True
47684,True
47685,True
47686,True
47687,True
47688,True
47689,True
47690,True
47691,True
47692,True
47693,True
47694,True
47695,True
47696,True
47697,True
47698,True
47699,True
47700,True
47701,True
47702,True
47703,True
47704,True
47705,True
47706,True
47707,True
47708,True
47709,True
47710,True
47711,True
47712,True
47713,True
47714,True
47715,True
47716,True
47717,True
47718,True
47719,True
47720,True
47721,True
47722,True
47723,True
47724,True
47725,True
47726,True
47727,True
47728,True
47729,True
47730,True
47731,True
47732,True
47733,True
47734,True
47735,True
47736,True
47737,True
47738,True
47739,True
47740,True
47741,True
47742,True
47743,True
47744,True
47745,True
47746,True
47747,True
47748,True
47749,True
47750,True
47751,True
47752,True
47753,True
47754,True
47755,True
47756,True
47757,True
47758,True
47759,True
47760,True
47761,True
47762,True
47763,True
47764,True
47765,True
47766,True
47767,True
47768,True
47769,True
47770,True
47771,True
47772,True
47773,True
47774,True
47775,True
47776,True
47777,True
47778,True
47779,True
47780,True
47781,True
47782,True
47783,True
47784,True
47785,True
47786,True
47787,True
47788,True
47789,True
47790,True
47791,True
47792,True
47793,True
47794,True
47795,True
47796,True
47797,True
47798,True
47799,True
47800,True
47801,True
47802,True
47803,True
47804,True
47805,True
47806,True
47807,True
47808,True
47809,True
47810,True
47811,True
47812,True
47813,True
47814,True
47815,True
47816,True
47817,True
47818,True
47819,True
47820,True
47821,True
47822,True
47823,True
47824,True
47825,True
47826,True
47827,True
47828,True
47829,True
47830,True
47831,True
47832,True
47833,True
47834,True
47835,True
47836,True
47837,True
47838,True
47839,True
47840,True
47841,True
47842,True
47843,True
47844,True
47845,True
47846,True
47847,True
47848,True
47849,True
47850,True
47851,True
47852,True
47853,True
47854,True
47855,True
47856,True
47857,True
47858,True
47859,True
47860,True
47861,True
47862,True
47863,True
47864,True
47865,True
47866,True
47867,True
47868,True
47869,True
47870,True
47871,True
47872,True
47873,True
47874,True
47875,True
47876,True
47877,True
47878,True
47879,True
47880,True
47881,True
47882,True
47883,True
47884,True
47885,True
47886,True
47887,True
47888,True
47889,True
47890,True
47891,True
47892,True
47893,True
47894,True
47895,True
47896,True
47897,True
47898,True
47899,True
47900,True
47901,True
47902,True
47903,True
47904,True
47905,True
47906,True
47907,True
47908,True
47909,True
47910,True
47911,True
47912,True
47913,True
47914,True
47915,True
47916,True
47917,True
47918,True
47919,True
47920,True
47921,True
47922,True
47923,True
47924,True
47925,True
47926,True
47927,True
47928,True
47929,True
47930,True
47931,True
47932,True
47933,True
47934,True
47935,True
47936,True
47937,True
47938,True
47939,True
47940,True
47941,True
47942,True
47943,True
47944,True
47945,True
47946,True
47947,True
47948,True
47949,True
47950,True
47951,True
47952,True
47953,True
47954,True
47955,True
47956,True
47957,True
47958,True
47959,True
47960,True
47961,True
47962,True
47963,True
47964,True
47965,True
47966,True
47967,True
47968,True
47969,True
47970,True
47971,True
47972,True
47973,True
47974,True
47975,True
47976,True
47977,True
47978,True
47979,True
47980,True
47981,True
47982,True
47983,True
47984,True
47985,True
47986,True
47987,True
47988,True
47989,True
47990,True
47991,True
47992,True
47993,True
47994,True
47995,True
47996,True
47997,True
47998,True
47999,True
48000,True
48001,True
48002,True
48003,True
48004,True
48005,True
48006,True
48007,True
48008,True
48009,True
48010,True
48011,True
48012,True
48013,True
48014,True
48015,True
48016,True
48017,True
48018,True
48019,True
48020,True
48021,True
48022,True
48023,True
48024,True
48025,True
48026,True
48027,True
48028,True
48029,True
48030,True
48031,True
48032,True
48033,True
48034,True
48035,True
48036,True
48037,True
48038,True
48039,True
48040,True
48041,True
48042,True
48043,True
48044,True
48045,True
48046,True
48047,True
48048,True
48049,True
48050,True
48051,True
48052,True
48053,True
48054,True
48055,True
48056,True
48057,True
48058,True
48059,True
48060,True
48061,True
48062,True
48063,True
48064,True
48065,True
48066,True
48067,True
48068,True
48069,True
48070,True
48071,True
48072,True
48073,True
48074,True
48075,True
48076,True
48077,True
48078,True
48079,True
48080,True
48081,True
48082,True
48083,True
48084,True
48085,True
48086,True
48087,True
48088,True
48089,True
48090,True
48091,True
48092,True
48093,True
48094,True
48095,True
48096,True
48097,True
48098,True
48099,True
48100,True
48101,True
48102,True
48103,True
48104,True
48105,True
48106,True
48107,True
48108,True
48109,True
48110,True
48111,True
48112,True
48113,True
48114,True
48115,True
48116,True
48117,True
48118,True
48119,True
48120,True
48121,True
48122,True
48123,True
48124,True
48125,True
48126,True
48127,True
48128,True
48129,True
48130,True
48131,True
48132,True
48133,True
48134,True
48135,True
48136,True
48137,True
48138,True
48139,True
48140,True
48141,True
48142,True
48143,True
48144,True
48145,True
48146,True
48147,True
48148,True
48149,True
48150,True
48151,True
48152,True
48153,True
48154,True
48155,True
48156,True
48157,True
48158,True
48159,True
48160,True
48161,True
48162,True
48163,True
48164,True
48165,True
48166,True
48167,True
48168,True
48169,True
48170,True
48171,True
48172,True
48173,True
48174,True
48175,True
48176,True
48177,True
48178,True
48179,True
48180,True
48181,True
48182,True
48183,True
48184,True
48185,True
48186,True
48187,True
48188,True
48189,True
48190,True
48191,True
48192,True
48193,True
48194,True
48195,True
48196,True
48197,True
48198,True
48199,True
48200,True
48201,True
48202,True
48203,True
48204,True
48205,True
48206,True
48207,True
48208,True
48209,True
48210,True
48211,True
48212,True
48213,True
48214,True
48215,True
48216,True
48217,True
48218,True
48219,True
48220,True
48221,True
48222,True
48223,True
48224,True
48225,True
48226,True
48227,True
48228,True
48229,True
48230,True
48231,True
48232,True
48233,True
48234,True
48235,True
48236,True
48237,True
48238,True
48239,True
48240,True
48241,True
48242,True
48243,True
48244,True
48245,True
48246,True
48247,True
48248,True
48249,True
48250,True
48251,True
48252,True
48253,True
48254,True
48255,True
48256,True
48257,True
48258,True
48259,True
48260,True
48261,True
48262,True
48263,True
48264,True
48265,True
48266,True
48267,True
48268,True
48269,True
48270,True
48271,True
48272,True
48273,True
48274,True
48275,True
48276,True
48277,True
48278,True
48279,True
48280,True
48281,True
48282,True
48283,True
48284,True
48285,True
48286,True
48287,True
48288,True
48289,True
48290,True
48291,True
48292,True
48293,True
48294,True
48295,True
48296,True
48297,True
48298,True
48299,True
48300,True
48301,True
48302,True
48303,True
48304,True
48305,True
48306,True
48307,True
48308,True
48309,True
48310,True
48311,True
48312,True
48313,True
48314,True
48315,True
48316,True
48317,True
48318,True
48319,True
48320,True
48321,True
48322,True
48323,True
48324,True
48325,True
48326,True
48327,True
48328,True
48329,True
48330,True
48331,True
48332,True
48333,True
48334,True
48335,True
48336,True
48337,True
48338,True
48339,True
48340,True
48341,True
48342,True
48343,True
48344,True
48345,True
48346,True
48347,True
48348,True
48349,True
48350,True
48351,True
48352,True
48353,True
48354,True
48355,True
48356,True
48357,True
48358,True
48359,True
48360,True
48361,True
48362,True
48363,True
48364,True
48365,True
48366,True
48367,True
48368,True
48369,True
48370,True
48371,True
48372,True
48373,True
48374,True
48375,True
48376,True
48377,True
48378,True
48379,True
48380,True
48381,True
48382,True
48383,True
48384,True
48385,True
48386,True
48387,True
48388,True
48389,True
48390,True
48391,True
48392,True
48393,True
48394,True
48395,True
48396,True
48397,True
48398,True
48399,True
48400,True
48401,True
48402,True
48403,True
48404,True
48405,True
48406,True
48407,True
48408,True
48409,True
48410,True
48411,True
48412,True
48413,True
48414,True
48415,True
48416,True
48417,True
48418,True
48419,True
48420,True
48421,True
48422,True
48423,True
48424,True
48425,True
48426,True
48427,True
48428,True
48429,True
48430,True
48431,True
48432,True
48433,True
48434,True
48435,True
48436,True
48437,True
48438,True
48439,True
48440,True
48441,True
48442,True
48443,True
48444,True
48445,True
48446,True
48447,True
48448,True
48449,True
48450,True
48451,True
48452,True
48453,True
48454,True
48455,True
48456,True
48457,True
48458,True
48459,True
48460,True
48461,True
48462,True
48463,True
48464,True
48465,True
48466,True
48467,True
48468,True
48469,True
48470,True
48471,True
48472,True
48473,True
48474,True
48475,True
48476,True
48477,True
48478,True
48479,True
48480,True
48481,True
48482,True
48483,True
48484,True
48485,True
48486,True
48487,True
48488,True
48489,True
48490,True
48491,True
48492,True
48493,True
48494,True
48495,True
48496,True
48497,True
48498,True
48499,True
48500,True
48501,True
48502,True
48503,True
48504,True
48505,True
48506,True
48507,True
48508,True
48509,True
48510,True
48511,True
48512,True
48513,True
48514,True
48515,True
48516,True
48517,True
48518,True
48519,True
48520,True
48521,True
48522,True
48523,True
48524,True
48525,True
48526,True
48527,True
48528,True
48529,True
48530,True
48531,True
48532,True
48533,True
48534,True
48535,True
48536,True
48537,True
48538,True
48539,True
48540,True
48541,True
48542,True
48543,True
48544,True
48545,True
48546,True
48547,True
48548,True
48549,True
48550,True
48551,True
48552,True
48553,True
48554,True
48555,True
48556,True
48557,True
48558,True
48559,True
48560,True
48561,True
48562,True
48563,True
48564,True
48565,True
48566,True
48567,True
48568,True
48569,True
48570,True
48571,True
48572,True
48573,True
48574,True
48575,True
48576,True
48577,True
48578,True
48579,True
48580,True
48581,True
48582,True
48583,True
48584,True
48585,True
48586,True
48587,True
48588,True
48589,True
48590,True
48591,True
48592,True
48593,True
48594,True
48595,True
48596,True
48597,True
48598,True
48599,True
48600,True
48601,True
48602,True
48603,True
48604,True
48605,True
48606,True
48607,True
48608,True
48609,True
48610,True
48611,True
48612,True
48613,True
48614,True
48615,True
48616,True
48617,True
48618,True
48619,True
48620,True
48621,True
48622,True
48623,True
48624,True
48625,True
48626,True
48627,True
48628,True
48629,True
48630,True
48631,True
48632,True
48633,True
48634,True
48635,True
48636,True
48637,True
48638,True
48639,True
48640,True
48641,True
48642,True
48643,True
48644,True
48645,True
48646,True
48647,True
48648,True
48649,True
48650,True
48651,True
48652,True
48653,True
48654,True
48655,True
48656,True
48657,True
48658,True
48659,True
48660,True
48661,True
48662,True
48663,True
48664,True
48665,True
48666,True
48667,True
48668,True
48669,True
48670,True
48671,True
48672,True
48673,True
48674,True
48675,True
48676,True
48677,True
48678,True
48679,True
48680,True
48681,True
48682,True
48683,True
48684,True
48685,True
48686,True
48687,True
48688,True
48689,True
48690,True
48691,True
48692,True
48693,True
48694,True
48695,True
48696,True
48697,True
48698,True
48699,True
48700,True
48701,True
48702,True
48703,True
48704,True
48705,True
48706,True
48707,True
48708,True
48709,True
48710,True
48711,True
48712,True
48713,True
48714,True
48715,True
48716,True
48717,True
48718,True
48719,True
48720,True
48721,True
48722,True
48723,True
48724,True
48725,True
48726,True
48727,True
48728,True
48729,True
48730,True
48731,True
48732,True
48733,True
48734,True
48735,True
48736,True
48737,True
48738,True
48739,True
48740,True
48741,True
48742,True
48743,True
48744,True
48745,True
48746,True
48747,True
48748,True
48749,True
48750,True
48751,True
48752,True
48753,True
48754,True
48755,True
48756,True
48757,True
48758,True
48759,True
48760,True
48761,True
48762,True
48763,True
48764,True
48765,True
48766,True
48767,True
48768,True
48769,True
48770,True
48771,True
48772,True
48773,True
48774,True
48775,True
48776,True
48777,True
48778,True
48779,True
48780,True
48781,True
48782,True
48783,True
48784,True
48785,True
48786,True
48787,True
48788,True
48789,True
48790,True
48791,True
48792,True
48793,True
48794,True
48795,True
48796,True
48797,True
48798,True
48799,True
48800,True
48801,True
48802,True
48803,True
48804,True
48805,True
48806,True
48807,True
48808,True
48809,True
48810,True
48811,True
48812,True
48813,True
48814,True
48815,True
48816,True
48817,True
48818,True
48819,True
48820,True
48821,True
48822,True
48823,True
48824,True
48825,True
48826,True
48827,True
48828,True
48829,True
48830,True
48831,True
48832,True
48833,True
48834,True
48835,True
48836,True
48837,True
48838,True
48839,True
48840,True
48841,True
48842,True
48843,True
48844,True
48845,True
48846,True
48847,True
48848,True
48849,True
48850,True
48851,True
48852,True
48853,True
48854,True
48855,True
48856,True
48857,True
48858,True
48859,True
48860,True
48861,True
48862,True
48863,True
48864,True
48865,True
48866,True
48867,True
48868,True
48869,True
48870,True
48871,True
48872,True
48873,True
48874,True
48875,True
48876,True
48877,True
48878,True
48879,True
48880,True
48881,True
48882,True
48883,True
48884,True
48885,True
48886,True
48887,True
48888,True
48889,True
48890,True
48891,True
48892,True
48893,True
48894,True
48895,True
48896,True
48897,True
48898,True
48899,True
48900,True
48901,True
48902,True
48903,True
48904,True
48905,True
48906,True
48907,True
48908,True
48909,True
48910,True
48911,True
48912,True
48913,True
48914,True
48915,True
48916,True
48917,True
48918,True
48919,True
48920,True
48921,True
48922,True
48923,True
48924,True
48925,True
48926,True
48927,True
48928,True
48929,True
48930,True
48931,True
48932,True
48933,True
48934,True
48935,True
48936,True
48937,True
48938,True
48939,True
48940,True
48941,True
48942,True
48943,True
48944,True
48945,True
48946,True
48947,True
48948,True
48949,True
48950,True
48951,True
48952,True
48953,True
48954,True
48955,True
48956,True
48957,True
48958,True
48959,True
48960,True
48961,True
48962,True
48963,True
48964,True
48965,True
48966,True
48967,True
48968,True
48969,True
48970,True
48971,True
48972,True
48973,True
48974,True
48975,True
48976,True
48977,True
48978,True
48979,True
48980,True
48981,True
48982,True
48983,True
48984,True
48985,True
48986,True
48987,True
48988,True
48989,True
48990,True
48991,True
48992,True
48993,True
48994,True
48995,True
48996,True
48997,True
48998,True
48999,True
49000,True
49001,True
49002,True
49003,True
49004,True
49005,True
49006,True
49007,True
49008,True
49009,True
49010,True
49011,True
49012,True
49013,True
49014,True
49015,True
49016,True
49017,True
49018,True
49019,True
49020,True
49021,True
49022,True
49023,True
49024,True
49025,True
49026,True
49027,True
49028,True
49029,True
49030,True
49031,True
49032,True
49033,True
49034,True
49035,True
49036,True
49037,True
49038,True
49039,True
49040,True
49041,True
49042,True
49043,True
49044,True
49045,True
49046,True
49047,True
49048,True
49049,True
49050,True
49051,True
49052,True
49053,True
49054,True
49055,True
49056,True
49057,True
49058,True
49059,True
49060,True
49061,True
49062,True
49063,True
49064,True
49065,True
49066,True
49067,True
49068,True
49069,True
49070,True
49071,True
49072,True
49073,True
49074,True
49075,True
49076,True
49077,True
49078,True
49079,True
49080,True
49081,True
49082,True
49083,True
49084,True
49085,True
49086,True
49087,True
49088,True
49089,True
49090,True
49091,True
49092,True
49093,True
49094,True
49095,True
49096,True
49097,True
49098,True
49099,True
49100,True
49101,True
49102,True
49103,True
49104,True
49105,True
49106,True
49107,True
49108,True
49109,True
49110,True
49111,True
49112,True
49113,True
49114,True
49115,True
49116,True
49117,True
49118,True
49119,True
49120,True
49121,True
49122,True
49123,True
49124,True
49125,True
49126,True
49127,True
49128,True
49129,True
49130,True
49131,True
49132,True
49133,True
49134,True
49135,True
49136,True
49137,True
49138,True
49139,True
49140,True
49141,True
49142,True
49143,True
49144,True
49145,True
49146,True
49147,True
49148,True
49149,True
49150,True
49151,True
49152,True
49153,True
49154,True
49155,True
49156,True
49157,True
49158,True
49159,True
49160,True
49161,True
49162,True
49163,True
49164,True
49165,True
49166,True
49167,True
49168,True
49169,True
49170,True
49171,True
49172,True
49173,True
49174,True
49175,True
49176,True
49177,True
49178,True
49179,True
49180,True
49181,True
49182,True
49183,True
49184,True
49185,True
49186,True
49187,True
49188,True
49189,True
49190,True
49191,True
49192,True
49193,True
49194,True
49195,True
49196,True
49197,True
49198,True
49199,True
49200,True
49201,True
49202,True
49203,True
49204,True
49205,True
49206,True
49207,True
49208,True
49209,True
49210,True
49211,True
49212,True
49213,True
49214,True
49215,True
49216,True
49217,True
49218,True
49219,True
49220,True
49221,True
49222,True
49223,True
49224,True
49225,True
49226,True
49227,True
49228,True
49229,True
49230,True
49231,True
49232,True
49233,True
49234,True
49235,True
49236,True
49237,True
49238,True
49239,True
49240,True
49241,True
49242,True
49243,True
49244,True
49245,True
49246,True
49247,True
49248,True
49249,True
49250,True
49251,True
49252,True
49253,True
49254,True
49255,True
49256,True
49257,True
49258,True
49259,True
49260,True
49261,True
49262,True
49263,True
49264,True
49265,True
49266,True
49267,True
49268,True
49269,True
49270,True
49271,True
49272,True
49273,True
49274,True
49275,True
49276,True
49277,True
49278,True
49279,True
49280,True
49281,True
49282,True
49283,True
49284,True
49285,True
49286,True
49287,True
49288,True
49289,True
49290,True
49291,True
49292,True
49293,True
49294,True
49295,True
49296,True
49297,True
49298,True
49299,True
49300,True
49301,True
49302,True
49303,True
49304,True
49305,True
49306,True
49307,True
49308,True
49309,True
49310,True
49311,True
49312,True
49313,True
49314,True
49315,True
49316,True
49317,True
49318,True
49319,True
49320,True
49321,True
49322,True
49323,True
49324,True
49325,True
49326,True
49327,True
49328,True
49329,True
49330,True
49331,True
49332,True
49333,True
49334,True
49335,True
49336,True
49337,True
49338,True
49339,True
49340,True
49341,True
49342,True
49343,True
49344,True
49345,True
49346,True
49347,True
49348,True
49349,True
49350,True
49351,True
49352,True
49353,True
49354,True
49355,True
49356,True
49357,True
49358,True
49359,True
49360,True
49361,True
49362,True
49363,True
49364,True
49365,True
49366,True
49367,True
49368,True
49369,True
49370,True
49371,True
49372,True
49373,True
49374,True
49375,True
49376,True
49377,True
49378,True
49379,True
49380,True
49381,True
49382,True
49383,True
49384,True
49385,True
49386,True
49387,True
49388,True
49389,True
49390,True
49391,True
49392,True
49393,True
49394,True
49395,True
49396,True
49397,True
49398,True
49399,True
49400,True
49401,True
49402,True
49403,True
49404,True
49405,True
49406,True
49407,True
49408,True
49409,True
49410,True
49411,True
49412,True
49413,True
49414,True
49415,True
49416,True
49417,True
49418,True
49419,True
49420,True
49421,True
49422,True
49423,True
49424,True
49425,True
49426,True
49427,True
49428,True
49429,True
49430,True
49431,True
49432,True
49433,True
49434,True
49435,True
49436,True
49437,True
49438,True
49439,True
49440,True
49441,True
49442,True
49443,True
49444,True
49445,True
49446,True
49447,True
49448,True
49449,True
49450,True
49451,True
49452,True
49453,True
49454,True
49455,True
49456,True
49457,True
49458,True
49459,True
49460,True
49461,True
49462,True
49463,True
49464,True
49465,True
49466,True
49467,True
49468,True
49469,True
49470,True
49471,True
49472,True
49473,True
49474,True
49475,True
49476,True
49477,True
49478,True
49479,True
49480,True
49481,True
49482,True
49483,True
49484,True
49485,True
49486,True
49487,True
49488,True
49489,True
49490,True
49491,True
49492,True
49493,True
49494,True
49495,True
49496,True
49497,True
49498,True
49499,True
49500,True
49501,True
49502,True
49503,True
49504,True
49505,True
49506,True
49507,True
49508,True
49509,True
49510,True
49511,True
49512,True
49513,True
49514,True
49515,True
49516,True
49517,True
49518,True
49519,True
49520,True
49521,True
49522,True
49523,True
49524,True
49525,True
49526,True
49527,True
49528,True
49529,True
49530,True
49531,True
49532,True
49533,True
49534,True
49535,True
49536,True
49537,True
49538,True
49539,True
49540,True
49541,True
49542,True
49543,True
49544,True
49545,True
49546,True
49547,True
49548,True
49549,True
49550,True
49551,True
49552,True
49553,True
49554,True
49555,True
49556,True
49557,True
49558,True
49559,True
49560,True
49561,True
49562,True
49563,True
49564,True
49565,True
49566,True
49567,True
49568,True
49569,True
49570,True
49571,True
49572,True
49573,True
49574,True
49575,True
49576,True
49577,True
49578,True
49579,True
49580,True
49581,True
49582,True
49583,True
49584,True
49585,True
49586,True
49587,True
49588,True
49589,True
49590,True
49591,True
49592,True
49593,True
49594,True
49595,True
49596,True
49597,True
49598,True
49599,True
49600,True
49601,True
49602,True
49603,True
49604,True
49605,True
49606,True
49607,True
49608,True
49609,True
49610,True
49611,True
49612,True
49613,True
49614,True
49615,True
49616,True
49617,True
49618,True
49619,True
49620,True
49621,True
49622,True
49623,True
49624,True
49625,True
49626,True
49627,True
49628,True
49629,True
49630,True
49631,True
49632,True
49633,True
49634,True
49635,True
49636,True
49637,True
49638,True
49639,True
49640,True
49641,True
49642,True
49643,True
49644,True
49645,True
49646,True
49647,True
49648,True
49649,True
49650,True
49651,True
49652,True
49653,True
49654,True
49655,True
49656,True
49657,True
49658,True
49659,True
49660,True
49661,True
49662,True
49663,True
49664,True
49665,True
49666,True
49667,True
49668,True
49669,True
49670,True
49671,True
49672,True
49673,True
49674,True
49675,True
49676,True
49677,True
49678,True
49679,True
49680,True
49681,True
49682,True
49683,True
49684,True
49685,True
49686,True
49687,True
49688,True
49689,True
49690,True
49691,True
49692,True
49693,True
49694,True
49695,True
49696,True
49697,True
49698,True
49699,True
49700,True
49701,True
49702,True
49703,True
49704,True
49705,True
49706,True
49707,True
49708,True
49709,True
49710,True
49711,True
49712,True
49713,True
49714,True
49715,True
49716,True
49717,True
49718,True
49719,True
49720,True
49721,True
49722,True
49723,True
49724,True
49725,True
49726,True
49727,True
49728,True
49729,True
49730,True
49731,True
49732,True
49733,True
49734,True
49735,True
49736,True
49737,True
49738,True
49739,True
49740,True
49741,True
49742,True
49743,True
49744,True
49745,True
49746,True
49747,True
49748,True
49749,True
49750,True
49751,True
49752,True
49753,True
49754,True
49755,True
49756,True
49757,True
49758,True
49759,True
49760,True
49761,True
49762,True
49763,True
49764,True
49765,True
49766,True
49767,True
49768,True
49769,True
49770,True
49771,True
49772,True
49773,True
49774,True
49775,True
49776,True
49777,True
49778,True
49779,True
49780,True
49781,True
49782,True
49783,True
49784,True
49785,True
49786,True
49787,True
49788,True
49789,True
49790,True
49791,True
49792,True
49793,True
49794,True
49795,True
49796,True
49797,True
49798,True
49799,True
49800,True
49801,True
49802,True
49803,True
49804,True
49805,True
49806,True
49807,True
49808,True
49809,True
49810,True
49811,True
49812,True
49813,True
49814,True
49815,True
49816,True
49817,True
49818,True
49819,True
49820,True
49821,True
49822,True
49823,True
49824,True
49825,True
49826,True
49827,True
49828,True
49829,True
49830,True
49831,True
49832,True
49833,True
49834,True
49835,True
49836,True
49837,True
49838,True
49839,True
49840,True
49841,True
49842,True
49843,True
49844,True
49845,True
49846,True
49847,True
49848,True
49849,True
49850,True
49851,True
49852,True
49853,True
49854,True
49855,True
49856,True
49857,True
49858,True
49859,True
49860,True
49861,True
49862,True
49863,True
49864,True
49865,True
49866,True
49867,True
49868,True
49869,True
49870,True
49871,True
49872,True
49873,True
49874,True
49875,True
49876,True
49877,True
49878,True
49879,True
49880,True
49881,True
49882,True
49883,True
49884,True
49885,True
49886,True
49887,True
49888,True
49889,True
49890,True
49891,True
49892,True
49893,True
49894,True
49895,True
49896,True
49897,True
49898,True
49899,True
49900,True
49901,True
49902,True
49903,True
49904,True
49905,True
49906,True
49907,True
49908,True
49909,True
49910,True
49911,True
49912,True
49913,True
49914,True
49915,True
49916,True
49917,True
49918,True
49919,True
49920,True
49921,True
49922,True
49923,True
49924,True
49925,True
49926,True
49927,True
49928,True
49929,True
49930,True
49931,True
49932,True
49933,True
49934,True
49935,True
49936,True
49937,True
49938,True
49939,True
49940,True
49941,True
49942,True
49943,True
49944,True
49945,True
49946,True
49947,True
49948,True
49949,True
49950,True
49951,True
49952,True
49953,True
49954,True
49955,True
49956,True
49957,True
49958,True
49959,True
49960,True
49961,True
49962,True
49963,True
49964,True
49965,True
49966,True
49967,True
49968,True
49969,True
49970,True
49971,True
49972,True
49973,True
49974,True
49975,True
49976,True
49977,True
49978,True
49979,True
49980,True
49981,True
49982,True
49983,True
49984,True
49985,True
49986,True
49987,True
49988,True
49989,True
49990,True
49991,True
49992,True
49993,True
49994,True
49995,True
49996,True
49997,True
49998,True
49999,True
50000,True
50001,True
50002,True
50003,True
50004,True
50005,True
50006,True
50007,True
50008,True
50009,True
50010,True
50011,True
50012,True
50013,True
50014,True
50015,True
50016,True
50017,True
50018,True
50019,True
50020,True
50021,True
50022,True
50023,True
50024,True
50025,True
50026,True
50027,True
50028,True
50029,True
50030,True
50031,True
50032,True
50033,True
50034,True
50035,True
50036,True
50037,True
50038,True
50039,True
50040,True
50041,True
50042,True
50043,True
50044,True
50045,True
50046,True
50047,True
50048,True
50049,True
50050,True
50051,True
50052,True
50053,True
50054,True
50055,True
50056,True
50057,True
50058,True
50059,True
50060,True
50061,True
50062,True
50063,True
50064,True
50065,True
50066,True
50067,True
50068,True
50069,True
50070,True
50071,True
50072,True
50073,True
50074,True
50075,True
50076,True
50077,True
50078,True
50079,True
50080,True
50081,True
50082,True
50083,True
50084,True
50085,True
50086,True
50087,True
50088,True
50089,True
50090,True
50091,True
50092,True
50093,True
50094,True
50095,True
50096,True
50097,True
50098,True
50099,True
50100,True
50101,True
50102,True
50103,True
50104,True
50105,True
50106,True
50107,True
50108,True
50109,True
50110,True
50111,True
50112,True
50113,True
50114,True
50115,True
50116,True
50117,True
50118,True
50119,True
50120,True
50121,True
50122,True
50123,True
50124,True
50125,True
50126,True
50127,True
50128,True
50129,True
50130,True
50131,True
50132,True
50133,True
50134,True
50135,True
50136,True
50137,True
50138,True
50139,True
50140,True
50141,True
50142,True
50143,True
50144,True
50145,True
50146,True
50147,True
50148,True
50149,True
50150,True
50151,True
50152,True
50153,True
50154,True
50155,True
50156,True
50157,True
50158,True
50159,True
50160,True
50161,True
50162,True
50163,True
50164,True
50165,True
50166,True
50167,True
50168,True
50169,True
50170,True
50171,True
50172,True
50173,True
50174,True
50175,True
50176,True
50177,True
50178,True
50179,True
50180,True
50181,True
50182,True
50183,True
50184,True
50185,True
50186,True
50187,True
50188,True
50189,True
50190,True
50191,True
50192,True
50193,True
50194,True
50195,True
50196,True
50197,True
50198,True
50199,True
50200,True
50201,True
50202,True
50203,True
50204,True
50205,True
50206,True
50207,True
50208,True
50209,True
50210,True
50211,True
50212,True
50213,True
50214,True
50215,True
50216,True
50217,True
50218,True
50219,True
50220,True
50221,True
50222,True
50223,True
50224,True
50225,True
50226,True
50227,True
50228,True
50229,True
50230,True
50231,True
50232,True
50233,True
50234,True
50235,True
50236,True
50237,True
50238,True
50239,True
50240,True
50241,True
50242,True
50243,True
50244,True
50245,True
50246,True
50247,True
50248,True
50249,True
50250,True
50251,True
50252,True
50253,True
50254,True
50255,True
50256,True
50257,True
50258,True
50259,True
50260,True
50261,True
50262,True
50263,True
50264,True
50265,True
50266,True
50267,True
50268,True
50269,True
50270,True
50271,True
50272,True
50273,True
50274,True
50275,True
50276,True
50277,True
50278,True
50279,True
50280,True
50281,True
50282,True
50283,True
50284,True
50285,True
50286,True
50287,True
50288,True
50289,True
50290,True
50291,True
50292,True
50293,True
50294,True
50295,True
50296,True
50297,True
50298,True
50299,True
50300,True
50301,True
50302,True
50303,True
50304,True
50305,True
50306,True
50307,True
50308,True
50309,True
50310,True
50311,True
50312,True
50313,True
50314,True
50315,True
50316,True
50317,True
50318,True
50319,True
50320,True
50321,True
50322,True
50323,True
50324,True
50325,True
50326,True
50327,True
50328,True
50329,True
50330,True
50331,True
50332,True
50333,True
50334,True
50335,True
50336,True
50337,True
50338,True
50339,True
50340,True
50341,True
50342,True
50343,True
50344,True
50345,True
50346,True
50347,True
50348,True
50349,True
50350,True
50351,True
50352,True
50353,True
50354,True
50355,True
50356,True
50357,True
50358,True
50359,True
50360,True
50361,True
50362,True
50363,True
50364,True
50365,True
50366,True
50367,True
50368,True
50369,True
50370,True
50371,True
50372,True
50373,True
50374,True
50375,True
50376,True
50377,True
50378,True
50379,True
50380,True
50381,True
50382,True
50383,True
50384,True
50385,True
50386,True
50387,True
50388,True
50389,True
50390,True
50391,True
50392,True
50393,True
50394,True
50395,True
50396,True
50397,True
50398,True
50399,True
50400,True
50401,True
50402,True
50403,True
50404,True
50405,True
50406,True
50407,True
50408,True
50409,True
50410,True
50411,True
50412,True
50413,True
50414,True
50415,True
50416,True
50417,True
50418,True
50419,True
50420,True
50421,True
50422,True
50423,True
50424,True
50425,True
50426,True
50427,True
50428,True
50429,True
50430,True
50431,True
50432,True
50433,True
50434,True
50435,True
50436,True
50437,True
50438,True
50439,True
50440,True
50441,True
50442,True
50443,True
50444,True
50445,True
50446,True
50447,True
50448,True
50449,True
50450,True
50451,True
50452,True
50453,True
50454,True
50455,True
50456,True
50457,True
50458,True
50459,True
50460,True
50461,True
50462,True
50463,True
50464,True
50465,True
50466,True
50467,True
50468,True
50469,True
50470,True
50471,True
50472,True
50473,True
50474,True
50475,True
50476,True
50477,True
50478,True
50479,True
50480,True
50481,True
50482,True
50483,True
50484,True
50485,True
50486,True
50487,True
50488,True
50489,True
50490,True
50491,True
50492,True
50493,True
50494,True
50495,True
50496,True
50497,True
50498,True
50499,True
50500,True
50501,True
50502,True
50503,True
50504,True
50505,True
50506,True
50507,True
50508,True
50509,True
50510,True
50511,True
50512,True
50513,True
50514,True
50515,True
50516,True
50517,True
50518,True
50519,True
50520,True
50521,True
50522,True
50523,True
50524,True
50525,True
50526,True
50527,True
50528,True
50529,True
50530,True
50531,True
50532,True
50533,True
50534,True
50535,True
50536,True
50537,True
50538,True
50539,True
50540,True
50541,True
50542,True
50543,True
50544,True
50545,True
50546,True
50547,True
50548,True
50549,True
50550,True
50551,True
50552,True
50553,True
50554,True
50555,True
50556,True
50557,True
50558,True
50559,True
50560,True
50561,True
50562,True
50563,True
50564,True
50565,True
50566,True
50567,True
50568,True
50569,True
50570,True
50571,True
50572,True
50573,True
50574,True
50575,True
50576,True
50577,True
50578,True
50579,True
50580,True
50581,True
50582,True
50583,True
50584,True
50585,True
50586,True
50587,True
50588,True
50589,True
50590,True
50591,True
50592,True
50593,True
50594,True
50595,True
50596,True
50597,True
50598,True
50599,True
50600,True
50601,True
50602,True
50603,True
50604,True
50605,True
50606,True
50607,True
50608,True
50609,True
50610,True
50611,True
50612,True
50613,True
50614,True
50615,True
50616,True
50617,True
50618,True
50619,True
50620,True
50621,True
50622,True
50623,True
50624,True
50625,True
50626,True
50627,True
50628,True
50629,True
50630,True
50631,True
50632,True
50633,True
50634,True
50635,True
50636,True
50637,True
50638,True
50639,True
50640,True
50641,True
50642,True
50643,True
50644,True
50645,True
50646,True
50647,True
50648,True
50649,True
50650,True
50651,True
50652,True
50653,True
50654,True
50655,True
50656,True
50657,True
50658,True
50659,True
50660,True
50661,True
50662,True
50663,True
50664,True
50665,True
50666,True
50667,True
50668,True
50669,True
50670,True
50671,True
50672,True
50673,True
50674,True
50675,True
50676,True
50677,True
50678,True
50679,True
50680,True
50681,True
50682,True
50683,True
50684,True
50685,True
50686,True
50687,True
50688,True
50689,True
50690,True
50691,True
50692,True
50693,True
50694,True
50695,True
50696,True
50697,True
50698,True
50699,True
50700,True
50701,True
50702,True
50703,True
50704,True
50705,True
50706,True
50707,True
50708,True
50709,True
50710,True
50711,True
50712,True
50713,True
50714,True
50715,True
50716,True
50717,True
50718,True
50719,True
50720,True
50721,True
50722,True
50723,True
50724,True
50725,True
50726,True
50727,True
50728,True
50729,True
50730,True
50731,True
50732,True
50733,True
50734,True
50735,True
50736,True
50737,True
50738,True
50739,True
50740,True
50741,True
50742,True
50743,True
50744,True
50745,True
50746,True
50747,True
50748,True
50749,True
50750,True
50751,True
50752,True
50753,True
50754,True
50755,True
50756,True
50757,True
50758,True
50759,True
50760,True
50761,True
50762,True
50763,True
50764,True
50765,True
50766,True
50767,True
50768,True
50769,True
50770,True
50771,True
50772,True
50773,True
50774,True
50775,True
50776,True
50777,True
50778,True
50779,True
50780,True
50781,True
50782,True
50783,True
50784,True
50785,True
50786,True
50787,True
50788,True
50789,True
50790,True
50791,True
50792,True
50793,True
50794,True
50795,True
50796,True
50797,True
50798,True
50799,True
50800,True
50801,True
50802,True
50803,True
50804,True
50805,True
50806,True
50807,True
50808,True
50809,True
50810,True
50811,True
50812,True
50813,True
50814,True
50815,True
50816,True
50817,True
50818,True
50819,True
50820,True
50821,True
50822,True
50823,True
50824,True
50825,True
50826,True
50827,True
50828,True
50829,True
50830,True
50831,True
50832,True
50833,True
50834,True
50835,True
50836,True
50837,True
50838,True
50839,True
50840,True
50841,True
50842,True
50843,True
50844,True
50845,True
50846,True
50847,True
50848,True
50849,True
50850,True
50851,True
50852,True
50853,True
50854,True
50855,True
50856,True
50857,True
50858,True
50859,True
50860,True
50861,True
50862,True
50863,True
50864,True
50865,True
50866,True
50867,True
50868,True
50869,True
50870,True
50871,True
50872,True
50873,True
50874,True
50875,True
50876,True
50877,True
50878,True
50879,True
50880,True
50881,True
50882,True
50883,True
50884,True
50885,True
50886,True
50887,True
50888,True
50889,True
50890,True
50891,True
50892,True
50893,True
50894,True
50895,True
50896,True
50897,True
50898,True
50899,True
50900,True
50901,True
50902,True
50903,True
50904,True
50905,True
50906,True
50907,True
50908,True
50909,True
50910,True
50911,True
50912,True
50913,True
50914,True
50915,True
50916,True
50917,True
50918,True
50919,True
50920,True
50921,True
50922,True
50923,True
50924,True
50925,True
50926,True
50927,True
50928,True
50929,True
50930,True
50931,True
50932,True
50933,True
50934,True
50935,True
50936,True
50937,True
50938,True
50939,True
50940,True
50941,True
50942,True
50943,True
50944,True
50945,True
50946,True
50947,True
50948,True
50949,True
50950,True
50951,True
50952,True
50953,True
50954,True
50955,True
50956,True
50957,True
50958,True
50959,True
50960,True
50961,True
50962,True
50963,True
50964,True
50965,True
50966,True
50967,True
50968,True
50969,True
50970,True
50971,True
50972,True
50973,True
50974,True
50975,True
50976,True
50977,True
50978,True
50979,True
50980,True
50981,True
50982,True
50983,True
50984,True
50985,True
50986,True
50987,True
50988,True
50989,True
50990,True
50991,True
50992,True
50993,True
50994,True
50995,True
50996,True
50997,True
50998,True
50999,True
51000,True
51001,True
51002,True
51003,True
51004,True
51005,True
51006,True
51007,True
51008,True
51009,True
51010,True
51011,True
51012,True
51013,True
51014,True
51015,True
51016,True
51017,True
51018,True
51019,True
51020,True
51021,True
51022,True
51023,True
51024,True
51025,True
51026,True
51027,True
51028,True
51029,True
51030,True
51031,True
51032,True
51033,True
51034,True
51035,True
51036,True
51037,True
51038,True
51039,True
51040,True
51041,True
51042,True
51043,True
51044,True
51045,True
51046,True
51047,True
51048,True
51049,True
51050,True
51051,True
51052,True
51053,True
51054,True
51055,True
51056,True
51057,True
51058,True
51059,True
51060,True
51061,True
51062,True
51063,True
51064,True
51065,True
51066,True
51067,True
51068,True
51069,True
51070,True
51071,True
51072,True
51073,True
51074,True
51075,True
51076,True
51077,True
51078,True
51079,True
51080,True
51081,True
51082,True
51083,True
51084,True
51085,True
51086,True
51087,True
51088,True
51089,True
51090,True
51091,True
51092,True
51093,True
51094,True
51095,True
51096,True
51097,True
51098,True
51099,True
51100,True
51101,True
51102,True
51103,True
51104,True
51105,True
51106,True
51107,True
51108,True
51109,True
51110,True
51111,True
51112,True
51113,True
51114,True
51115,True
51116,True
51117,True
51118,True
51119,True
51120,True
51121,True
51122,True
51123,True
51124,True
51125,True
51126,True
51127,True
51128,True
51129,True
51130,True
51131,True
51132,True
51133,True
51134,True
51135,True
51136,True
51137,True
51138,True
51139,True
51140,True
51141,True
51142,True
51143,True
51144,True
51145,True
51146,True
51147,True
51148,True
51149,True
51150,True
51151,True
51152,True
51153,True
51154,True
51155,True
51156,True
51157,True
51158,True
51159,True
51160,True
51161,True
51162,True
51163,True
51164,True
51165,True
51166,True
51167,True
51168,True
51169,True
51170,True
51171,True
51172,True
51173,True
51174,True
51175,True
51176,True
51177,True
51178,True
51179,True
51180,True
51181,True
51182,True
51183,True
51184,True
51185,True
51186,True
51187,True
51188,True
51189,True
51190,True
51191,True
51192,True
51193,True
51194,True
51195,True
51196,True
51197,True
51198,True
51199,True
51200,True
51201,True
51202,True
51203,True
51204,True
51205,True
51206,True
51207,True
51208,True
51209,True
51210,True
51211,True
51212,True
51213,True
51214,True
51215,True
51216,True
51217,True
51218,True
51219,True
51220,True
51221,True
51222,True
51223,True
51224,True
51225,True
51226,True
51227,True
51228,True
51229,True
51230,True
51231,True
51232,True
51233,True
51234,True
51235,True
51236,True
51237,True
51238,True
51239,True
51240,True
51241,True
51242,True
51243,True
51244,True
51245,True
51246,True
51247,True
51248,True
51249,True
51250,True
51251,True
51252,True
51253,True
51254,True
51255,True
51256,True
51257,True
51258,True
51259,True
51260,True
51261,True
51262,True
51263,True
51264,True
51265,True
51266,True
51267,True
51268,True
51269,True
51270,True
51271,True
51272,True
51273,True
51274,True
51275,True
51276,True
51277,True
51278,True
51279,True
51280,True
51281,True
51282,True
51283,True
51284,True
51285,True
51286,True
51287,True
51288,True
51289,True
51290,True
51291,True
51292,True
51293,True
51294,True
51295,True
51296,True
51297,True
51298,True
51299,True
51300,True
51301,True
51302,True
51303,True
51304,True
51305,True
51306,True
51307,True
51308,True
51309,True
51310,True
51311,True
51312,True
51313,True
51314,True
51315,True
51316,True
51317,True
51318,True
51319,True
51320,True
51321,True
51322,True
51323,True
51324,True
51325,True
51326,True
51327,True
51328,True
51329,True
51330,True
51331,True
51332,True
51333,True
51334,True
51335,True
51336,True
51337,True
51338,True
51339,True
51340,True
51341,True
51342,True
51343,True
51344,True
51345,True
51346,True
51347,True
51348,True
51349,True
51350,True
51351,True
51352,True
51353,True
51354,True
51355,True
51356,True
51357,True
51358,True
51359,True
51360,True
51361,True
51362,True
51363,True
51364,True
51365,True
51366,True
51367,True
51368,True
51369,True
51370,True
51371,True
51372,True
51373,True
51374,True
51375,True
51376,True
51377,True
51378,True
51379,True
51380,True
51381,True
51382,True
51383,True
51384,True
51385,True
51386,True
51387,True
51388,True
51389,True
51390,True
51391,True
51392,True
51393,True
51394,True
51395,True
51396,True
51397,True
51398,True
51399,True
51400,True
51401,True
51402,True
51403,True
51404,True
51405,True
51406,True
51407,True
51408,True
51409,True
51410,True
51411,True
51412,True
51413,True
51414,True
51415,True
51416,True
51417,True
51418,True
51419,True
51420,True
51421,True
51422,True
51423,True
51424,True
51425,True
51426,True
51427,True
51428,True
51429,True
51430,True
51431,True
51432,True
51433,True
51434,True
51435,True
51436,True
51437,True
51438,True
51439,True
51440,True
51441,True
51442,True
51443,True
51444,True
51445,True
51446,True
51447,True
51448,True
51449,True
51450,True
51451,True
51452,True
51453,True
51454,True
51455,True
51456,True
51457,True
51458,True
51459,True
51460,True
51461,True
51462,True
51463,True
51464,True
51465,True
51466,True
51467,True
51468,True
51469,True
51470,True
51471,True
51472,True
51473,True
51474,True
51475,True
51476,True
51477,True
51478,True
51479,True
51480,True
51481,True
51482,True
51483,True
51484,True
51485,True
51486,True
51487,True
51488,True
51489,True
51490,True
51491,True
51492,True
51493,True
51494,True
51495,True
51496,True
51497,True
51498,True
51499,True
51500,True
51501,True
51502,True
51503,True
51504,True
51505,True
51506,True
51507,True
51508,True
51509,True
51510,True
51511,True
51512,True
51513,True
51514,True
51515,True
51516,True
51517,True
51518,True
51519,True
51520,True
51521,True
51522,True
51523,True
51524,True
51525,True
51526,True
51527,True
51528,True
51529,True
51530,True
51531,True
51532,True
51533,True
51534,True
51535,True
51536,True
51537,True
51538,True
51539,True
51540,True
51541,True
51542,True
51543,True
51544,True
51545,True
51546,True
51547,True
51548,True
51549,True
51550,True
51551,True
51552,True
51553,True
51554,True
51555,True
51556,True
51557,True
51558,True
51559,True
51560,True
51561,True
51562,True
51563,True
51564,True
51565,True
51566,True
51567,True
51568,True
51569,True
51570,True
51571,True
51572,True
51573,True
51574,True
51575,True
51576,True
51577,True
51578,True
51579,True
51580,True
51581,True
51582,True
51583,True
51584,True
51585,True
51586,True
51587,True
51588,True
51589,True
51590,True
51591,True
51592,True
51593,True
51594,True
51595,True
51596,True
51597,True
51598,True
51599,True
51600,True
51601,True
51602,True
51603,True
51604,True
51605,True
51606,True
51607,True
51608,True
51609,True
51610,True
51611,True
51612,True
51613,True
51614,True
51615,True
51616,True
51617,True
51618,True
51619,True
51620,True
51621,True
51622,True
51623,True
51624,True
51625,True
51626,True
51627,True
51628,True
51629,True
51630,True
51631,True
51632,True
51633,True
51634,True
51635,True
51636,True
51637,True
51638,True
51639,True
51640,True
51641,True
51642,True
51643,True
51644,True
51645,True
51646,True
51647,True
51648,True
51649,True
51650,True
51651,True
51652,True
51653,True
51654,True
51655,True
51656,True
51657,True
51658,True
51659,True
51660,True
51661,True
51662,True
51663,True
51664,True
51665,True
51666,True
51667,True
51668,True
51669,True
51670,True
51671,True
51672,True
51673,True
51674,True
51675,True
51676,True
51677,True
51678,True
51679,True
51680,True
51681,True
51682,True
51683,True
51684,True
51685,True
51686,True
51687,True
51688,True
51689,True
51690,True
51691,True
51692,True
51693,True
51694,True
51695,True
51696,True
51697,True
51698,True
51699,True
51700,True
51701,True
51702,True
51703,True
51704,True
51705,True
51706,True
51707,True
51708,True
51709,True
51710,True
51711,True
51712,True
51713,True
51714,True
51715,True
51716,True
51717,True
51718,True
51719,True
51720,True
51721,True
51722,True
51723,True
51724,True
51725,True
51726,True
51727,True
51728,True
51729,True
51730,True
51731,True
51732,True
51733,True
51734,True
51735,True
51736,True
51737,True
51738,True
51739,True
51740,True
51741,True
51742,True
51743,True
51744,True
51745,True
51746,True
51747,True
51748,True
51749,True
51750,True
51751,True
51752,True
51753,True
51754,True
51755,True
51756,True
51757,True
51758,True
51759,True
51760,True
51761,True
51762,True
51763,True
51764,True
51765,True
51766,True
51767,True
51768,True
51769,True
51770,True
51771,True
51772,True
51773,True
51774,True
51775,True
51776,True
51777,True
51778,True
51779,True
51780,True
51781,True
51782,True
51783,True
51784,True
51785,True
51786,True
51787,True
51788,True
51789,True
51790,True
51791,True
51792,True
51793,True
51794,True
51795,True
51796,True
51797,True
51798,True
51799,True
51800,True
51801,True
51802,True
51803,True
51804,True
51805,True
51806,True
51807,True
51808,True
51809,True
51810,True
51811,True
51812,True
51813,True
51814,True
51815,True
51816,True
51817,True
51818,True
51819,True
51820,True
51821,True
51822,True
51823,True
51824,True
51825,True
51826,True
51827,True
51828,True
51829,True
51830,True
51831,True
51832,True
51833,True
51834,True
51835,True
51836,True
51837,True
51838,True
51839,True
51840,True
51841,True
51842,True
51843,True
51844,True
51845,True
51846,True
51847,True
51848,True
51849,True
51850,True
51851,True
51852,True
51853,True
51854,True
51855,True
51856,True
51857,True
51858,True
51859,True
51860,True
51861,True
51862,True
51863,True
51864,True
51865,True
51866,True
51867,True
51868,True
51869,True
51870,True
51871,True
51872,True
51873,True
51874,True
51875,True
51876,True
51877,True
51878,True
51879,True
51880,True
51881,True
51882,True
51883,True
51884,True
51885,True
51886,True
51887,True
51888,True
51889,True
51890,True
51891,True
51892,True
51893,True
51894,True
51895,True
51896,True
51897,True
51898,True
51899,True
51900,True
51901,True
51902,True
51903,True
51904,True
51905,True
51906,True
51907,True
51908,True
51909,True
51910,True
51911,True
51912,True
51913,True
51914,True
51915,True
51916,True
51917,True
51918,True
51919,True
51920,True
51921,True
51922,True
51923,True
51924,True
51925,True
51926,True
51927,True
51928,True
51929,True
51930,True
51931,True
51932,True
51933,True
51934,True
51935,True
51936,True
51937,True
51938,True
51939,True
51940,True
51941,True
51942,True
51943,True
51944,True
51945,True
51946,True
51947,True
51948,True
51949,True
51950,True
51951,True
51952,True
51953,True
51954,True
51955,True
51956,True
51957,True
51958,True
51959,True
51960,True
51961,True
51962,True
51963,True
51964,True
51965,True
51966,True
51967,True
51968,True
51969,True
51970,True
51971,True
51972,True
51973,True
51974,True
51975,True
51976,True
51977,True
51978,True
51979,True
51980,True
51981,True
51982,True
51983,True
51984,True
51985,True
51986,True
51987,True
51988,True
51989,True
51990,True
51991,True
51992,True
51993,True
51994,True
51995,True
51996,True
51997,True
51998,True
51999,True
52000,True
52001,True
52002,True
52003,True
52004,True
52005,True
52006,True
52007,True
52008,True
52009,True
52010,True
52011,True
52012,True
52013,True
52014,True
52015,True
52016,True
52017,True
52018,True
52019,True
52020,True
52021,True
52022,True
52023,True
52024,True
52025,True
52026,True
52027,True
52028,True
52029,True
52030,True
52031,True
52032,True
52033,True
52034,True
52035,True
52036,True
52037,True
52038,True
52039,True
52040,True
52041,True
52042,True
52043,True
52044,True
52045,True
52046,True
52047,True
52048,True
52049,True
52050,True
52051,True
52052,True
52053,True
52054,True
52055,True
52056,True
52057,True
52058,True
52059,True
52060,True
52061,True
52062,True
52063,True
52064,True
52065,True
52066,True
52067,True
52068,True
52069,True
52070,True
52071,True
52072,True
52073,True
52074,True
52075,True
52076,True
52077,True
52078,True
52079,True
52080,True
52081,True
52082,True
52083,True
52084,True
52085,True
52086,True
52087,True
52088,True
52089,True
52090,True
52091,True
52092,True
52093,True
52094,True
52095,True
52096,True
52097,True
52098,True
52099,True
52100,True
52101,True
52102,True
52103,True
52104,True
52105,True
52106,True
52107,True
52108,True
52109,True
52110,True
52111,True
52112,True
52113,True
52114,True
52115,True
52116,True
52117,True
52118,True
52119,True
52120,True
52121,True
52122,True
52123,True
52124,True
52125,True
52126,True
52127,True
52128,True
52129,True
52130,True
52131,True
52132,True
52133,True
52134,True
52135,True
52136,True
52137,True
52138,True
52139,True
52140,True
52141,True
52142,True
52143,True
52144,True
52145,True
52146,True
52147,True
52148,True
52149,True
52150,True
52151,True
52152,True
52153,True
52154,True
52155,True
52156,True
52157,True
52158,True
52159,True
52160,True
52161,True
52162,True
52163,True
52164,True
52165,True
52166,True
52167,True
52168,True
52169,True
52170,True
52171,True
52172,True
52173,True
52174,True
52175,True
52176,True
52177,True
52178,True
52179,True
52180,True
52181,True
52182,True
52183,True
52184,True
52185,True
52186,True
52187,True
52188,True
52189,True
52190,True
52191,True
52192,True
52193,True
52194,True
52195,True
52196,True
52197,True
52198,True
52199,True
52200,True
52201,True
52202,True
52203,True
52204,True
52205,True
52206,True
52207,True
52208,True
52209,True
52210,True
52211,True
52212,True
52213,True
52214,True
52215,True
52216,True
52217,True
52218,True
52219,True
52220,True
52221,True
52222,True
52223,True
52224,True
52225,True
52226,True
52227,True
52228,True
52229,True
52230,True
52231,True
52232,True
52233,True
52234,True
52235,True
52236,True
52237,True
52238,True
52239,True
52240,True
52241,True
52242,True
52243,True
52244,True
52245,True
52246,True
52247,True
52248,True
52249,True
52250,True
52251,True
52252,True
52253,True
52254,True
52255,True
52256,True
52257,True
52258,True
52259,True
52260,True
52261,True
52262,True
52263,True
52264,True
52265,True
52266,True
52267,True
52268,True
52269,True
52270,True
52271,True
52272,True
52273,True
52274,True
52275,True
52276,True
52277,True
52278,True
52279,True
52280,True
52281,True
52282,True
52283,True
52284,True
52285,True
52286,True
52287,True
52288,True
52289,True
52290,True
52291,True
52292,True
52293,True
52294,True
52295,True
52296,True
52297,True
52298,True
52299,True
52300,True
52301,True
52302,True
52303,True
52304,True
52305,True
52306,True
52307,True
52308,True
52309,True
52310,True
52311,True
52312,True
52313,True
52314,True
52315,True
52316,True
52317,True
52318,True
52319,True
52320,True
52321,True
52322,True
52323,True
52324,True
52325,True
52326,True
52327,True
52328,True
52329,True
52330,True
52331,True
52332,True
52333,True
52334,True
52335,True
52336,True
52337,True
52338,True
52339,True
52340,True
52341,True
52342,True
52343,True
52344,True
52345,True
52346,True
52347,True
52348,True
52349,True
52350,True
52351,True
52352,True
52353,True
52354,True
52355,True
52356,True
52357,True
52358,True
52359,True
52360,True
52361,True
52362,True
52363,True
52364,True
52365,True
52366,True
52367,True
52368,True
52369,True
52370,True
52371,True
52372,True
52373,True
52374,True
52375,True
52376,True
52377,True
52378,True
52379,True
52380,True
52381,True
52382,True
52383,True
52384,True
52385,True
52386,True
52387,True
52388,True
52389,True
52390,True
52391,True
52392,True
52393,True
52394,True
52395,True
52396,True
52397,True
52398,True
52399,True
52400,True
52401,True
52402,True
52403,True
52404,True
52405,True
52406,True
52407,True
52408,True
52409,True
52410,True
52411,True
52412,True
52413,True
52414,True
52415,True
52416,True
52417,True
52418,True
52419,True
52420,True
52421,True
52422,True
52423,True
52424,True
52425,True
52426,True
52427,True
52428,True
52429,True
52430,True
52431,True
52432,True
52433,True
52434,True
52435,True
52436,True
52437,True
52438,True
52439,True
52440,True
52441,True
52442,True
52443,True
52444,True
52445,True
52446,True
52447,True
52448,True
52449,True
52450,True
52451,True
52452,True
52453,True
52454,True
52455,True
52456,True
52457,True
52458,True
52459,True
52460,True
52461,True
52462,True
52463,True
52464,True
52465,True
52466,True
52467,True
52468,True
52469,True
52470,True
52471,True
52472,True
52473,True
52474,True
52475,True
52476,True
52477,True
52478,True
52479,True
52480,True
52481,True
52482,True
52483,True
52484,True
52485,True
52486,True
52487,True
52488,True
52489,True
52490,True
52491,True
52492,True
52493,True
52494,True
52495,True
52496,True
52497,True
52498,True
52499,True
52500,True
52501,True
52502,True
52503,True
52504,True
52505,True
52506,True
52507,True
52508,True
52509,True
52510,True
52511,True
52512,True
52513,True
52514,True
52515,True
52516,True
52517,True
52518,True
52519,True
52520,True
52521,True
52522,True
52523,True
52524,True
52525,True
52526,True
52527,True
52528,True
52529,True
52530,True
52531,True
52532,True
52533,True
52534,True
52535,True
52536,True
52537,True
52538,True
52539,True
52540,True
52541,True
52542,True
52543,True
52544,True
52545,True
52546,True
52547,True
52548,True
52549,True
52550,True
52551,True
52552,True
52553,True
52554,True
52555,True
52556,True
52557,True
52558,True
52559,True
52560,True
52561,True
52562,True
52563,True
52564,True
52565,True
52566,True
52567,True
52568,True
52569,True
52570,True
52571,True
52572,True
52573,True
52574,True
52575,True
52576,True
52577,True
52578,True
52579,True
52580,True
52581,True
52582,True
52583,True
52584,True
52585,True
52586,True
52587,True
52588,True
52589,True
52590,True
52591,True
52592,True
52593,True
52594,True
52595,True
52596,True
52597,True
52598,True
52599,True
52600,True
52601,True
52602,True
52603,True
52604,True
52605,True
52606,True
52607,True
52608,True
52609,True
52610,True
52611,True
52612,True
52613,True
52614,True
52615,True
52616,True
52617,True
52618,True
52619,True
52620,True
52621,True
52622,True
52623,True
52624,True
52625,True
52626,True
52627,True
52628,True
52629,True
52630,True
52631,True
52632,True
52633,True
52634,True
52635,True
52636,True
52637,True
52638,True
52639,True
52640,True
52641,True
52642,True
52643,True
52644,True
52645,True
52646,True
52647,True
52648,True
52649,True
52650,True
52651,True
52652,True
52653,True
52654,True
52655,True
52656,True
52657,True
52658,True
52659,True
52660,True
52661,True
52662,True
52663,True
52664,True
52665,True
52666,True
52667,True
52668,True
52669,True
52670,True
52671,True
52672,True
52673,True
52674,True
52675,True
52676,True
52677,True
52678,True
52679,True
52680,True
52681,True
52682,True
52683,True
52684,True
52685,True
52686,True
52687,True
52688,True
52689,True
52690,True
52691,True
52692,True
52693,True
52694,True
52695,True
52696,True
52697,True
52698,True
52699,True
52700,True
52701,True
52702,True
52703,True
52704,True
52705,True
52706,True
52707,True
52708,True
52709,True
52710,True
52711,True
52712,True
52713,True
52714,True
52715,True
52716,True
52717,True
52718,True
52719,True
52720,True
52721,True
52722,True
52723,True
52724,True
52725,True
52726,True
52727,True
52728,True
52729,True
52730,True
52731,True
52732,True
52733,True
52734,True
52735,True
52736,True
52737,True
52738,True
52739,True
52740,True
52741,True
52742,True
52743,True
52744,True
52745,True
52746,True
52747,True
52748,True
52749,True
52750,True
52751,True
52752,True
52753,True
52754,True
52755,True
52756,True
52757,True
52758,True
52759,True
52760,True
52761,True
52762,True
52763,True
52764,True
52765,True
52766,True
52767,True
52768,True
52769,True
52770,True
52771,True
52772,True
52773,True
52774,True
52775,True
52776,True
52777,True
52778,True
52779,True
52780,True
52781,True
52782,True
52783,True
52784,True
52785,True
52786,True
52787,True
52788,True
52789,True
52790,True
52791,True
52792,True
52793,True
52794,True
52795,True
52796,True
52797,True
52798,True
52799,True
52800,True
52801,True
52802,True
52803,True
52804,True
52805,True
52806,True
52807,True
52808,True
52809,True
52810,True
52811,True
52812,True
52813,True
52814,True
52815,True
52816,True
52817,True
52818,True
52819,True
52820,True
52821,True
52822,True
52823,True
52824,True
52825,True
52826,True
52827,True
52828,True
52829,True
52830,True
52831,True
52832,True
52833,True
52834,True
52835,True
52836,True
52837,True
52838,True
52839,True
52840,True
52841,True
52842,True
52843,True
52844,True
52845,True
52846,True
52847,True
52848,True
52849,True
52850,True
52851,True
52852,True
52853,True
52854,True
52855,True
52856,True
52857,True
52858,True
52859,True
52860,True
52861,True
52862,True
52863,True
52864,True
52865,True
52866,True
52867,True
52868,True
52869,True
52870,True
52871,True
52872,True
52873,True
52874,True
52875,True
52876,True
52877,True
52878,True
52879,True
52880,True
52881,True
52882,True
52883,True
52884,True
52885,True
52886,True
52887,True
52888,True
52889,True
52890,True
52891,True
52892,True
52893,True
52894,True
52895,True
52896,True
52897,True
52898,True
52899,True
52900,True
52901,True
52902,True
52903,True
52904,True
52905,True
52906,True
52907,True
52908,True
52909,True
52910,True
52911,True
52912,True
52913,True
52914,True
52915,True
52916,True
52917,True
52918,True
52919,True
52920,True
52921,True
52922,True
52923,True
52924,True
52925,True
52926,True
52927,True
52928,True
52929,True
52930,True
52931,True
52932,True
52933,True
52934,True
52935,True
52936,True
52937,True
52938,True
52939,True
52940,True
52941,True
52942,True
52943,True
52944,True
52945,True
52946,True
52947,True
52948,True
52949,True
52950,True
52951,True
52952,True
52953,True
52954,True
52955,True
52956,True
52957,True
52958,True
52959,True
52960,True
52961,True
52962,True
52963,True
52964,True
52965,True
52966,True
52967,True
52968,True
52969,True
52970,True
52971,True
52972,True
52973,True
52974,True
52975,True
52976,True
52977,True
52978,True
52979,True
52980,True
52981,True
52982,True
52983,True
52984,True
52985,True
52986,True
52987,True
52988,True
52989,True
52990,True
52991,True
52992,True
52993,True
52994,True
52995,True
52996,True
52997,True
52998,True
52999,True
53000,True
53001,True
53002,True
53003,True
53004,True
53005,True
53006,True
53007,True
53008,True
53009,True
53010,True
53011,True
53012,True
53013,True
53014,True
53015,True
53016,True
53017,True
53018,True
53019,True
53020,True
53021,True
53022,True
53023,True
53024,True
53025,True
53026,True
53027,True
53028,True
53029,True
53030,True
53031,True
53032,True
53033,True
53034,True
53035,True
53036,True
53037,True
53038,True
53039,True
53040,True
53041,True
53042,True
53043,True
53044,True
53045,True
53046,True
53047,True
53048,True
53049,True
53050,True
53051,True
53052,True
53053,True
53054,True
53055,True
53056,True
53057,True
53058,True
53059,True
53060,True
53061,True
53062,True
53063,True
53064,True
53065,True
53066,True
53067,True
53068,True
53069,True
53070,True
53071,True
53072,True
53073,True
53074,True
53075,True
53076,True
53077,True
53078,True
53079,True
53080,True
53081,True
53082,True
53083,True
53084,True
53085,True
53086,True
53087,True
53088,True
53089,True
53090,True
53091,True
53092,True
53093,True
53094,True
53095,True
53096,True
53097,True
53098,True
53099,True
53100,True
53101,True
53102,True
53103,True
53104,True
53105,True
53106,True
53107,True
53108,True
53109,True
53110,True
53111,True
53112,True
53113,True
53114,True
53115,True
53116,True
53117,True
53118,True
53119,True
53120,True
53121,True
53122,True
53123,True
53124,True
53125,True
53126,True
53127,True
53128,True
53129,True
53130,True
53131,True
53132,True
53133,True
53134,True
53135,True
53136,True
53137,True
53138,True
53139,True
53140,True
53141,True
53142,True
53143,True
53144,True
53145,True
53146,True
53147,True
53148,True
53149,True
53150,True
53151,True
53152,True
53153,True
53154,True
53155,True
53156,True
53157,True
53158,True
53159,True
53160,True
53161,True
53162,True
53163,True
53164,True
53165,True
53166,True
53167,True
53168,True
53169,True
53170,True
53171,True
53172,True
53173,True
53174,True
53175,True
53176,True
53177,True
53178,True
53179,True
53180,True
53181,True
53182,True
53183,True
53184,True
53185,True
53186,True
53187,True
53188,True
53189,True
53190,True
53191,True
53192,True
53193,True
53194,True
53195,True
53196,True
53197,True
53198,True
53199,True
53200,True
53201,True
53202,True
53203,True
53204,True
53205,True
53206,True
53207,True
53208,True
53209,True
53210,True
53211,True
53212,True
53213,True
53214,True
53215,True
53216,True
53217,True
53218,True
53219,True
53220,True
53221,True
53222,True
53223,True
53224,True
53225,True
53226,True
53227,True
53228,True
53229,True
53230,True
53231,True
53232,True
53233,True
53234,True
53235,True
53236,True
53237,True
53238,True
53239,True
53240,True
53241,True
53242,True
53243,True
53244,True
53245,True
53246,True
53247,True
53248,True
53249,True
53250,True
53251,True
53252,True
53253,True
53254,True
53255,True
53256,True
53257,True
53258,True
53259,True
53260,True
53261,True
53262,True
53263,True
53264,True
53265,True
53266,True
53267,True
53268,True
53269,True
53270,True
53271,True
53272,True
53273,True
53274,True
53275,True
53276,True
53277,True
53278,True
53279,True
53280,True
53281,True
53282,True
53283,True
53284,True
53285,True
53286,True
53287,True
53288,True
53289,True
53290,True
53291,True
53292,True
53293,True
53294,True
53295,True
53296,True
53297,True
53298,True
53299,True
53300,True
53301,True
53302,True
53303,True
53304,True
53305,True
53306,True
53307,True
53308,True
53309,True
53310,True
53311,True
53312,True
53313,True
53314,True
53315,True
53316,True
53317,True
53318,True
53319,True
53320,True
53321,True
53322,True
53323,True
53324,True
53325,True
53326,True
53327,True
53328,True
53329,True
53330,True
53331,True
53332,True
53333,True
53334,True
53335,True
53336,True
53337,True
53338,True
53339,True
53340,True
53341,True
53342,True
53343,True
53344,True
53345,True
53346,True
53347,True
53348,True
53349,True
53350,True
53351,True
53352,True
53353,True
53354,True
53355,True
53356,True
53357,True
53358,True
53359,True
53360,True
53361,True
53362,True
53363,True
53364,True
53365,True
53366,True
53367,True
53368,True
53369,True
53370,True
53371,True
53372,True
53373,True
53374,True
53375,True
53376,True
53377,True
53378,True
53379,True
53380,True
53381,True
53382,True
53383,True
53384,True
53385,True
53386,True
53387,True
53388,True
53389,True
53390,True
53391,True
53392,True
53393,True
53394,True
53395,True
53396,True
53397,True
53398,True
53399,True
53400,True
53401,True
53402,True
53403,True
53404,True
53405,True
53406,True
53407,True
53408,True
53409,True
53410,True
53411,True
53412,True
53413,True
53414,True
53415,True
53416,True
53417,True
53418,True
53419,True
53420,True
53421,True
53422,True
53423,True
53424,True
53425,True
53426,True
53427,True
53428,True
53429,True
53430,True
53431,True
53432,True
53433,True
53434,True
53435,True
53436,True
53437,True
53438,True
53439,True
53440,True
53441,True
53442,True
53443,True
53444,True
53445,True
53446,True
53447,True
53448,True
53449,True
53450,True
53451,True
53452,True
53453,True
53454,True
53455,True
53456,True
53457,True
53458,True
53459,True
53460,True
53461,True
53462,True
53463,True
53464,True
53465,True
53466,True
53467,True
53468,True
53469,True
53470,True
53471,True
53472,True
53473,True
53474,True
53475,True
53476,True
53477,True
53478,True
53479,True
53480,True
53481,True
53482,True
53483,True
53484,True
53485,True
53486,True
53487,True
53488,True
53489,True
53490,True
53491,True
53492,True
53493,True
53494,True
53495,True
53496,True
53497,True
53498,True
53499,True
53500,True
53501,True
53502,True
53503,True
53504,True
53505,True
53506,True
53507,True
53508,True
53509,True
53510,True
53511,True
53512,True
53513,True
53514,True
53515,True
53516,True
53517,True
53518,True
53519,True
53520,True
53521,True
53522,True
53523,True
53524,True
53525,True
53526,True
53527,True
53528,True
53529,True
53530,True
53531,True
53532,True
53533,True
53534,True
53535,True
53536,True
53537,True
53538,True
53539,True
53540,True
53541,True
53542,True
53543,True
53544,True
53545,True
53546,True
53547,True
53548,True
53549,True
53550,True
53551,True
53552,True
53553,True
53554,True
53555,True
53556,True
53557,True
53558,True
53559,True
53560,True
53561,True
53562,True
53563,True
53564,True
53565,True
53566,True
53567,True
53568,True
53569,True
53570,True
53571,True
53572,True
53573,True
53574,True
53575,True
53576,True
53577,True
53578,True
53579,True
53580,True
53581,True
53582,True
53583,True
53584,True
53585,True
53586,True
53587,True
53588,True
53589,True
53590,True
53591,True
53592,True
53593,True
53594,True
53595,True
53596,True
53597,True
53598,True
53599,True
53600,True
53601,True
53602,True
53603,True
53604,True
53605,True
53606,True
53607,True
53608,True
53609,True
53610,True
53611,True
53612,True
53613,True
53614,True
53615,True
53616,True
53617,True
53618,True
53619,True
53620,True
53621,True
53622,True
53623,True
53624,True
53625,True
53626,True
53627,True
53628,True
53629,True
53630,True
53631,True
53632,True
53633,True
53634,True
53635,True
53636,True
53637,True
53638,True
53639,True
53640,True
53641,True
53642,True
53643,True
53644,True
53645,True
53646,True
53647,True
53648,True
53649,True
53650,True
53651,True
53652,True
53653,True
53654,True
53655,True
53656,True
53657,True
53658,True
53659,True
53660,True
53661,True
53662,True
53663,True
53664,True
53665,True
53666,True
53667,True
53668,True
53669,True
53670,True
53671,True
53672,True
53673,True
53674,True
53675,True
53676,True
53677,True
53678,True
53679,True
53680,True
53681,True
53682,True
53683,True
53684,True
53685,True
53686,True
53687,True
53688,True
53689,True
53690,True
53691,True
53692,True
53693,True
53694,True
53695,True
53696,True
53697,True
53698,True
53699,True
53700,True
53701,True
53702,True
53703,True
53704,True
53705,True
53706,True
53707,True
53708,True
53709,True
53710,True
53711,True
53712,True
53713,True
53714,True
53715,True
53716,True
53717,True
53718,True
53719,True
53720,True
53721,True
53722,True
53723,True
53724,True
53725,True
53726,True
53727,True
53728,True
53729,True
53730,True
53731,True
53732,True
53733,True
53734,True
53735,True
53736,True
53737,True
53738,True
53739,True
53740,True
53741,True
53742,True
53743,True
53744,True
53745,True
53746,True
53747,True
53748,True
53749,True
53750,True
53751,True
53752,True
53753,True
53754,True
53755,True
53756,True
53757,True
53758,True
53759,True
53760,True
53761,True
53762,True
53763,True
53764,True
53765,True
53766,True
53767,True
53768,True
53769,True
53770,True
53771,True
53772,True
53773,True
53774,True
53775,True
53776,True
53777,True
53778,True
53779,True
53780,True
53781,True
53782,True
53783,True
53784,True
53785,True
53786,True
53787,True
53788,True
53789,True
53790,True
53791,True
53792,True
53793,True
53794,True
53795,True
53796,True
53797,True
53798,True
53799,True
53800,True
53801,True
53802,True
53803,True
53804,True
53805,True
53806,True
53807,True
53808,True
53809,True
53810,True
53811,True
53812,True
53813,True
53814,True
53815,True
53816,True
53817,True
53818,True
53819,True
53820,True
53821,True
53822,True
53823,True
53824,True
53825,True
53826,True
53827,True
53828,True
53829,True
53830,True
53831,True
53832,True
53833,True
53834,True
53835,True
53836,True
53837,True
53838,True
53839,True
53840,True
53841,True
53842,True
53843,True
53844,True
53845,True
53846,True
53847,True
53848,True
53849,True
53850,True
53851,True
53852,True
53853,True
53854,True
53855,True
53856,True
53857,True
53858,True
53859,True
53860,True
53861,True
53862,True
53863,True
53864,True
53865,True
53866,True
53867,True
53868,True
53869,True
53870,True
53871,True
53872,True
53873,True
53874,True
53875,True
53876,True
53877,True
53878,True
53879,True
53880,True
53881,True
53882,True
53883,True
53884,True
53885,True
53886,True
53887,True
53888,True
53889,True
53890,True
53891,True
53892,True
53893,True
53894,True
53895,True
53896,True
53897,True
53898,True
53899,True
53900,True
53901,True
53902,True
53903,True
53904,True
53905,True
53906,True
53907,True
53908,True
53909,True
53910,True
53911,True
53912,True
53913,True
53914,True
53915,True
53916,True
53917,True
53918,True
53919,True
53920,True
53921,True
53922,True
53923,True
53924,True
53925,True
53926,True
53927,True
53928,True
53929,True
53930,True
53931,True
53932,True
53933,True
53934,True
53935,True
53936,True
53937,True
53938,True
53939,True
53940,True
53941,True
53942,True
53943,True
53944,True
53945,True
53946,True
53947,True
53948,True
53949,True
53950,True
53951,True
53952,True
53953,True
53954,True
53955,True
53956,True
53957,True
53958,True
53959,True
53960,True
53961,True
53962,True
53963,True
53964,True
53965,True
53966,True
53967,True
53968,True
53969,True
53970,True
53971,True
53972,True
53973,True
53974,True
53975,True
53976,True
53977,True
53978,True
53979,True
53980,True
53981,True
53982,True
53983,True
53984,True
53985,True
53986,True
53987,True
53988,True
53989,True
53990,True
53991,True
53992,True
53993,True
53994,True
53995,True
53996,True
53997,True
53998,True
53999,True
54000,True
54001,True
54002,True
54003,True
54004,True
54005,True
54006,True
54007,True
54008,True
54009,True
54010,True
54011,True
54012,True
54013,True
54014,True
54015,True
54016,True
54017,True
54018,True
54019,True
54020,True
54021,True
54022,True
54023,True
54024,True
54025,True
54026,True
54027,True
54028,True
54029,True
54030,True
54031,True
54032,True
54033,True
54034,True
54035,True
54036,True
54037,True
54038,True
54039,True
54040,True
54041,True
54042,True
54043,True
54044,True
54045,True
54046,True
54047,True
54048,True
54049,True
54050,True
54051,True
54052,True
54053,True
54054,True
54055,True
54056,True
54057,True
54058,True
54059,True
54060,True
54061,True
54062,True
54063,True
54064,True
54065,True
54066,True
54067,True
54068,True
54069,True
54070,True
54071,True
54072,True
54073,True
54074,True
54075,True
54076,True
54077,True
54078,True
54079,True
54080,True
54081,True
54082,True
54083,True
54084,True
54085,True
54086,True
54087,True
54088,True
54089,True
54090,True
54091,True
54092,True
54093,True
54094,True
54095,True
54096,True
54097,True
54098,True
54099,True
54100,True
54101,True
54102,True
54103,True
54104,True
54105,True
54106,True
54107,True
54108,True
54109,True
54110,True
54111,True
54112,True
54113,True
54114,True
54115,True
54116,True
54117,True
54118,True
54119,True
54120,True
54121,True
54122,True
54123,True
54124,True
54125,True
54126,True
54127,True
54128,True
54129,True
54130,True
54131,True
54132,True
54133,True
54134,True
54135,True
54136,True
54137,True
54138,True
54139,True
54140,True
54141,True
54142,True
54143,True
54144,True
54145,True
54146,True
54147,True
54148,True
54149,True
54150,True
54151,True
54152,True
54153,True
54154,True
54155,True
54156,True
54157,True
54158,True
54159,True
54160,True
54161,True
54162,True
54163,True
54164,True
54165,True
54166,True
54167,True
54168,True
54169,True
54170,True
54171,True
54172,True
54173,True
54174,True
54175,True
54176,True
54177,True
54178,True
54179,True
54180,True
54181,True
54182,True
54183,True
54184,True
54185,True
54186,True
54187,True
54188,True
54189,True
54190,True
54191,True
54192,True
54193,True
54194,True
54195,True
54196,True
54197,True
54198,True
54199,True
54200,True
54201,True
54202,True
54203,True
54204,True
54205,True
54206,True
54207,True
54208,True
54209,True
54210,True
54211,True
54212,True
54213,True
54214,True
54215,True
54216,True
54217,True
54218,True
54219,True
54220,True
54221,True
54222,True
54223,True
54224,True
54225,True
54226,True
54227,True
54228,True
54229,True
54230,True
54231,True
54232,True
54233,True
54234,True
54235,True
54236,True
54237,True
54238,True
54239,True
54240,True
54241,True
54242,True
54243,True
54244,True
54245,True
54246,True
54247,True
54248,True
54249,True
54250,True
54251,True
54252,True
54253,True
54254,True
54255,True
54256,True
54257,True
54258,True
54259,True
54260,True
54261,True
54262,True
54263,True
54264,True
54265,True
54266,True
54267,True
54268,True
54269,True
54270,True
54271,True
54272,True
54273,True
54274,True
54275,True
54276,True
54277,True
54278,True
54279,True
54280,True
54281,True
54282,True
54283,True
54284,True
54285,True
54286,True
54287,True
54288,True
54289,True
54290,True
54291,True
54292,True
54293,True
54294,True
54295,True
54296,True
54297,True
54298,True
54299,True
54300,True
54301,True
54302,True
54303,True
54304,True
54305,True
54306,True
54307,True
54308,True
54309,True
54310,True
54311,True
54312,True
54313,True
54314,True
54315,True
54316,True
54317,True
54318,True
54319,True
54320,True
54321,True
54322,True
54323,True
54324,True
54325,True
54326,True
54327,True
54328,True
54329,True
54330,True
54331,True
54332,True
54333,True
54334,True
54335,True
54336,True
54337,True
54338,True
54339,True
54340,True
54341,True
54342,True
54343,True
54344,True
54345,True
54346,True
54347,True
54348,True
54349,True
54350,True
54351,True
54352,True
54353,True
54354,True
54355,True
54356,True
54357,True
54358,True
54359,True
54360,True
54361,True
54362,True
54363,True
54364,True
54365,True
54366,True
54367,True
54368,True
54369,True
54370,True
54371,True
54372,True
54373,True
54374,True
54375,True
54376,True
54377,True
54378,True
54379,True
54380,True
54381,True
54382,True
54383,True
54384,True
54385,True
54386,True
54387,True
54388,True
54389,True
54390,True
54391,True
54392,True
54393,True
54394,True
54395,True
54396,True
54397,True
54398,True
54399,True
54400,True
54401,True
54402,True
54403,True
54404,True
54405,True
54406,True
54407,True
54408,True
54409,True
54410,True
54411,True
54412,True
54413,True
54414,True
54415,True
54416,True
54417,True
54418,True
54419,True
54420,True
54421,True
54422,True
54423,True
54424,True
54425,True
54426,True
54427,True
54428,True
54429,True
54430,True
54431,True
54432,True
54433,True
54434,True
54435,True
54436,True
54437,True
54438,True
54439,True
54440,True
54441,True
54442,True
54443,True
54444,True
54445,True
54446,True
54447,True
54448,True
54449,True
54450,True
54451,True
54452,True
54453,True
54454,True
54455,True
54456,True
54457,True
54458,True
54459,True
54460,True
54461,True
54462,True
54463,True
54464,True
54465,True
54466,True
54467,True
54468,True
54469,True
54470,True
54471,True
54472,True
54473,True
54474,True
54475,True
54476,True
54477,True
54478,True
54479,True
54480,True
54481,True
54482,True
54483,True
54484,True
54485,True
54486,True
54487,True
54488,True
54489,True
54490,True
54491,True
54492,True
54493,True
54494,True
54495,True
54496,True
54497,True
54498,True
54499,True
54500,True
54501,True
54502,True
54503,True
54504,True
54505,True
54506,True
54507,True
54508,True
54509,True
54510,True
54511,True
54512,True
54513,True
54514,True
54515,True
54516,True
54517,True
54518,True
54519,True
54520,True
54521,True
54522,True
54523,True
54524,True
54525,True
54526,True
54527,True
54528,True
54529,True
54530,True
54531,True
54532,True
54533,True
54534,True
54535,True
54536,True
54537,True
54538,True
54539,True
54540,True
54541,True
54542,True
54543,True
54544,True
54545,True
54546,True
54547,True
54548,True
54549,True
54550,True
54551,True
54552,True
54553,True
54554,True
54555,True
54556,True
54557,True
54558,True
54559,True
54560,True
54561,True
54562,True
54563,True
54564,True
54565,True
54566,True
54567,True
54568,True
54569,True
54570,True
54571,True
54572,True
54573,True
54574,True
54575,True
54576,True
54577,True
54578,True
54579,True
54580,True
54581,True
54582,True
54583,True
54584,True
54585,True
54586,True
54587,True
54588,True
54589,True
54590,True
54591,True
54592,True
54593,True
54594,True
54595,True
54596,True
54597,True
54598,True
54599,True
54600,True
54601,True
54602,True
54603,True
54604,True
54605,True
54606,True
54607,True
54608,True
54609,True
54610,True
54611,True
54612,True
54613,True
54614,True
54615,True
54616,True
54617,True
54618,True
54619,True
54620,True
54621,True
54622,True
54623,True
54624,True
54625,True
54626,True
54627,True
54628,True
54629,True
54630,True
54631,True
54632,True
54633,True
54634,True
54635,True
54636,True
54637,True
54638,True
54639,True
54640,True
54641,True
54642,True
54643,True
54644,True
54645,True
54646,True
54647,True
54648,True
54649,True
54650,True
54651,True
54652,True
54653,True
54654,True
54655,True
54656,True
54657,True
54658,True
54659,True
54660,True
54661,True
54662,True
54663,True
54664,True
54665,True
54666,True
54667,True
54668,True
54669,True
54670,True
54671,True
54672,True
54673,True
54674,True
54675,True
54676,True
54677,True
54678,True
54679,True
54680,True
54681,True
54682,True
54683,True
54684,True
54685,True
54686,True
54687,True
54688,True
54689,True
54690,True
54691,True
54692,True
54693,True
54694,True
54695,True
54696,True
54697,True
54698,True
54699,True
54700,True
54701,True
54702,True
54703,True
54704,True
54705,True
54706,True
54707,True
54708,True
54709,True
54710,True
54711,True
54712,True
54713,True
54714,True
54715,True
54716,True
54717,True
54718,True
54719,True
54720,True
54721,True
54722,True
54723,True
54724,True
54725,True
54726,True
54727,True
54728,True
54729,True
54730,True
54731,True
54732,True
54733,True
54734,True
54735,True
54736,True
54737,True
54738,True
54739,True
54740,True
54741,True
54742,True
54743,True
54744,True
54745,True
54746,True
54747,True
54748,True
54749,True
54750,True
54751,True
54752,True
54753,True
54754,True
54755,True
54756,True
54757,True
54758,True
54759,True
54760,True
54761,True
54762,True
54763,True
54764,True
54765,True
54766,True
54767,True
54768,True
54769,True
54770,True
54771,True
54772,True
54773,True
54774,True
54775,True
54776,True
54777,True
54778,True
54779,True
54780,True
54781,True
54782,True
54783,True
54784,True
54785,True
54786,True
54787,True
54788,True
54789,True
54790,True
54791,True
54792,True
54793,True
54794,True
54795,True
54796,True
54797,True
54798,True
54799,True
54800,True
54801,True
54802,True
54803,True
54804,True
54805,True
54806,True
54807,True
54808,True
54809,True
54810,True
54811,True
54812,True
54813,True
54814,True
54815,True
54816,True
54817,True
54818,True
54819,True
54820,True
54821,True
54822,True
54823,True
54824,True
54825,True
54826,True
54827,True
54828,True
54829,True
54830,True
54831,True
54832,True
54833,True
54834,True
54835,True
54836,True
54837,True
54838,True
54839,True
54840,True
54841,True
54842,True
54843,True
54844,True
54845,True
54846,True
54847,True
54848,True
54849,True
54850,True
54851,True
54852,True
54853,True
54854,True
54855,True
54856,True
54857,True
54858,True
54859,True
54860,True
54861,True
54862,True
54863,True
54864,True
54865,True
54866,True
54867,True
54868,True
54869,True
54870,True
54871,True
54872,True
54873,True
54874,True
54875,True
54876,True
54877,True
54878,True
54879,True
54880,True
54881,True
54882,True
54883,True
54884,True
54885,True
54886,True
54887,True
54888,True
54889,True
54890,True
54891,True
54892,True
54893,True
54894,True
54895,True
54896,True
54897,True
54898,True
54899,True
54900,True
54901,True
54902,True
54903,True
54904,True
54905,True
54906,True
54907,True
54908,True
54909,True
54910,True
54911,True
54912,True
54913,True
54914,True
54915,True
54916,True
54917,True
54918,True
54919,True
54920,True
54921,True
54922,True
54923,True
54924,True
54925,True
54926,True
54927,True
54928,True
54929,True
54930,True
54931,True
54932,True
54933,True
54934,True
54935,True
54936,True
54937,True
54938,True
54939,True
54940,True
54941,True
54942,True
54943,True
54944,True
54945,True
54946,True
54947,True
54948,True
54949,True
54950,True
54951,True
54952,True
54953,True
54954,True
54955,True
54956,True
54957,True
54958,True
54959,True
54960,True
54961,True
54962,True
54963,True
54964,True
54965,True
54966,True
54967,True
54968,True
54969,True
54970,True
54971,True
54972,True
54973,True
54974,True
54975,True
54976,True
54977,True
54978,True
54979,True
54980,True
54981,True
54982,True
54983,True
54984,True
54985,True
54986,True
54987,True
54988,True
54989,True
54990,True
54991,True
54992,True
54993,True
54994,True
54995,True
54996,True
54997,True
54998,True
54999,True
55000,True
55001,True
55002,True
55003,True
55004,True
55005,True
55006,True
55007,True
55008,True
55009,True
55010,True
55011,True
55012,True
55013,True
55014,True
55015,True
55016,True
55017,True
55018,True
55019,True
55020,True
55021,True
55022,True
55023,True
55024,True
55025,True
55026,True
55027,True
55028,True
55029,True
55030,True
55031,True
55032,True
55033,True
55034,True
55035,True
55036,True
55037,True
55038,True
55039,True
55040,True
55041,True
55042,True
55043,True
55044,True
55045,True
55046,True
55047,True
55048,True
55049,True
55050,True
55051,True
55052,True
55053,True
55054,True
55055,True
55056,True
55057,True
55058,True
55059,True
55060,True
55061,True
55062,True
55063,True
55064,True
55065,True
55066,True
55067,True
55068,True
55069,True
55070,True
55071,True
55072,True
55073,True
55074,True
55075,True
55076,True
55077,True
55078,True
55079,True
55080,True
55081,True
55082,True
55083,True
55084,True
55085,True
55086,True
55087,True
55088,True
55089,True
55090,True
55091,True
55092,True
55093,True
55094,True
55095,True
55096,True
55097,True
55098,True
55099,True
55100,True
55101,True
55102,True
55103,True
55104,True
55105,True
55106,True
55107,True
55108,True
55109,True
55110,True
55111,True
55112,True
55113,True
55114,True
55115,True
55116,True
55117,True
55118,True
55119,True
55120,True
55121,True
55122,True
55123,True
55124,True
55125,True
55126,True
55127,True
55128,True
55129,True
55130,True
55131,True
55132,True
55133,True
55134,True
55135,True
55136,True
55137,True
55138,True
55139,True
55140,True
55141,True
55142,True
55143,True
55144,True
55145,True
55146,True
55147,True
55148,True
55149,True
55150,True
55151,True
55152,True
55153,True
55154,True
55155,True
55156,True
55157,True
55158,True
55159,True
55160,True
55161,True
55162,True
55163,True
55164,True
55165,True
55166,True
55167,True
55168,True
55169,True
55170,True
55171,True
55172,True
55173,True
55174,True
55175,True
55176,True
55177,True
55178,True
55179,True
55180,True
55181,True
55182,True
55183,True
55184,True
55185,True
55186,True
55187,True
55188,True
55189,True
55190,True
55191,True
55192,True
55193,True
55194,True
55195,True
55196,True
55197,True
55198,True
55199,True
55200,True
55201,True
55202,True
55203,True
55204,True
55205,True
55206,True
55207,True
55208,True
55209,True
55210,True
55211,True
55212,True
55213,True
55214,True
55215,True
55216,True
55217,True
55218,True
55219,True
55220,True
55221,True
55222,True
55223,True
55224,True
55225,True
55226,True
55227,True
55228,True
55229,True
55230,True
55231,True
55232,True
55233,True
55234,True
55235,True
55236,True
55237,True
55238,True
55239,True
55240,True
55241,True
55242,True
55243,True
55244,True
55245,True
55246,True
55247,True
55248,True
55249,True
55250,True
55251,True
55252,True
55253,True
55254,True
55255,True
55256,True
55257,True
55258,True
55259,True
55260,True
55261,True
55262,True
55263,True
55264,True
55265,True
55266,True
55267,True
55268,True
55269,True
55270,True
55271,True
55272,True
55273,True
55274,True
55275,True
55276,True
55277,True
55278,True
55279,True
55280,True
55281,True
55282,True
55283,True
55284,True
55285,True
55286,True
55287,True
55288,True
55289,True
55290,True
55291,True
55292,True
55293,True
55294,True
55295,True
55296,True
55297,True
55298,True
55299,True
55300,True
55301,True
55302,True
55303,True
55304,True
55305,True
55306,True
55307,True
55308,True
55309,True
55310,True
55311,True
55312,True
55313,True
55314,True
55315,True
55316,True
55317,True
55318,True
55319,True
55320,True
55321,True
55322,True
55323,True
55324,True
55325,True
55326,True
55327,True
55328,True
55329,True
55330,True
55331,True
55332,True
55333,True
55334,True
55335,True
55336,True
55337,True
55338,True
55339,True
55340,True
55341,True
55342,True
55343,True
55344,True
55345,True
55346,True
55347,True
55348,True
55349,True
55350,True
55351,True
55352,True
55353,True
55354,True
55355,True
55356,True
55357,True
55358,True
55359,True
55360,True
55361,True
55362,True
55363,True
55364,True
55365,True
55366,True
55367,True
55368,True
55369,True
55370,True
55371,True
55372,True
55373,True
55374,True
55375,True
55376,True
55377,True
55378,True
55379,True
55380,True
55381,True
55382,True
55383,True
55384,True
55385,True
55386,True
55387,True
55388,True
55389,True
55390,True
55391,True
55392,True
55393,True
55394,True
55395,True
55396,True
55397,True
55398,True
55399,True
55400,True
55401,True
55402,True
55403,True
55404,True
55405,True
55406,True
55407,True
55408,True
55409,True
55410,True
55411,True
55412,True
55413,True
55414,True
55415,True
55416,True
55417,True
55418,True
55419,True
55420,True
55421,True
55422,True
55423,True
55424,True
55425,True
55426,True
55427,True
55428,True
55429,True
55430,True
55431,True
55432,True
55433,True
55434,True
55435,True
55436,True
55437,True
55438,True
55439,True
55440,True
55441,True
55442,True
55443,True
55444,True
55445,True
55446,True
55447,True
55448,True
55449,True
55450,True
55451,True
55452,True
55453,True
55454,True
55455,True
55456,True
55457,True
55458,True
55459,True
55460,True
55461,True
55462,True
55463,True
55464,True
55465,True
55466,True
55467,True
55468,True
55469,True
55470,True
55471,True
55472,True
55473,True
55474,True
55475,True
55476,True
55477,True
55478,True
55479,True
55480,True
55481,True
55482,True
55483,True
55484,True
55485,True
55486,True
55487,True
55488,True
55489,True
55490,True
55491,True
55492,True
55493,True
55494,True
55495,True
55496,True
55497,True
55498,True
55499,True
55500,True
55501,True
55502,True
55503,True
55504,True
55505,True
55506,True
55507,True
55508,True
55509,True
55510,True
55511,True
55512,True
55513,True
55514,True
55515,True
55516,True
55517,True
55518,True
55519,True
55520,True
55521,True
55522,True
55523,True
55524,True
55525,True
55526,True
55527,True
55528,True
55529,True
55530,True
55531,True
55532,True
55533,True
55534,True
55535,True
55536,True
55537,True
55538,True
55539,True
55540,True
55541,True
55542,True
55543,True
55544,True
55545,True
55546,True
55547,True
55548,True
55549,True
55550,True
55551,True
55552,True
55553,True
55554,True
55555,True
55556,True
55557,True
55558,True
55559,True
55560,True
55561,True
55562,True
55563,True
55564,True
55565,True
55566,True
55567,True
55568,True
55569,True
55570,True
55571,True
55572,True
55573,True
55574,True
55575,True
55576,True
55577,True
55578,True
55579,True
55580,True
55581,True
55582,True
55583,True
55584,True
55585,True
55586,True
55587,True
55588,True
55589,True
55590,True
55591,True
55592,True
55593,True
55594,True
55595,True
55596,True
55597,True
55598,True
55599,True
55600,True
55601,True
55602,True
55603,True
55604,True
55605,True
55606,True
55607,True
55608,True
55609,True
55610,True
55611,True
55612,True
55613,True
55614,True
55615,True
55616,True
55617,True
55618,True
55619,True
55620,True
55621,True
55622,True
55623,True
55624,True
55625,True
55626,True
55627,True
55628,True
55629,True
55630,True
55631,True
55632,True
55633,True
55634,True
55635,True
55636,True
55637,True
55638,True
55639,True
55640,True
55641,True
55642,True
55643,True
55644,True
55645,True
55646,True
55647,True
55648,True
55649,True
55650,True
55651,True
55652,True
55653,True
55654,True
55655,True
55656,True
55657,True
55658,True
55659,True
55660,True
55661,True
55662,True
55663,True
55664,True
55665,True
55666,True
55667,True
55668,True
55669,True
55670,True
55671,True
55672,True
55673,True
55674,True
55675,True
55676,True
55677,True
55678,True
55679,True
55680,True
55681,True
55682,True
55683,True
55684,True
55685,True
55686,True
55687,True
55688,True
55689,True
55690,True
55691,True
55692,True
55693,True
55694,True
55695,True
55696,True
55697,True
55698,True
55699,True
55700,True
55701,True
55702,True
55703,True
55704,True
55705,True
55706,True
55707,True
55708,True
55709,True
55710,True
55711,True
55712,True
55713,True
55714,True
55715,True
55716,True
55717,True
55718,True
55719,True
55720,True
55721,True
55722,True
55723,True
55724,True
55725,True
55726,True
55727,True
55728,True
55729,True
55730,True
55731,True
55732,True
55733,True
55734,True
55735,True
55736,True
55737,True
55738,True
55739,True
55740,True
55741,True
55742,True
55743,True
55744,True
55745,True
55746,True
55747,True
55748,True
55749,True
55750,True
55751,True
55752,True
55753,True
55754,True
55755,True
55756,True
55757,True
55758,True
55759,True
55760,True
55761,True
55762,True
55763,True
55764,True
55765,True
55766,True
55767,True
55768,True
55769,True
55770,True
55771,True
55772,True
55773,True
55774,True
55775,True
55776,True
55777,True
55778,True
55779,True
55780,True
55781,True
55782,True
55783,True
55784,True
55785,True
55786,True
55787,True
55788,True
55789,True
55790,True
55791,True
55792,True
55793,True
55794,True
55795,True
55796,True
55797,True
55798,True
55799,True
55800,True
55801,True
55802,True
55803,True
55804,True
55805,True
55806,True
55807,True
55808,True
55809,True
55810,True
55811,True
55812,True
55813,True
55814,True
55815,True
55816,True
55817,True
55818,True
55819,True
55820,True
55821,True
55822,True
55823,True
55824,True
55825,True
55826,True
55827,True
55828,True
55829,True
55830,True
55831,True
55832,True
55833,True
55834,True
55835,True
55836,True
55837,True
55838,True
55839,True
55840,True
55841,True
55842,True
55843,True
55844,True
55845,True
55846,True
55847,True
55848,True
55849,True
55850,True
55851,True
55852,True
55853,True
55854,True
55855,True
55856,True
55857,True
55858,True
55859,True
55860,True
55861,True
55862,True
55863,True
55864,True
55865,True
55866,True
55867,True
55868,True
55869,True
55870,True
55871,True
55872,True
55873,True
55874,True
55875,True
55876,True
55877,True
55878,True
55879,True
55880,True
55881,True
55882,True
55883,True
55884,True
55885,True
55886,True
55887,True
55888,True
55889,True
55890,True
55891,True
55892,True
55893,True
55894,True
55895,True
55896,True
55897,True
55898,True
55899,True
55900,True
55901,True
55902,True
55903,True
55904,True
55905,True
55906,True
55907,True
55908,True
55909,True
55910,True
55911,True
55912,True
55913,True
55914,True
55915,True
55916,True
55917,True
55918,True
55919,True
55920,True
55921,True
55922,True
55923,True
55924,True
55925,True
55926,True
55927,True
55928,True
55929,True
55930,True
55931,True
55932,True
55933,True
55934,True
55935,True
55936,True
55937,True
55938,True
55939,True
55940,True
55941,True
55942,True
55943,True
55944,True
55945,True
55946,True
55947,True
55948,True
55949,True
55950,True
55951,True
55952,True
55953,True
55954,True
55955,True
55956,True
55957,True
55958,True
55959,True
55960,True
55961,True
55962,True
55963,True
55964,True
55965,True
55966,True
55967,True
55968,True
55969,True
55970,True
55971,True
55972,True
55973,True
55974,True
55975,True
55976,True
55977,True
55978,True
55979,True
55980,True
55981,True
55982,True
55983,True
55984,True
55985,True
55986,True
55987,True
55988,True
55989,True
55990,True
55991,True
55992,True
55993,True
55994,True
55995,True
55996,True
55997,True
55998,True
55999,True
56000,True
56001,True
56002,True
56003,True
56004,True
56005,True
56006,True
56007,True
56008,True
56009,True
56010,True
56011,True
56012,True
56013,True
56014,True
56015,True
56016,True
56017,True
56018,True
56019,True
56020,True
56021,True
56022,True
56023,True
56024,True
56025,True
56026,True
56027,True
56028,True
56029,True
56030,True
56031,True
56032,True
56033,True
56034,True
56035,True
56036,True
56037,True
56038,True
56039,True
56040,True
56041,True
56042,True
56043,True
56044,True
56045,True
56046,True
56047,True
56048,True
56049,True
56050,True
56051,True
56052,True
56053,True
56054,True
56055,True
56056,True
56057,True
56058,True
56059,True
56060,True
56061,True
56062,True
56063,True
56064,True
56065,True
56066,True
56067,True
56068,True
56069,True
56070,True
56071,True
56072,True
56073,True
56074,True
56075,True
56076,True
56077,True
56078,True
56079,True
56080,True
56081,True
56082,True
56083,True
56084,True
56085,True
56086,True
56087,True
56088,True
56089,True
56090,True
56091,True
56092,True
56093,True
56094,True
56095,True
56096,True
56097,True
56098,True
56099,True
56100,True
56101,True
56102,True
56103,True
56104,True
56105,True
56106,True
56107,True
56108,True
56109,True
56110,True
56111,True
56112,True
56113,True
56114,True
56115,True
56116,True
56117,True
56118,True
56119,True
56120,True
56121,True
56122,True
56123,True
56124,True
56125,True
56126,True
56127,True
56128,True
56129,True
56130,True
56131,True
56132,True
56133,True
56134,True
56135,True
56136,True
56137,True
56138,True
56139,True
56140,True
56141,True
56142,True
56143,True
56144,True
56145,True
56146,True
56147,True
56148,True
56149,True
56150,True
56151,True
56152,True
56153,True
56154,True
56155,True
56156,True
56157,True
56158,True
56159,True
56160,True
56161,True
56162,True
56163,True
56164,True
56165,True
56166,True
56167,True
56168,True
56169,True
56170,True
56171,True
56172,True
56173,True
56174,True
56175,True
56176,True
56177,True
56178,True
56179,True
56180,True
56181,True
56182,True
56183,True
56184,True
56185,True
56186,True
56187,True
56188,True
56189,True
56190,True
56191,True
56192,True
56193,True
56194,True
56195,True
56196,True
56197,True
56198,True
56199,True
56200,True
56201,True
56202,True
56203,True
56204,True
56205,True
56206,True
56207,True
56208,True
56209,True
56210,True
56211,True
56212,True
56213,True
56214,True
56215,True
56216,True
56217,True
56218,True
56219,True
56220,True
56221,True
56222,True
56223,True
56224,True
56225,True
56226,True
56227,True
56228,True
56229,True
56230,True
56231,True
56232,True
56233,True
56234,True
56235,True
56236,True
56237,True
56238,True
56239,True
56240,True
56241,True
56242,True
56243,True
56244,True
56245,True
56246,True
56247,True
56248,True
56249,True
56250,True
56251,True
56252,True
56253,True
56254,True
56255,True
56256,True
56257,True
56258,True
56259,True
56260,True
56261,True
56262,True
56263,True
56264,True
56265,True
56266,True
56267,True
56268,True
56269,True
56270,True
56271,True
56272,True
56273,True
56274,True
56275,True
56276,True
56277,True
56278,True
56279,True
56280,True
56281,True
56282,True
56283,True
56284,True
56285,True
56286,True
56287,True
56288,True
56289,True
56290,True
56291,True
56292,True
56293,True
56294,True
56295,True
56296,True
56297,True
56298,True
56299,True
56300,True
56301,True
56302,True
56303,True
56304,True
56305,True
56306,True
56307,True
56308,True
56309,True
56310,True
56311,True
56312,True
56313,True
56314,True
56315,True
56316,True
56317,True
56318,True
56319,True
56320,True
56321,True
56322,True
56323,True
56324,True
56325,True
56326,True
56327,True
56328,True
56329,True
56330,True
56331,True
56332,True
56333,True
56334,True
56335,True
56336,True
56337,True
56338,True
56339,True
56340,True
56341,True
56342,True
56343,True
56344,True
56345,True
56346,True
56347,True
56348,True
56349,True
56350,True
56351,True
56352,True
56353,True
56354,True
56355,True
56356,True
56357,True
56358,True
56359,True
56360,True
56361,True
56362,True
56363,True
56364,True
56365,True
56366,True
56367,True
56368,True
56369,True
56370,True
56371,True
56372,True
56373,True
56374,True
56375,True
56376,True
56377,True
56378,True
56379,True
56380,True
56381,True
56382,True
56383,True
56384,True
56385,True
56386,True
56387,True
56388,True
56389,True
56390,True
56391,True
56392,True
56393,True
56394,True
56395,True
56396,True
56397,True
56398,True
56399,True
56400,True
56401,True
56402,True
56403,True
56404,True
56405,True
56406,True
56407,True
56408,True
56409,True
56410,True
56411,True
56412,True
56413,True
56414,True
56415,True
56416,True
56417,True
56418,True
56419,True
56420,True
56421,True
56422,True
56423,True
56424,True
56425,True
56426,True
56427,True
56428,True
56429,True
56430,True
56431,True
56432,True
56433,True
56434,True
56435,True
56436,True
56437,True
56438,True
56439,True
56440,True
56441,True
56442,True
56443,True
56444,True
56445,True
56446,True
56447,True
56448,True
56449,True
56450,True
56451,True
56452,True
56453,True
56454,True
56455,True
56456,True
56457,True
56458,True
56459,True
56460,True
56461,True
56462,True
56463,True
56464,True
56465,True
56466,True
56467,True
56468,True
56469,True
56470,True
56471,True
56472,True
56473,True
56474,True
56475,True
56476,True
56477,True
56478,True
56479,True
56480,True
56481,True
56482,True
56483,True
56484,True
56485,True
56486,True
56487,True
56488,True
56489,True
56490,True
56491,True
56492,True
56493,True
56494,True
56495,True
56496,True
56497,True
56498,True
56499,True
56500,True
56501,True
56502,True
56503,True
56504,True
56505,True
56506,True
56507,True
56508,True
56509,True
56510,True
56511,True
56512,True
56513,True
56514,True
56515,True
56516,True
56517,True
56518,True
56519,True
56520,True
56521,True
56522,True
56523,True
56524,True
56525,True
56526,True
56527,True
56528,True
56529,True
56530,True
56531,True
56532,True
56533,True
56534,True
56535,True
56536,True
56537,True
56538,True
56539,True
56540,True
56541,True
56542,True
56543,True
56544,True
56545,True
56546,True
56547,True
56548,True
56549,True
56550,True
56551,True
56552,True
56553,True
56554,True
56555,True
56556,True
56557,True
56558,True
56559,True
56560,True
56561,True
56562,True
56563,True
56564,True
56565,True
56566,True
56567,True
56568,True
56569,True
56570,True
56571,True
56572,True
56573,True
56574,True
56575,True
56576,True
56577,True
56578,True
56579,True
56580,True
56581,True
56582,True
56583,True
56584,True
56585,True
56586,True
56587,True
56588,True
56589,True
56590,True
56591,True
56592,True
56593,True
56594,True
56595,True
56596,True
56597,True
56598,True
56599,True
56600,True
56601,True
56602,True
56603,True
56604,True
56605,True
56606,True
56607,True
56608,True
56609,True
56610,True
56611,True
56612,True
56613,True
56614,True
56615,True
56616,True
56617,True
56618,True
56619,True
56620,True
56621,True
56622,True
56623,True
56624,True
56625,True
56626,True
56627,True
56628,True
56629,True
56630,True
56631,True
56632,True
56633,True
56634,True
56635,True
56636,True
56637,True
56638,True
56639,True
56640,True
56641,True
56642,True
56643,True
56644,True
56645,True
56646,True
56647,True
56648,True
56649,True
56650,True
56651,True
56652,True
56653,True
56654,True
56655,True
56656,True
56657,True
56658,True
56659,True
56660,True
56661,True
56662,True
56663,True
56664,True
56665,True
56666,True
56667,True
56668,True
56669,True
56670,True
56671,True
56672,True
56673,True
56674,True
56675,True
56676,True
56677,True
56678,True
56679,True
56680,True
56681,True
56682,True
56683,True
56684,True
56685,True
56686,True
56687,True
56688,True
56689,True
56690,True
56691,True
56692,True
56693,True
56694,True
56695,True
56696,True
56697,True
56698,True
56699,True
56700,True
56701,True
56702,True
56703,True
56704,True
56705,True
56706,True
56707,True
56708,True
56709,True
56710,True
56711,True
56712,True
56713,True
56714,True
56715,True
56716,True
56717,True
56718,True
56719,True
56720,True
56721,True
56722,True
56723,True
56724,True
56725,True
56726,True
56727,True
56728,True
56729,True
56730,True
56731,True
56732,True
56733,True
56734,True
56735,True
56736,True
56737,True
56738,True
56739,True
56740,True
56741,True
56742,True
56743,True
56744,True
56745,True
56746,True
56747,True
56748,True
56749,True
56750,True
56751,True
56752,True
56753,True
56754,True
56755,True
56756,True
56757,True
56758,True
56759,True
56760,True
56761,True
56762,True
56763,True
56764,True
56765,True
56766,True
56767,True
56768,True
56769,True
56770,True
56771,True
56772,True
56773,True
56774,True
56775,True
56776,True
56777,True
56778,True
56779,True
56780,True
56781,True
56782,True
56783,True
56784,True
56785,True
56786,True
56787,True
56788,True
56789,True
56790,True
56791,True
56792,True
56793,True
56794,True
56795,True
56796,True
56797,True
56798,True
56799,True
56800,True
56801,True
56802,True
56803,True
56804,True
56805,True
56806,True
56807,True
56808,True
56809,True
56810,True
56811,True
56812,True
56813,True
56814,True
56815,True
56816,True
56817,True
56818,True
56819,True
56820,True
56821,True
56822,True
56823,True
56824,True
56825,True
56826,True
56827,True
56828,True
56829,True
56830,True
56831,True
56832,True
56833,True
56834,True
56835,True
56836,True
56837,True
56838,True
56839,True
56840,True
56841,True
56842,True
56843,True
56844,True
56845,True
56846,True
56847,True
56848,True
56849,True
56850,True
56851,True
56852,True
56853,True
56854,True
56855,True
56856,True
56857,True
56858,True
56859,True
56860,True
56861,True
56862,True
56863,True
56864,True
56865,True
56866,True
56867,True
56868,True
56869,True
56870,True
56871,True
56872,True
56873,True
56874,True
56875,True
56876,True
56877,True
56878,True
56879,True
56880,True
56881,True
56882,True
56883,True
56884,True
56885,True
56886,True
56887,True
56888,True
56889,True
56890,True
56891,True
56892,True
56893,True
56894,True
56895,True
56896,True
56897,True
56898,True
56899,True
56900,True
56901,True
56902,True
56903,True
56904,True
56905,True
56906,True
56907,True
56908,True
56909,True
56910,True
56911,True
56912,True
56913,True
56914,True
56915,True
56916,True
56917,True
56918,True
56919,True
56920,True
56921,True
56922,True
56923,True
56924,True
56925,True
56926,True
56927,True
56928,True
56929,True
56930,True
56931,True
56932,True
56933,True
56934,True
56935,True
56936,True
56937,True
56938,True
56939,True
56940,True
56941,True
56942,True
56943,True
56944,True
56945,True
56946,True
56947,True
56948,True
56949,True
56950,True
56951,True
56952,True
56953,True
56954,True
56955,True
56956,True
56957,True
56958,True
56959,True
56960,True
56961,True
56962,True
56963,True
56964,True
56965,True
56966,True
56967,True
56968,True
56969,True
56970,True
56971,True
56972,True
56973,True
56974,True
56975,True
56976,True
56977,True
56978,True
56979,True
56980,True
56981,True
56982,True
56983,True
56984,True
56985,True
56986,True
56987,True
56988,True
56989,True
56990,True
56991,True
56992,True
56993,True
56994,True
56995,True
56996,True
56997,True
56998,True
56999,True
57000,True
57001,True
57002,True
57003,True
57004,True
57005,True
57006,True
57007,True
57008,True
57009,True
57010,True
57011,True
57012,True
57013,True
57014,True
57015,True
57016,True
57017,True
57018,True
57019,True
57020,True
57021,True
57022,True
57023,True
57024,True
57025,True
57026,True
57027,True
57028,True
57029,True
57030,True
57031,True
57032,True
57033,True
57034,True
57035,True
57036,True
57037,True
57038,True
57039,True
57040,True
57041,True
57042,True
57043,True
57044,True
57045,True
57046,True
57047,True
57048,True
57049,True
57050,True
57051,True
57052,True
57053,True
57054,True
57055,True
57056,True
57057,True
57058,True
57059,True
57060,True
57061,True
57062,True
57063,True
57064,True
57065,True
57066,True
57067,True
57068,True
57069,True
57070,True
57071,True
57072,True
57073,True
57074,True
57075,True
57076,True
57077,True
57078,True
57079,True
57080,True
57081,True
57082,True
57083,True
57084,True
57085,True
57086,True
57087,True
57088,True
57089,True
57090,True
57091,True
57092,True
57093,True
57094,True
57095,True
57096,True
57097,True
57098,True
57099,True
57100,True
57101,True
57102,True
57103,True
57104,True
57105,True
57106,True
57107,True
57108,True
57109,True
57110,True
57111,True
57112,True
57113,True
57114,True
57115,True
57116,True
57117,True
57118,True
57119,True
57120,True
57121,True
57122,True
57123,True
57124,True
57125,True
57126,True
57127,True
57128,True
57129,True
57130,True
57131,True
57132,True
57133,True
57134,True
57135,True
57136,True
57137,True
57138,True
57139,True
57140,True
57141,True
57142,True
57143,True
57144,True
57145,True
57146,True
57147,True
57148,True
57149,True
57150,True
57151,True
57152,True
57153,True
57154,True
57155,True
57156,True
57157,True
57158,True
57159,True
57160,True
57161,True
57162,True
57163,True
57164,True
57165,True
57166,True
57167,True
57168,True
57169,True
57170,True
57171,True
57172,True
57173,True
57174,True
57175,True
57176,True
57177,True
57178,True
57179,True
57180,True
57181,True
57182,True
57183,True
57184,True
57185,True
57186,True
57187,True
57188,True
57189,True
57190,True
57191,True
57192,True
57193,True
57194,True
57195,True
57196,True
57197,True
57198,True
57199,True
57200,True
57201,True
57202,True
57203,True
57204,True
57205,True
57206,True
57207,True
57208,True
57209,True
57210,True
57211,True
57212,True
57213,True
57214,True
57215,True
57216,True
57217,True
57218,True
57219,True
57220,True
57221,True
57222,True
57223,True
57224,True
57225,True
57226,True
57227,True
57228,True
57229,True
57230,True
57231,True
57232,True
57233,True
57234,True
57235,True
57236,True
57237,True
57238,True
57239,True
57240,True
57241,True
57242,True
57243,True
57244,True
57245,True
57246,True
57247,True
57248,True
57249,True
57250,True
57251,True
57252,True
57253,True
57254,True
57255,True
57256,True
57257,True
57258,True
57259,True
57260,True
57261,True
57262,True
57263,True
57264,True
57265,True
57266,True
57267,True
57268,True
57269,True
57270,True
57271,True
57272,True
57273,True
57274,True
57275,True
57276,True
57277,True
57278,True
57279,True
57280,True
57281,True
57282,True
57283,True
57284,True
57285,True
57286,True
57287,True
57288,True
57289,True
57290,True
57291,True
57292,True
57293,True
57294,True
57295,True
57296,True
57297,True
57298,True
57299,True
57300,True
57301,True
57302,True
57303,True
57304,True
57305,True
57306,True
57307,True
57308,True
57309,True
57310,True
57311,True
57312,True
57313,True
57314,True
57315,True
57316,True
57317,True
57318,True
57319,True
57320,True
57321,True
57322,True
57323,True
57324,True
57325,True
57326,True
57327,True
57328,True
57329,True
57330,True
57331,True
57332,True
57333,True
57334,True
57335,True
57336,True
57337,True
57338,True
57339,True
57340,True
57341,True
57342,True
57343,True
57344,True
57345,True
57346,True
57347,True
57348,True
57349,True
57350,True
57351,True
57352,True
57353,True
57354,True
57355,True
57356,True
57357,True
57358,True
57359,True
57360,True
57361,True
57362,True
57363,True
57364,True
57365,True
57366,True
57367,True
57368,True
57369,True
57370,True
57371,True
57372,True
57373,True
57374,True
57375,True
57376,True
57377,True
57378,True
57379,True
57380,True
57381,True
57382,True
57383,True
57384,True
57385,True
57386,True
57387,True
57388,True
57389,True
57390,True
57391,True
57392,True
57393,True
57394,True
57395,True
57396,True
57397,True
57398,True
57399,True
57400,True
57401,True
57402,True
57403,True
57404,True
57405,True
57406,True
57407,True
57408,True
57409,True
57410,True
57411,True
57412,True
57413,True
57414,True
57415,True
57416,True
57417,True
57418,True
57419,True
57420,True
57421,True
57422,True
57423,True
57424,True
57425,True
57426,True
57427,True
57428,True
57429,True
57430,True
57431,True
57432,True
57433,True
57434,True
57435,True
57436,True
57437,True
57438,True
57439,True
57440,True
57441,True
57442,True
57443,True
57444,True
57445,True
57446,True
57447,True
57448,True
57449,True
57450,True
57451,True
57452,True
57453,True
57454,True
57455,True
57456,True
57457,True
57458,True
57459,True
57460,True
57461,True
57462,True
57463,True
57464,True
57465,True
57466,True
57467,True
57468,True
57469,True
57470,True
57471,True
57472,True
57473,True
57474,True
57475,True
57476,True
57477,True
57478,True
57479,True
57480,True
57481,True
57482,True
57483,True
57484,True
57485,True
57486,True
57487,True
57488,True
57489,True
57490,True
57491,True
57492,True
57493,True
57494,True
57495,True
57496,True
57497,True
57498,True
57499,True
57500,True
57501,True
57502,True
57503,True
57504,True
57505,True
57506,True
57507,True
57508,True
57509,True
57510,True
57511,True
57512,True
57513,True
57514,True
57515,True
57516,True
57517,True
57518,True
57519,True
57520,True
57521,True
57522,True
57523,True
57524,True
57525,True
57526,True
57527,True
57528,True
57529,True
57530,True
57531,True
57532,True
57533,True
57534,True
57535,True
57536,True
57537,True
57538,True
57539,True
57540,True
57541,True
57542,True
57543,True
57544,True
57545,True
57546,True
57547,True
57548,True
57549,True
57550,True
57551,True
57552,True
57553,True
57554,True
57555,True
57556,True
57557,True
57558,True
57559,True
57560,True
57561,True
57562,True
57563,True
57564,True
57565,True
57566,True
57567,True
57568,True
57569,True
57570,True
57571,True
57572,True
57573,True
57574,True
57575,True
57576,True
57577,True
57578,True
57579,True
57580,True
57581,True
57582,True
57583,True
57584,True
57585,True
57586,True
57587,True
57588,True
57589,True
57590,True
57591,True
57592,True
57593,True
57594,True
57595,True
57596,True
57597,True
57598,True
57599,True
57600,True
57601,True
57602,True
57603,True
57604,True
57605,True
57606,True
57607,True
57608,True
57609,True
57610,True
57611,True
57612,True
57613,True
57614,True
57615,True
57616,True
57617,True
57618,True
57619,True
57620,True
57621,True
57622,True
57623,True
57624,True
57625,True
57626,True
57627,True
57628,True
57629,True
57630,True
57631,True
57632,True
57633,True
57634,True
57635,True
57636,True
57637,True
57638,True
57639,True
57640,True
57641,True
57642,True
57643,True
57644,True
57645,True
57646,True
57647,True
57648,True
57649,True
57650,True
57651,True
57652,True
57653,True
57654,True
57655,True
57656,True
57657,True
57658,True
57659,True
57660,True
57661,True
57662,True
57663,True
57664,True
57665,True
57666,True
57667,True
57668,True
57669,True
57670,True
57671,True
57672,True
57673,True
57674,True
57675,True
57676,True
57677,True
57678,True
57679,True
57680,True
57681,True
57682,True
57683,True
57684,True
57685,True
57686,True
57687,True
57688,True
57689,True
57690,True
57691,True
57692,True
57693,True
57694,True
57695,True
57696,True
57697,True
57698,True
57699,True
57700,True
57701,True
57702,True
57703,True
57704,True
57705,True
57706,True
57707,True
57708,True
57709,True
57710,True
57711,True
57712,True
57713,True
57714,True
57715,True
57716,True
57717,True
57718,True
57719,True
57720,True
57721,True
57722,True
57723,True
57724,True
57725,True
57726,True
57727,True
57728,True
57729,True
57730,True
57731,True
57732,True
57733,True
57734,True
57735,True
57736,True
57737,True
57738,True
57739,True
57740,True
57741,True
57742,True
57743,True
57744,True
57745,True
57746,True
57747,True
57748,True
57749,True
57750,True
57751,True
57752,True
57753,True
57754,True
57755,True
57756,True
57757,True
57758,True
57759,True
57760,True
57761,True
57762,True
57763,True
57764,True
57765,True
57766,True
57767,True
57768,True
57769,True
57770,True
57771,True
57772,True
57773,True
57774,True
57775,True
57776,True
57777,True
57778,True
57779,True
57780,True
57781,True
57782,True
57783,True
57784,True
57785,True
57786,True
57787,True
57788,True
57789,True
57790,True
57791,True
57792,True
57793,True
57794,True
57795,True
57796,True
57797,True
57798,True
57799,True
57800,True
57801,True
57802,True
57803,True
57804,True
57805,True
57806,True
57807,True
57808,True
57809,True
57810,True
57811,True
57812,True
57813,True
57814,True
57815,True
57816,True
57817,True
57818,True
57819,True
57820,True
57821,True
57822,True
57823,True
57824,True
57825,True
57826,True
57827,True
57828,True
57829,True
57830,True
57831,True
57832,True
57833,True
57834,True
57835,True
57836,True
57837,True
57838,True
57839,True
57840,True
57841,True
57842,True
57843,True
57844,True
57845,True
57846,True
57847,True
57848,True
57849,True
57850,True
57851,True
57852,True
57853,True
57854,True
57855,True
57856,True
57857,True
57858,True
57859,True
57860,True
57861,True
57862,True
57863,True
57864,True
57865,True
57866,True
57867,True
57868,True
57869,True
57870,True
57871,True
57872,True
57873,True
57874,True
57875,True
57876,True
57877,True
57878,True
57879,True
57880,True
57881,True
57882,True
57883,True
57884,True
57885,True
57886,True
57887,True
57888,True
57889,True
57890,True
57891,True
57892,True
57893,True
57894,True
57895,True
57896,True
57897,True
57898,True
57899,True
57900,True
57901,True
57902,True
57903,True
57904,True
57905,True
57906,True
57907,True
57908,True
57909,True
57910,True
57911,True
57912,True
57913,True
57914,True
57915,True
57916,True
57917,True
57918,True
57919,True
57920,True
57921,True
57922,True
57923,True
57924,True
57925,True
57926,True
57927,True
57928,True
57929,True
57930,True
57931,True
57932,True
57933,True
57934,True
57935,True
57936,True
57937,True
57938,True
57939,True
57940,True
57941,True
57942,True
57943,True
57944,True
57945,True
57946,True
57947,True
57948,True
57949,True
57950,True
57951,True
57952,True
57953,True
57954,True
57955,True
57956,True
57957,True
57958,True
57959,True
57960,True
57961,True
57962,True
57963,True
57964,True
57965,True
57966,True
57967,True
57968,True
57969,True
57970,True
57971,True
57972,True
57973,True
57974,True
57975,True
57976,True
57977,True
57978,True
57979,True
57980,True
57981,True
57982,True
57983,True
57984,True
57985,True
57986,True
57987,True
57988,True
57989,True
57990,True
57991,True
57992,True
57993,True
57994,True
57995,True
57996,True
57997,True
57998,True
57999,True
58000,True
58001,True
58002,True
58003,True
58004,True
58005,True
58006,True
58007,True
58008,True
58009,True
58010,True
58011,True
58012,True
58013,True
58014,True
58015,True
58016,True
58017,True
58018,True
58019,True
58020,True
58021,True
58022,True
58023,True
58024,True
58025,True
58026,True
58027,True
58028,True
58029,True
58030,True
58031,True
58032,True
58033,True
58034,True
58035,True
58036,True
58037,True
58038,True
58039,True
58040,True
58041,True
58042,True
58043,True
58044,True
58045,True
58046,True
58047,True
58048,True
58049,True
58050,True
58051,True
58052,True
58053,True
58054,True
58055,True
58056,True
58057,True
58058,True
58059,True
58060,True
58061,True
58062,True
58063,True
58064,True
58065,True
58066,True
58067,True
58068,True
58069,True
58070,True
58071,True
58072,True
58073,True
58074,True
58075,True
58076,True
58077,True
58078,True
58079,True
58080,True
58081,True
58082,True
58083,True
58084,True
58085,True
58086,True
58087,True
58088,True
58089,True
58090,True
58091,True
58092,True
58093,True
58094,True
58095,True
58096,True
58097,True
58098,True
58099,True
58100,True
58101,True
58102,True
58103,True
58104,True
58105,True
58106,True
58107,True
58108,True
58109,True
58110,True
58111,True
58112,True
58113,True
58114,True
58115,True
58116,True
58117,True
58118,True
58119,True
58120,True
58121,True
58122,True
58123,True
58124,True
58125,True
58126,True
58127,True
58128,True
58129,True
58130,True
58131,True
58132,True
58133,True
58134,True
58135,True
58136,True
58137,True
58138,True
58139,True
58140,True
58141,True
58142,True
58143,True
58144,True
58145,True
58146,True
58147,True
58148,True
58149,True
58150,True
58151,True
58152,True
58153,True
58154,True
58155,True
58156,True
58157,True
58158,True
58159,True
58160,True
58161,True
58162,True
58163,True
58164,True
58165,True
58166,True
58167,True
58168,True
58169,True
58170,True
58171,True
58172,True
58173,True
58174,True
58175,True
58176,True
58177,True
58178,True
58179,True
58180,True
58181,True
58182,True
58183,True
58184,True
58185,True
58186,True
58187,True
58188,True
58189,True
58190,True
58191,True
58192,True
58193,True
58194,True
58195,True
58196,True
58197,True
58198,True
58199,True
58200,True
58201,True
58202,True
58203,True
58204,True
58205,True
58206,True
58207,True
58208,True
58209,True
58210,True
58211,True
58212,True
58213,True
58214,True
58215,True
58216,True
58217,True
58218,True
58219,True
58220,True
58221,True
58222,True
58223,True
58224,True
58225,True
58226,True
58227,True
58228,True
58229,True
58230,True
58231,True
58232,True
58233,True
58234,True
58235,True
58236,True
58237,True
58238,True
58239,True
58240,True
58241,True
58242,True
58243,True
58244,True
58245,True
58246,True
58247,True
58248,True
58249,True
58250,True
58251,True
58252,True
58253,True
58254,True
58255,True
58256,True
58257,True
58258,True
58259,True
58260,True
58261,True
58262,True
58263,True
58264,True
58265,True
58266,True
58267,True
58268,True
58269,True
58270,True
58271,True
58272,True
58273,True
58274,True
58275,True
58276,True
58277,True
58278,True
58279,True
58280,True
58281,True
58282,True
58283,True
58284,True
58285,True
58286,True
58287,True
58288,True
58289,True
58290,True
58291,True
58292,True
58293,True
58294,True
58295,True
58296,True
58297,True
58298,True
58299,True
58300,True
58301,True
58302,True
58303,True
58304,True
58305,True
58306,True
58307,True
58308,True
58309,True
58310,True
58311,True
58312,True
58313,True
58314,True
58315,True
58316,True
58317,True
58318,True
58319,True
58320,True
58321,True
58322,True
58323,True
58324,True
58325,True
58326,True
58327,True
58328,True
58329,True
58330,True
58331,True
58332,True
58333,True
58334,True
58335,True
58336,True
58337,True
58338,True
58339,True
58340,True
58341,True
58342,True
58343,True
58344,True
58345,True
58346,True
58347,True
58348,True
58349,True
58350,True
58351,True
58352,True
58353,True
58354,True
58355,True
58356,True
58357,True
58358,True
58359,True
58360,True
58361,True
58362,True
58363,True
58364,True
58365,True
58366,True
58367,True
58368,True
58369,True
58370,True
58371,True
58372,True
58373,True
58374,True
58375,True
58376,True
58377,True
58378,True
58379,True
58380,True
58381,True
58382,True
58383,True
58384,True
58385,True
58386,True
58387,True
58388,True
58389,True
58390,True
58391,True
58392,True
58393,True
58394,True
58395,True
58396,True
58397,True
58398,True
58399,True
58400,True
58401,True
58402,True
58403,True
58404,True
58405,True
58406,True
58407,True
58408,True
58409,True
58410,True
58411,True
58412,True
58413,True
58414,True
58415,True
58416,True
58417,True
58418,True
58419,True
58420,True
58421,True
58422,True
58423,True
58424,True
58425,True
58426,True
58427,True
58428,True
58429,True
58430,True
58431,True
58432,True
58433,True
58434,True
58435,True
58436,True
58437,True
58438,True
58439,True
58440,True
58441,True
58442,True
58443,True
58444,True
58445,True
58446,True
58447,True
58448,True
58449,True
58450,True
58451,True
58452,True
58453,True
58454,True
58455,True
58456,True
58457,True
58458,True
58459,True
58460,True
58461,True
58462,True
58463,True
58464,True
58465,True
58466,True
58467,True
58468,True
58469,True
58470,True
58471,True
58472,True
58473,True
58474,True
58475,True
58476,True
58477,True
58478,True
58479,True
58480,True
58481,True
58482,True
58483,True
58484,True
58485,True
58486,True
58487,True
58488,True
58489,True
58490,True
58491,True
58492,True
58493,True
58494,True
58495,True
58496,True
58497,True
58498,True
58499,True
58500,True
58501,True
58502,True
58503,True
58504,True
58505,True
58506,True
58507,True
58508,True
58509,True
58510,True
58511,True
58512,True
58513,True
58514,True
58515,True
58516,True
58517,True
58518,True
58519,True
58520,True
58521,True
58522,True
58523,True
58524,True
58525,True
58526,True
58527,True
58528,True
58529,True
58530,True
58531,True
58532,True
58533,True
58534,True
58535,True
58536,True
58537,True
58538,True
58539,True
58540,True
58541,True
58542,True
58543,True
58544,True
58545,True
58546,True
58547,True
58548,True
58549,True
58550,True
58551,True
58552,True
58553,True
58554,True
58555,True
58556,True
58557,True
58558,True
58559,True
58560,True
58561,True
58562,True
58563,True
58564,True
58565,True
58566,True
58567,True
58568,True
58569,True
58570,True
58571,True
58572,True
58573,True
58574,True
58575,True
58576,True
58577,True
58578,True
58579,True
58580,True
58581,True
58582,True
58583,True
58584,True
58585,True
58586,True
58587,True
58588,True
58589,True
58590,True
58591,True
58592,True
58593,True
58594,True
58595,True
58596,True
58597,True
58598,True
58599,True
58600,True
58601,True
58602,True
58603,True
58604,True
58605,True
58606,True
58607,True
58608,True
58609,True
58610,True
58611,True
58612,True
58613,True
58614,True
58615,True
58616,True
58617,True
58618,True
58619,True
58620,True
58621,True
58622,True
58623,True
58624,True
58625,True
58626,True
58627,True
58628,True
58629,True
58630,True
58631,True
58632,True
58633,True
58634,True
58635,True
58636,True
58637,True
58638,True
58639,True
58640,True
58641,True
58642,True
58643,True
58644,True
58645,True
58646,True
58647,True
58648,True
58649,True
58650,True
58651,True
58652,True
58653,True
58654,True
58655,True
58656,True
58657,True
58658,True
58659,True
58660,True
58661,True
58662,True
58663,True
58664,True
58665,True
58666,True
58667,True
58668,True
58669,True
58670,True
58671,True
58672,True
58673,True
58674,True
58675,True
58676,True
58677,True
58678,True
58679,True
58680,True
58681,True
58682,True
58683,True
58684,True
58685,True
58686,True
58687,True
58688,True
58689,True
58690,True
58691,True
58692,True
58693,True
58694,True
58695,True
58696,True
58697,True
58698,True
58699,True
58700,True
58701,True
58702,True
58703,True
58704,True
58705,True
58706,True
58707,True
58708,True
58709,True
58710,True
58711,True
58712,True
58713,True
58714,True
58715,True
58716,True
58717,True
58718,True
58719,True
58720,True
58721,True
58722,True
58723,True
58724,True
58725,True
58726,True
58727,True
58728,True
58729,True
58730,True
58731,True
58732,True
58733,True
58734,True
58735,True
58736,True
58737,True
58738,True
58739,True
58740,True
58741,True
58742,True
58743,True
58744,True
58745,True
58746,True
58747,True
58748,True
58749,True
58750,True
58751,True
58752,True
58753,True
58754,True
58755,True
58756,True
58757,True
58758,True
58759,True
58760,True
58761,True
58762,True
58763,True
58764,True
58765,True
58766,True
58767,True
58768,True
58769,True
58770,True
58771,True
58772,True
58773,True
58774,True
58775,True
58776,True
58777,True
58778,True
58779,True
58780,True
58781,True
58782,True
58783,True
58784,True
58785,True
58786,True
58787,True
58788,True
58789,True
58790,True
58791,True
58792,True
58793,True
58794,True
58795,True
58796,True
58797,True
58798,True
58799,True
58800,True
58801,True
58802,True
58803,True
58804,True
58805,True
58806,True
58807,True
58808,True
58809,True
58810,True
58811,True
58812,True
58813,True
58814,True
58815,True
58816,True
58817,True
58818,True
58819,True
58820,True
58821,True
58822,True
58823,True
58824,True
58825,True
58826,True
58827,True
58828,True
58829,True
58830,True
58831,True
58832,True
58833,True
58834,True
58835,True
58836,True
58837,True
58838,True
58839,True
58840,True
58841,True
58842,True
58843,True
58844,True
58845,True
58846,True
58847,True
58848,True
58849,True
58850,True
58851,True
58852,True
58853,True
58854,True
58855,True
58856,True
58857,True
58858,True
58859,True
58860,True
58861,True
58862,True
58863,True
58864,True
58865,True
58866,True
58867,True
58868,True
58869,True
58870,True
58871,True
58872,True
58873,True
58874,True
58875,True
58876,True
58877,True
58878,True
58879,True
58880,True
58881,True
58882,True
58883,True
58884,True
58885,True
58886,True
58887,True
58888,True
58889,True
58890,True
58891,True
58892,True
58893,True
58894,True
58895,True
58896,True
58897,True
58898,True
58899,True
58900,True
58901,True
58902,True
58903,True
58904,True
58905,True
58906,True
58907,True
58908,True
58909,True
58910,True
58911,True
58912,True
58913,True
58914,True
58915,True
58916,True
58917,True
58918,True
58919,True
58920,True
58921,True
58922,True
58923,True
58924,True
58925,True
58926,True
58927,True
58928,True
58929,True
58930,True
58931,True
58932,True
58933,True
58934,True
58935,True
58936,True
58937,True
58938,True
58939,True
58940,True
58941,True
58942,True
58943,True
58944,True
58945,True
58946,True
58947,True
58948,True
58949,True
58950,True
58951,True
58952,True
58953,True
58954,True
58955,True
58956,True
58957,True
58958,True
58959,True
58960,True
58961,True
58962,True
58963,True
58964,True
58965,True
58966,True
58967,True
58968,True
58969,True
58970,True
58971,True
58972,True
58973,True
58974,True
58975,True
58976,True
58977,True
58978,True
58979,True
58980,True
58981,True
58982,True
58983,True
58984,True
58985,True
58986,True
58987,True
58988,True
58989,True
58990,True
58991,True
58992,True
58993,True
58994,True
58995,True
58996,True
58997,True
58998,True
58999,True
59000,True
59001,True
59002,True
59003,True
59004,True
59005,True
59006,True
59007,True
59008,True
59009,True
59010,True
59011,True
59012,True
59013,True
59014,True
59015,True
59016,True
59017,True
59018,True
59019,True
59020,True
59021,True
59022,True
59023,True
59024,True
59025,True
59026,True
59027,True
59028,True
59029,True
59030,True
59031,True
59032,True
59033,True
59034,True
59035,True
59036,True
59037,True
59038,True
59039,True
59040,True
59041,True
59042,True
59043,True
59044,True
59045,True
59046,True
59047,True
59048,True
59049,True
59050,True
59051,True
59052,True
59053,True
59054,True
59055,True
59056,True
59057,True
59058,True
59059,True
59060,True
59061,True
59062,True
59063,True
59064,True
59065,True
59066,True
59067,True
59068,True
59069,True
59070,True
59071,True
59072,True
59073,True
59074,True
59075,True
59076,True
59077,True
59078,True
59079,True
59080,True
59081,True
59082,True
59083,True
59084,True
59085,True
59086,True
59087,True
59088,True
59089,True
59090,True
59091,True
59092,True
59093,True
59094,True
59095,True
59096,True
59097,True
59098,True
59099,True
59100,True
59101,True
59102,True
59103,True
59104,True
59105,True
59106,True
59107,True
59108,True
59109,True
59110,True
59111,True
59112,True
59113,True
59114,True
59115,True
59116,True
59117,True
59118,True
59119,True
59120,True
59121,True
59122,True
59123,True
59124,True
59125,True
59126,True
59127,True
59128,True
59129,True
59130,True
59131,True
59132,True
59133,True
59134,True
59135,True
59136,True
59137,True
59138,True
59139,True
59140,True
59141,True
59142,True
59143,True
59144,True
59145,True
59146,True
59147,True
59148,True
59149,True
59150,True
59151,True
59152,True
59153,True
59154,True
59155,True
59156,True
59157,True
59158,True
59159,True
59160,True
59161,True
59162,True
59163,True
59164,True
59165,True
59166,True
59167,True
59168,True
59169,True
59170,True
59171,True
59172,True
59173,True
59174,True
59175,True
59176,True
59177,True
59178,True
59179,True
59180,True
59181,True
59182,True
59183,True
59184,True
59185,True
59186,True
59187,True
59188,True
59189,True
59190,True
59191,True
59192,True
59193,True
59194,True
59195,True
59196,True
59197,True
59198,True
59199,True
59200,True
59201,True
59202,True
59203,True
59204,True
59205,True
59206,True
59207,True
59208,True
59209,True
59210,True
59211,True
59212,True
59213,True
59214,True
59215,True
59216,True
59217,True
59218,True
59219,True
59220,True
59221,True
59222,True
59223,True
59224,True
59225,True
59226,True
59227,True
59228,True
59229,True
59230,True
59231,True
59232,True
59233,True
59234,True
59235,True
59236,True
59237,True
59238,True
59239,True
59240,True
59241,True
59242,True
59243,True
59244,True
59245,True
59246,True
59247,True
59248,True
59249,True
59250,True
59251,True
59252,True
59253,True
59254,True
59255,True
59256,True
59257,True
59258,True
59259,True
59260,True
59261,True
59262,True
59263,True
59264,True
59265,True
59266,True
59267,True
59268,True
59269,True
59270,True
59271,True
59272,True
59273,True
59274,True
59275,True
59276,True
59277,True
59278,True
59279,True
59280,True
59281,True
59282,True
59283,True
59284,True
59285,True
59286,True
59287,True
59288,True
59289,True
59290,True
59291,True
59292,True
59293,True
59294,True
59295,True
59296,True
59297,True
59298,True
59299,True
59300,True
59301,True
59302,True
59303,True
59304,True
59305,True
59306,True
59307,True
59308,True
59309,True
59310,True
59311,True
59312,True
59313,True
59314,True
59315,True
59316,True
59317,True
59318,True
59319,True
59320,True
59321,True
59322,True
59323,True
59324,True
59325,True
59326,True
59327,True
59328,True
59329,True
59330,True
59331,True
59332,True
59333,True
59334,True
59335,True
59336,True
59337,True
59338,True
59339,True
59340,True
59341,True
59342,True
59343,True
59344,True
59345,True
59346,True
59347,True
59348,True
59349,True
59350,True
59351,True
59352,True
59353,True
59354,True
59355,True
59356,True
59357,True
59358,True
59359,True
59360,True
59361,True
59362,True
59363,True
59364,True
59365,True
59366,True
59367,True
59368,True
59369,True
59370,True
59371,True
59372,True
59373,True
59374,True
59375,True
59376,True
59377,True
59378,True
59379,True
59380,True
59381,True
59382,True
59383,True
59384,True
59385,True
59386,True
59387,True
59388,True
59389,True
59390,True
59391,True
59392,True
59393,True
59394,True
59395,True
59396,True
59397,True
59398,True
59399,True
59400,True
59401,True
59402,True
59403,True
59404,True
59405,True
59406,True
59407,True
59408,True
59409,True
59410,True
59411,True
59412,True
59413,True
59414,True
59415,True
59416,True
59417,True
59418,True
59419,True
59420,True
59421,True
59422,True
59423,True
59424,True
59425,True
59426,True
59427,True
59428,True
59429,True
59430,True
59431,True
59432,True
59433,True
59434,True
59435,True
59436,True
59437,True
59438,True
59439,True
59440,True
59441,True
59442,True
59443,True
59444,True
59445,True
59446,True
59447,True
59448,True
59449,True
59450,True
59451,True
59452,True
59453,True
59454,True
59455,True
59456,True
59457,True
59458,True
59459,True
59460,True
59461,True
59462,True
59463,True
59464,True
59465,True
59466,True
59467,True
59468,True
59469,True
59470,True
59471,True
59472,True
59473,True
59474,True
59475,True
59476,True
59477,True
59478,True
59479,True
59480,True
59481,True
59482,True
59483,True
59484,True
59485,True
59486,True
59487,True
59488,True
59489,True
59490,True
59491,True
59492,True
59493,True
59494,True
59495,True
59496,True
59497,True
59498,True
59499,True
59500,True
59501,True
59502,True
59503,True
59504,True
59505,True
59506,True
59507,True
59508,True
59509,True
59510,True
59511,True
59512,True
59513,True
59514,True
59515,True
59516,True
59517,True
59518,True
59519,True
59520,True
59521,True
59522,True
59523,True
59524,True
59525,True
59526,True
59527,True
59528,True
59529,True
59530,True
59531,True
59532,True
59533,True
59534,True
59535,True
59536,True
59537,True
59538,True
59539,True
59540,True
59541,True
59542,True
59543,True
59544,True
59545,True
59546,True
59547,True
59548,True
59549,True
59550,True
59551,True
59552,True
59553,True
59554,True
59555,True
59556,True
59557,True
59558,True
59559,True
59560,True
59561,True
59562,True
59563,True
59564,True
59565,True
59566,True
59567,True
59568,True
59569,True
59570,True
59571,True
59572,True
59573,True
59574,True
59575,True
59576,True
59577,True
59578,True
59579,True
59580,True
59581,True
59582,True
59583,True
59584,True
59585,True
59586,True
59587,True
59588,True
59589,True
59590,True
59591,True
59592,True
59593,True
59594,True
59595,True
59596,True
59597,True
59598,True
59599,True
59600,True
59601,True
59602,True
59603,True
59604,True
59605,True
59606,True
59607,True
59608,True
59609,True
59610,True
59611,True
59612,True
59613,True
59614,True
59615,True
59616,True
59617,True
59618,True
59619,True
59620,True
59621,True
59622,True
59623,True
59624,True
59625,True
59626,True
59627,True
59628,True
59629,True
59630,True
59631,True
59632,True
59633,True
59634,True
59635,True
59636,True
59637,True
59638,True
59639,True
59640,True
59641,True
59642,True
59643,True
59644,True
59645,True
59646,True
59647,True
59648,True
59649,True
59650,True
59651,True
59652,True
59653,True
59654,True
59655,True
59656,True
59657,True
59658,True
59659,True
59660,True
59661,True
59662,True
59663,True
59664,True
59665,True
59666,True
59667,True
59668,True
59669,True
59670,True
59671,True
59672,True
59673,True
59674,True
59675,True
59676,True
59677,True
59678,True
59679,True
59680,True
59681,True
59682,True
59683,True
59684,True
59685,True
59686,True
59687,True
59688,True
59689,True
59690,True
59691,True
59692,True
59693,True
59694,True
59695,True
59696,True
59697,True
59698,True
59699,True
59700,True
59701,True
59702,True
59703,True
59704,True
59705,True
59706,True
59707,True
59708,True
59709,True
59710,True
59711,True
59712,True
59713,True
59714,True
59715,True
59716,True
59717,True
59718,True
59719,True
59720,True
59721,True
59722,True
59723,True
59724,True
59725,True
59726,True
59727,True
59728,True
59729,True
59730,True
59731,True
59732,True
59733,True
59734,True
59735,True
59736,True
59737,True
59738,True
59739,True
59740,True
59741,True
59742,True
59743,True
59744,True
59745,True
59746,True
59747,True
59748,True
59749,True
59750,True
59751,True
59752,True
59753,True
59754,True
59755,True
59756,True
59757,True
59758,True
59759,True
59760,True
59761,True
59762,True
59763,True
59764,True
59765,True
59766,True
59767,True
59768,True
59769,True
59770,True
59771,True
59772,True
59773,True
59774,True
59775,True
59776,True
59777,True
59778,True
59779,True
59780,True
59781,True
59782,True
59783,True
59784,True
59785,True
59786,True
59787,True
59788,True
59789,True
59790,True
59791,True
59792,True
59793,True
59794,True
59795,True
59796,True
59797,True
59798,True
59799,True
59800,True
59801,True
59802,True
59803,True
59804,True
59805,True
59806,True
59807,True
59808,True
59809,True
59810,True
59811,True
59812,True
59813,True
59814,True
59815,True
59816,True
59817,True
59818,True
59819,True
59820,True
59821,True
59822,True
59823,True
59824,True
59825,True
59826,True
59827,True
59828,True
59829,True
59830,True
59831,True
59832,True
59833,True
59834,True
59835,True
59836,True
59837,True
59838,True
59839,True
59840,True
59841,True
59842,True
59843,True
59844,True
59845,True
59846,True
59847,True
59848,True
59849,True
59850,True
59851,True
59852,True
59853,True
59854,True
59855,True
59856,True
59857,True
59858,True
59859,True
59860,True
59861,True
59862,True
59863,True
59864,True
59865,True
59866,True
59867,True
59868,True
59869,True
59870,True
59871,True
59872,True
59873,True
59874,True
59875,True
59876,True
59877,True
59878,True
59879,True
59880,True
59881,True
59882,True
59883,True
59884,True
59885,True
59886,True
59887,True
59888,True
59889,True
59890,True
59891,True
59892,True
59893,True
59894,True
59895,True
59896,True
59897,True
59898,True
59899,True
59900,True
59901,True
59902,True
59903,True
59904,True
59905,True
59906,True
59907,True
59908,True
59909,True
59910,True
59911,True
59912,True
59913,True
59914,True
59915,True
59916,True
59917,True
59918,True
59919,True
59920,True
59921,True
59922,True
59923,True
59924,True
59925,True
59926,True
59927,True
59928,True
59929,True
59930,True
59931,True
59932,True
59933,True
59934,True
59935,True
59936,True
59937,True
59938,True
59939,True
59940,True
59941,True
59942,True
59943,True
59944,True
59945,True
59946,True
59947,True
59948,True
59949,True
59950,True
59951,True
59952,True
59953,True
59954,True
59955,True
59956,True
59957,True
59958,True
59959,True
59960,True
59961,True
59962,True
59963,True
59964,True
59965,True
59966,True
59967,True
59968,True
59969,True
59970,True
59971,True
59972,True
59973,True
59974,True
59975,True
59976,True
59977,True
59978,True
59979,True
59980,True
59981,True
59982,True
59983,True
59984,True
59985,True
59986,True
59987,True
59988,True
59989,True
59990,True
59991,True
59992,True
59993,True
59994,True
59995,True
59996,True
59997,True
59998,True
59999,True
60000,True
60001,True
60002,True
60003,True
60004,True
60005,True
60006,True
60007,True
60008,True
60009,True
60010,True
60011,True
60012,True
60013,True
60014,True
60015,True
60016,True
60017,True
60018,True
60019,True
60020,True
60021,True
60022,True
60023,True
60024,True
60025,True
60026,True
60027,True
60028,True
60029,True
60030,True
60031,True
60032,True
60033,True
60034,True
60035,True
60036,True
60037,True
60038,True
60039,True
60040,True
60041,True
60042,True
60043,True
60044,True
60045,True
60046,True
60047,True
60048,True
60049,True
60050,True
60051,True
60052,True
60053,True
60054,True
60055,True
60056,True
60057,True
60058,True
60059,True
60060,True
60061,True
60062,True
60063,True
60064,True
60065,True
60066,True
60067,True
60068,True
60069,True
60070,True
60071,True
60072,True
60073,True
60074,True
60075,True
60076,True
60077,True
60078,True
60079,True
60080,True
60081,True
60082,True
60083,True
60084,True
60085,True
60086,True
60087,True
60088,True
60089,True
60090,True
60091,True
60092,True
60093,True
60094,True
60095,True
60096,True
60097,True
60098,True
60099,True
60100,True
60101,True
60102,True
60103,True
60104,True
60105,True
60106,True
60107,True
60108,True
60109,True
60110,True
60111,True
60112,True
60113,True
60114,True
60115,True
60116,True
60117,True
60118,True
60119,True
60120,True
60121,True
60122,True
60123,True
60124,True
60125,True
60126,True
60127,True
60128,True
60129,True
60130,True
60131,True
60132,True
60133,True
60134,True
60135,True
60136,True
60137,True
60138,True
60139,True
60140,True
60141,True
60142,True
60143,True
60144,True
60145,True
60146,True
60147,True
60148,True
60149,True
60150,True
60151,True
60152,True
60153,True
60154,True
60155,True
60156,True
60157,True
60158,True
60159,True
60160,True
60161,True
60162,True
60163,True
60164,True
60165,True
60166,True
60167,True
60168,True
60169,True
60170,True
60171,True
60172,True
60173,True
60174,True
60175,True
60176,True
60177,True
60178,True
60179,True
60180,True
60181,True
60182,True
60183,True
60184,True
60185,True
60186,True
60187,True
60188,True
60189,True
60190,True
60191,True
60192,True
60193,True
60194,True
60195,True
60196,True
60197,True
60198,True
60199,True
60200,True
60201,True
60202,True
60203,True
60204,True
60205,True
60206,True
60207,True
60208,True
60209,True
60210,True
60211,True
60212,True
60213,True
60214,True
60215,True
60216,True
60217,True
60218,True
60219,True
60220,True
60221,True
60222,True
60223,True
60224,True
60225,True
60226,True
60227,True
60228,True
60229,True
60230,True
60231,True
60232,True
60233,True
60234,True
60235,True
60236,True
60237,True
60238,True
60239,True
60240,True
60241,True
60242,True
60243,True
60244,True
60245,True
60246,True
60247,True
60248,True
60249,True
60250,True
60251,True
60252,True
60253,True
60254,True
60255,True
60256,True
60257,True
60258,True
60259,True
60260,True
60261,True
60262,True
60263,True
60264,True
60265,True
60266,True
60267,True
60268,True
60269,True
60270,True
60271,True
60272,True
60273,True
60274,True
60275,True
60276,True
60277,True
60278,True
60279,True
60280,True
60281,True
60282,True
60283,True
60284,True
60285,True
60286,True
60287,True
60288,True
60289,True
60290,True
60291,True
60292,True
60293,True
60294,True
60295,True
60296,True
60297,True
60298,True
60299,True
60300,True
60301,True
60302,True
60303,True
60304,True
60305,True
60306,True
60307,True
60308,True
60309,True
60310,True
60311,True
60312,True
60313,True
60314,True
60315,True
60316,True
60317,True
60318,True
60319,True
60320,True
60321,True
60322,True
60323,True
60324,True
60325,True
60326,True
60327,True
60328,True
60329,True
60330,True
60331,True
60332,True
60333,True
60334,True
60335,True
60336,True
60337,True
60338,True
60339,True
60340,True
60341,True
60342,True
60343,True
60344,True
60345,True
60346,True
60347,True
60348,True
60349,True
60350,True
60351,True
60352,True
60353,True
60354,True
60355,True
60356,True
60357,True
60358,True
60359,True
60360,True
60361,True
60362,True
60363,True
60364,True
60365,True
60366,True
60367,True
60368,True
60369,True
60370,True
60371,True
60372,True
60373,True
60374,True
60375,True
60376,True
60377,True
60378,True
60379,True
60380,True
60381,True
60382,True
60383,True
60384,True
60385,True
60386,True
60387,True
60388,True
60389,True
60390,True
60391,True
60392,True
60393,True
60394,True
60395,True
60396,True
60397,True
60398,True
60399,True
60400,True
60401,True
60402,True
60403,True
60404,True
60405,True
60406,True
60407,True
60408,True
60409,True
60410,True
60411,True
60412,True
60413,True
60414,True
60415,True
60416,True
60417,True
60418,True
60419,True
60420,True
60421,True
60422,True
60423,True
60424,True
60425,True
60426,True
60427,True
60428,True
60429,True
60430,True
60431,True
60432,True
60433,True
60434,True
60435,True
60436,True
60437,True
60438,True
60439,True
60440,True
60441,True
60442,True
60443,True
60444,True
60445,True
60446,True
60447,True
60448,True
60449,True
60450,True
60451,True
60452,True
60453,True
60454,True
60455,True
60456,True
60457,True
60458,True
60459,True
60460,True
60461,True
60462,True
60463,True
60464,True
60465,True
60466,True
60467,True
60468,True
60469,True
60470,True
60471,True
60472,True
60473,True
60474,True
60475,True
60476,True
60477,True
60478,True
60479,True
60480,True
60481,True
60482,True
60483,True
60484,True
60485,True
60486,True
60487,True
60488,True
60489,True
60490,True
60491,True
60492,True
60493,True
60494,True
60495,True
60496,True
60497,True
60498,True
60499,True
60500,True
60501,True
60502,True
60503,True
60504,True
60505,True
60506,True
60507,True
60508,True
60509,True
60510,True
60511,True
60512,True
60513,True
60514,True
60515,True
60516,True
60517,True
60518,True
60519,True
60520,True
60521,True
60522,True
60523,True
60524,True
60525,True
60526,True
60527,True
60528,True
60529,True
60530,True
60531,True
60532,True
60533,True
60534,True
60535,True
60536,True
60537,True
60538,True
60539,True
60540,True
60541,True
60542,True
60543,True
60544,True
60545,True
60546,True
60547,True
60548,True
60549,True
60550,True
60551,True
60552,True
60553,True
60554,True
60555,True
60556,True
60557,True
60558,True
60559,True
60560,True
60561,True
60562,True
60563,True
60564,True
60565,True
60566,True
60567,True
60568,True
60569,True
60570,True
60571,True
60572,True
60573,True
60574,True
60575,True
60576,True
60577,True
60578,True
60579,True
60580,True
60581,True
60582,True
60583,True
60584,True
60585,True
60586,True
60587,True
60588,True
60589,True
60590,True
60591,True
60592,True
60593,True
60594,True
60595,True
60596,True
60597,True
60598,True
60599,True
60600,True
60601,True
60602,True
60603,True
60604,True
60605,True
60606,True
60607,True
60608,True
60609,True
60610,True
60611,True
60612,True
60613,True
60614,True
60615,True
60616,True
60617,True
60618,True
60619,True
60620,True
60621,True
60622,True
60623,True
60624,True
60625,True
60626,True
60627,True
60628,True
60629,True
60630,True
60631,True
60632,True
60633,True
60634,True
60635,True
60636,True
60637,True
60638,True
60639,True
60640,True
60641,True
60642,True
60643,True
60644,True
60645,True
60646,True
60647,True
60648,True
60649,True
60650,True
60651,True
60652,True
60653,True
60654,True
60655,True
60656,True
60657,True
60658,True
60659,True
60660,True
60661,True
60662,True
60663,True
60664,True
60665,True
60666,True
60667,True
60668,True
60669,True
60670,True
60671,True
60672,True
60673,True
60674,True
60675,True
60676,True
60677,True
60678,True
60679,True
60680,True
60681,True
60682,True
60683,True
60684,True
60685,True
60686,True
60687,True
60688,True
60689,True
60690,True
60691,True
60692,True
60693,True
60694,True
60695,True
60696,True
60697,True
60698,True
60699,True
60700,True
60701,True
60702,True
60703,True
60704,True
60705,True
60706,True
60707,True
60708,True
60709,True
60710,True
60711,True
60712,True
60713,True
60714,True
60715,True
60716,True
60717,True
60718,True
60719,True
60720,True
60721,True
60722,True
60723,True
60724,True
60725,True
60726,True
60727,True
60728,True
60729,True
60730,True
60731,True
60732,True
60733,True
60734,True
60735,True
60736,True
60737,True
60738,True
60739,True
60740,True
60741,True
60742,True
60743,True
60744,True
60745,True
60746,True
60747,True
60748,True
60749,True
60750,True
60751,True
60752,True
60753,True
60754,True
60755,True
60756,True
60757,True
60758,True
60759,True
60760,True
60761,True
60762,True
60763,True
60764,True
60765,True
60766,True
60767,True
60768,True
60769,True
60770,True
60771,True
60772,True
60773,True
60774,True
60775,True
60776,True
60777,True
60778,True
60779,True
60780,True
60781,True
60782,True
60783,True
60784,True
60785,True
60786,True
60787,True
60788,True
60789,True
60790,True
60791,True
60792,True
60793,True
60794,True
60795,True
60796,True
60797,True
60798,True
60799,True
60800,True
60801,True
60802,True
60803,True
60804,True
60805,True
60806,True
60807,True
60808,True
60809,True
60810,True
60811,True
60812,True
60813,True
60814,True
60815,True
60816,True
60817,True
60818,True
60819,True
60820,True
60821,True
60822,True
60823,True
60824,True
60825,True
60826,True
60827,True
60828,True
60829,True
60830,True
60831,True
60832,True
60833,True
60834,True
60835,True
60836,True
60837,True
60838,True
60839,True
60840,True
60841,True
60842,True
60843,True
60844,True
60845,True
60846,True
60847,True
60848,True
60849,True
60850,True
60851,True
60852,True
60853,True
60854,True
60855,True
60856,True
60857,True
60858,True
60859,True
60860,True
60861,True
60862,True
60863,True
60864,True
60865,True
60866,True
60867,True
60868,True
60869,True
60870,True
60871,True
60872,True
60873,True
60874,True
60875,True
60876,True
60877,True
60878,True
60879,True
60880,True
60881,True
60882,True
60883,True
60884,True
60885,True
60886,True
60887,True
60888,True
60889,True
60890,True
60891,True
60892,True
60893,True
60894,True
60895,True
60896,True
60897,True
60898,True
60899,True
60900,True
60901,True
60902,True
60903,True
60904,True
60905,True
60906,True
60907,True
60908,True
60909,True
60910,True
60911,True
60912,True
60913,True
60914,True
60915,True
60916,True
60917,True
60918,True
60919,True
60920,True
60921,True
60922,True
60923,True
60924,True
60925,True
60926,True
60927,True
60928,True
60929,True
60930,True
60931,True
60932,True
60933,True
60934,True
60935,True
60936,True
60937,True
60938,True
60939,True
60940,True
60941,True
60942,True
60943,True
60944,True
60945,True
60946,True
60947,True
60948,True
60949,True
60950,True
60951,True
60952,True
60953,True
60954,True
60955,True
60956,True
60957,True
60958,True
60959,True
60960,True
60961,True
60962,True
60963,True
60964,True
60965,True
60966,True
60967,True
60968,True
60969,True
60970,True
60971,True
60972,True
60973,True
60974,True
60975,True
60976,True
60977,True
60978,True
60979,True
60980,True
60981,True
60982,True
60983,True
60984,True
60985,True
60986,True
60987,True
60988,True
60989,True
60990,True
60991,True
60992,True
60993,True
60994,True
60995,True
60996,True
60997,True
60998,True
60999,True
61000,True
61001,True
61002,True
61003,True
61004,True
61005,True
61006,True
61007,True
61008,True
61009,True
61010,True
61011,True
61012,True
61013,True
61014,True
61015,True
61016,True
61017,True
61018,True
61019,True
61020,True
61021,True
61022,True
61023,True
61024,True
61025,True
61026,True
61027,True
61028,True
61029,True
61030,True
61031,True
61032,True
61033,True
61034,True
61035,True
61036,True
61037,True
61038,True
61039,True
61040,True
61041,True
61042,True
61043,True
61044,True
61045,True
61046,True
61047,True
61048,True
61049,True
61050,True
61051,True
61052,True
61053,True
61054,True
61055,True
61056,True
61057,True
61058,True
61059,True
61060,True
61061,True
61062,True
61063,True
61064,True
61065,True
61066,True
61067,True
61068,True
61069,True
61070,True
61071,True
61072,True
61073,True
61074,True
61075,True
61076,True
61077,True
61078,True
61079,True
61080,True
61081,True
61082,True
61083,True
61084,True
61085,True
61086,True
61087,True
61088,True
61089,True
61090,True
61091,True
61092,True
61093,True
61094,True
61095,True
61096,True
61097,True
61098,True
61099,True
61100,True
61101,True
61102,True
61103,True
61104,True
61105,True
61106,True
61107,True
61108,True
61109,True
61110,True
61111,True
61112,True
61113,True
61114,True
61115,True
61116,True
61117,True
61118,True
61119,True
61120,True
61121,True
61122,True
61123,True
61124,True
61125,True
61126,True
61127,True
61128,True
61129,True
61130,True
61131,True
61132,True
61133,True
61134,True
61135,True
61136,True
61137,True
61138,True
61139,True
61140,True
61141,True
61142,True
61143,True
61144,True
61145,True
61146,True
61147,True
61148,True
61149,True
61150,True
61151,True
61152,True
61153,True
61154,True
61155,True
61156,True
61157,True
61158,True
61159,True
61160,True
61161,True
61162,True
61163,True
61164,True
61165,True
61166,True
61167,True
61168,True
61169,True
61170,True
61171,True
61172,True
61173,True
61174,True
61175,True
61176,True
61177,True
61178,True
61179,True
61180,True
61181,True
61182,True
61183,True
61184,True
61185,True
61186,True
61187,True
61188,True
61189,True
61190,True
61191,True
61192,True
61193,True
61194,True
61195,True
61196,True
61197,True
61198,True
61199,True
61200,True
61201,True
61202,True
61203,True
61204,True
61205,True
61206,True
61207,True
61208,True
61209,True
61210,True
61211,True
61212,True
61213,True
61214,True
61215,True
61216,True
61217,True
61218,True
61219,True
61220,True
61221,True
61222,True
61223,True
61224,True
61225,True
61226,True
61227,True
61228,True
61229,True
61230,True
61231,True
61232,True
61233,True
61234,True
61235,True
61236,True
61237,True
61238,True
61239,True
61240,True
61241,True
61242,True
61243,True
61244,True
61245,True
61246,True
61247,True
61248,True
61249,True
61250,True
61251,True
61252,True
61253,True
61254,True
61255,True
61256,True
61257,True
61258,True
61259,True
61260,True
61261,True
61262,True
61263,True
61264,True
61265,True
61266,True
61267,True
61268,True
61269,True
61270,True
61271,True
61272,True
61273,True
61274,True
61275,True
61276,True
61277,True
61278,True
61279,True
61280,True
61281,True
61282,True
61283,True
61284,True
61285,True
61286,True
61287,True
61288,True
61289,True
61290,True
61291,True
61292,True
61293,True
61294,True
61295,True
61296,True
61297,True
61298,True
61299,True
61300,True
61301,True
61302,True
61303,True
61304,True
61305,True
61306,True
61307,True
61308,True
61309,True
61310,True
61311,True
61312,True
61313,True
61314,True
61315,True
61316,True
61317,True
61318,True
61319,True
61320,True
61321,True
61322,True
61323,True
61324,True
61325,True
61326,True
61327,True
61328,True
61329,True
61330,True
61331,True
61332,True
61333,True
61334,True
61335,True
61336,True
61337,True
61338,True
61339,True
61340,True
61341,True
61342,True
61343,True
61344,True
61345,True
61346,True
61347,True
61348,True
61349,True
61350,True
61351,True
61352,True
61353,True
61354,True
61355,True
61356,True
61357,True
61358,True
61359,True
61360,True
61361,True
61362,True
61363,True
61364,True
61365,True
61366,True
61367,True
61368,True
61369,True
61370,True
61371,True
61372,True
61373,True
61374,True
61375,True
61376,True
61377,True
61378,True
61379,True
61380,True
61381,True
61382,True
61383,True
61384,True
61385,True
61386,True
61387,True
61388,True
61389,True
61390,True
61391,True
61392,True
61393,True
61394,True
61395,True
61396,True
61397,True
61398,True
61399,True
61400,True
61401,True
61402,True
61403,True
61404,True
61405,True
61406,True
61407,True
61408,True
61409,True
61410,True
61411,True
61412,True
61413,True
61414,True
61415,True
61416,True
61417,True
61418,True
61419,True
61420,True
61421,True
61422,True
61423,True
61424,True
61425,True
61426,True
61427,True
61428,True
61429,True
61430,True
61431,True
61432,True
61433,True
61434,True
61435,True
61436,True
61437,True
61438,True
61439,True
61440,True
61441,True
61442,True
61443,True
61444,True
61445,True
61446,True
61447,True
61448,True
61449,True
61450,True
61451,True
61452,True
61453,True
61454,True
61455,True
61456,True
61457,True
61458,True
61459,True
61460,True
61461,True
61462,True
61463,True
61464,True
61465,True
61466,True
61467,True
61468,True
61469,True
61470,True
61471,True
61472,True
61473,True
61474,True
61475,True
61476,True
61477,True
61478,True
61479,True
61480,True
61481,True
61482,True
61483,True
61484,True
61485,True
61486,True
61487,True
61488,True
61489,True
61490,True
61491,True
61492,True
61493,True
61494,True
61495,True
61496,True
61497,True
61498,True
61499,True
61500,True
61501,True
61502,True
61503,True
61504,True
61505,True
61506,True
61507,True
61508,True
61509,True
61510,True
61511,True
61512,True
61513,True
61514,True
61515,True
61516,True
61517,True
61518,True
61519,True
61520,True
61521,True
61522,True
61523,True
61524,True
61525,True
61526,True
61527,True
61528,True
61529,True
61530,True
61531,True
61532,True
61533,True
61534,True
61535,True
61536,True
61537,True
61538,True
61539,True
61540,True
61541,True
61542,True
61543,True
61544,True
61545,True
61546,True
61547,True
61548,True
61549,True
61550,True
61551,True
61552,True
61553,True
61554,True
61555,True
61556,True
61557,True
61558,True
61559,True
61560,True
61561,True
61562,True
61563,True
61564,True
61565,True
61566,True
61567,True
61568,True
61569,True
61570,True
61571,True
61572,True
61573,True
61574,True
61575,True
61576,True
61577,True
61578,True
61579,True
61580,True
61581,True
61582,True
61583,True
61584,True
61585,True
61586,True
61587,True
61588,True
61589,True
61590,True
61591,True
61592,True
61593,True
61594,True
61595,True
61596,True
61597,True
61598,True
61599,True
61600,True
61601,True
61602,True
61603,True
61604,True
61605,True
61606,True
61607,True
61608,True
61609,True
61610,True
61611,True
61612,True
61613,True
61614,True
61615,True
61616,True
61617,True
61618,True
61619,True
61620,True
61621,True
61622,True
61623,True
61624,True
61625,True
61626,True
61627,True
61628,True
61629,True
61630,True
61631,True
61632,True
61633,True
61634,True
61635,True
61636,True
61637,True
61638,True
61639,True
61640,True
61641,True
61642,True
61643,True
61644,True
61645,True
61646,True
61647,True
61648,True
61649,True
61650,True
61651,True
61652,True
61653,True
61654,True
61655,True
61656,True
61657,True
61658,True
61659,True
61660,True
61661,True
61662,True
61663,True
61664,True
61665,True
61666,True
61667,True
61668,True
61669,True
61670,True
61671,True
61672,True
61673,True
61674,True
61675,True
61676,True
61677,True
61678,True
61679,True
61680,True
61681,True
61682,True
61683,True
61684,True
61685,True
61686,True
61687,True
61688,True
61689,True
61690,True
61691,True
61692,True
61693,True
61694,True
61695,True
61696,True
61697,True
61698,True
61699,True
61700,True
61701,True
61702,True
61703,True
61704,True
61705,True
61706,True
61707,True
61708,True
61709,True
61710,True
61711,True
61712,True
61713,True
61714,True
61715,True
61716,True
61717,True
61718,True
61719,True
61720,True
61721,True
61722,True
61723,True
61724,True
61725,True
61726,True
61727,True
61728,True
61729,True
61730,True
61731,True
61732,True
61733,True
61734,True
61735,True
61736,True
61737,True
61738,True
61739,True
61740,True
61741,True
61742,True
61743,True
61744,True
61745,True
61746,True
61747,True
61748,True
61749,True
61750,True
61751,True
61752,True
61753,True
61754,True
61755,True
61756,True
61757,True
61758,True
61759,True
61760,True
61761,True
61762,True
61763,True
61764,True
61765,True
61766,True
61767,True
61768,True
61769,True
61770,True
61771,True
61772,True
61773,True
61774,True
61775,True
61776,True
61777,True
61778,True
61779,True
61780,True
61781,True
61782,True
61783,True
61784,True
61785,True
61786,True
61787,True
61788,True
61789,True
61790,True
61791,True
61792,True
61793,True
61794,True
61795,True
61796,True
61797,True
61798,True
61799,True
61800,True
61801,True
61802,True
61803,True
61804,True
61805,True
61806,True
61807,True
61808,True
61809,True
61810,True
61811,True
61812,True
61813,True
61814,True
61815,True
61816,True
61817,True
61818,True
61819,True
61820,True
61821,True
61822,True
61823,True
61824,True
61825,True
61826,True
61827,True
61828,True
61829,True
61830,True
61831,True
61832,True
61833,True
61834,True
61835,True
61836,True
61837,True
61838,True
61839,True
61840,True
61841,True
61842,True
61843,True
61844,True
61845,True
61846,True
61847,True
61848,True
61849,True
61850,True
61851,True
61852,True
61853,True
61854,True
61855,True
61856,True
61857,True
61858,True
61859,True
61860,True
61861,True
61862,True
61863,True
61864,True
61865,True
61866,True
61867,True
61868,True
61869,True
61870,True
61871,True
61872,True
61873,True
61874,True
61875,True
61876,True
61877,True
61878,True
61879,True
61880,True
61881,True
61882,True
61883,True
61884,True
61885,True
61886,True
61887,True
61888,True
61889,True
61890,True
61891,True
61892,True
61893,True
61894,True
61895,True
61896,True
61897,True
61898,True
61899,True
61900,True
61901,True
61902,True
61903,True
61904,True
61905,True
61906,True
61907,True
61908,True
61909,True
61910,True
61911,True
61912,True
61913,True
61914,True
61915,True
61916,True
61917,True
61918,True
61919,True
61920,True
61921,True
61922,True
61923,True
61924,True
61925,True
61926,True
61927,True
61928,True
61929,True
61930,True
61931,True
61932,True
61933,True
61934,True
61935,True
61936,True
61937,True
61938,True
61939,True
61940,True
61941,True
61942,True
61943,True
61944,True
61945,True
61946,True
61947,True
61948,True
61949,True
61950,True
61951,True
61952,True
61953,True
61954,True
61955,True
61956,True
61957,True
61958,True
61959,True
61960,True
61961,True
61962,True
61963,True
61964,True
61965,True
61966,True
61967,True
61968,True
61969,True
61970,True
61971,True
61972,True
61973,True
61974,True
61975,True
61976,True
61977,True
61978,True
61979,True
61980,True
61981,True
61982,True
61983,True
61984,True
61985,True
61986,True
61987,True
61988,True
61989,True
61990,True
61991,True
61992,True
61993,True
61994,True
61995,True
61996,True
61997,True
61998,True
61999,True
62000,True
62001,True
62002,True
62003,True
62004,True
62005,True
62006,True
62007,True
62008,True
62009,True
62010,True
62011,True
62012,True
62013,True
62014,True
62015,True
62016,True
62017,True
62018,True
62019,True
62020,True
62021,True
62022,True
62023,True
62024,True
62025,True
62026,True
62027,True
62028,True
62029,True
62030,True
62031,True
62032,True
62033,True
62034,True
62035,True
62036,True
62037,True
62038,True
62039,True
62040,True
62041,True
62042,True
62043,True
62044,True
62045,True
62046,True
62047,True
62048,True
62049,True
62050,True
62051,True
62052,True
62053,True
62054,True
62055,True
62056,True
62057,True
62058,True
62059,True
62060,True
62061,True
62062,True
62063,True
62064,True
62065,True
62066,True
62067,True
62068,True
62069,True
62070,True
62071,True
62072,True
62073,True
62074,True
62075,True
62076,True
62077,True
62078,True
62079,True
62080,True
62081,True
62082,True
62083,True
62084,True
62085,True
62086,True
62087,True
62088,True
62089,True
62090,True
62091,True
62092,True
62093,True
62094,True
62095,True
62096,True
62097,True
62098,True
62099,True
62100,True
62101,True
62102,True
62103,True
62104,True
62105,True
62106,True
62107,True
62108,True
62109,True
62110,True
62111,True
62112,True
62113,True
62114,True
62115,True
62116,True
62117,True
62118,True
62119,True
62120,True
62121,True
62122,True
62123,True
62124,True
62125,True
62126,True
62127,True
62128,True
62129,True
62130,True
62131,True
62132,True
62133,True
62134,True
62135,True
62136,True
62137,True
62138,True
62139,True
62140,True
62141,True
62142,True
62143,True
62144,True
62145,True
62146,True
62147,True
62148,True
62149,True
62150,True
62151,True
62152,True
62153,True
62154,True
62155,True
62156,True
62157,True
62158,True
62159,True
62160,True
62161,True
62162,True
62163,True
62164,True
62165,True
62166,True
62167,True
62168,True
62169,True
62170,True
62171,True
62172,True
62173,True
62174,True
62175,True
62176,True
62177,True
62178,True
62179,True
62180,True
62181,True
62182,True
62183,True
62184,True
62185,True
62186,True
62187,True
62188,True
62189,True
62190,True
62191,True
62192,True
62193,True
62194,True
62195,True
62196,True
62197,True
62198,True
62199,True
62200,True
62201,True
62202,True
62203,True
62204,True
62205,True
62206,True
62207,True
62208,True
62209,True
62210,True
62211,True
62212,True
62213,True
62214,True
62215,True
62216,True
62217,True
62218,True
62219,True
62220,True
62221,True
62222,True
62223,True
62224,True
62225,True
62226,True
62227,True
62228,True
62229,True
62230,True
62231,True
62232,True
62233,True
62234,True
62235,True
62236,True
62237,True
62238,True
62239,True
62240,True
62241,True
62242,True
62243,True
62244,True
62245,True
62246,True
62247,True
62248,True
62249,True
62250,True
62251,True
62252,True
62253,True
62254,True
62255,True
62256,True
62257,True
62258,True
62259,True
62260,True
62261,True
62262,True
62263,True
62264,True
62265,True
62266,True
62267,True
62268,True
62269,True
62270,True
62271,True
62272,True
62273,True
62274,True
62275,True
62276,True
62277,True
62278,True
62279,True
62280,True
62281,True
62282,True
62283,True
62284,True
62285,True
62286,True
62287,True
62288,True
62289,True
62290,True
62291,True
62292,True
62293,True
62294,True
62295,True
62296,True
62297,True
62298,True
62299,True
62300,True
62301,True
62302,True
62303,True
62304,True
62305,True
62306,True
62307,True
62308,True
62309,True
62310,True
62311,True
62312,True
62313,True
62314,True
62315,True
62316,True
62317,True
62318,True
62319,True
62320,True
62321,True
62322,True
62323,True
62324,True
62325,True
62326,True
62327,True
62328,True
62329,True
62330,True
62331,True
62332,True
62333,True
62334,True
62335,True
62336,True
62337,True
62338,True
62339,True
62340,True
62341,True
62342,True
62343,True
62344,True
62345,True
62346,True
62347,True
62348,True
62349,True
62350,True
62351,True
62352,True
62353,True
62354,True
62355,True
62356,True
62357,True
62358,True
62359,True
62360,True
62361,True
62362,True
62363,True
62364,True
62365,True
62366,True
62367,True
62368,True
62369,True
62370,True
62371,True
62372,True
62373,True
62374,True
62375,True
62376,True
62377,True
62378,True
62379,True
62380,True
62381,True
62382,True
62383,True
62384,True
62385,True
62386,True
62387,True
62388,True
62389,True
62390,True
62391,True
62392,True
62393,True
62394,True
62395,True
62396,True
62397,True
62398,True
62399,True
62400,True
62401,True
62402,True
62403,True
62404,True
62405,True
62406,True
62407,True
62408,True
62409,True
62410,True
62411,True
62412,True
62413,True
62414,True
62415,True
62416,True
62417,True
62418,True
62419,True
62420,True
62421,True
62422,True
62423,True
62424,True
62425,True
62426,True
62427,True
62428,True
62429,True
62430,True
62431,True
62432,True
62433,True
62434,True
62435,True
62436,True
62437,True
62438,True
62439,True
62440,True
62441,True
62442,True
62443,True
62444,True
62445,True
62446,True
62447,True
62448,True
62449,True
62450,True
62451,True
62452,True
62453,True
62454,True
62455,True
62456,True
62457,True
62458,True
62459,True
62460,True
62461,True
62462,True
62463,True
62464,True
62465,True
62466,True
62467,True
62468,True
62469,True
62470,True
62471,True
62472,True
62473,True
62474,True
62475,True
62476,True
62477,True
62478,True
62479,True
62480,True
62481,True
62482,True
62483,True
62484,True
62485,True
62486,True
62487,True
62488,True
62489,True
62490,True
62491,True
62492,True
62493,True
62494,True
62495,True
62496,True
62497,True
62498,True
62499,True
62500,True
62501,True
62502,True
62503,True
62504,True
62505,True
62506,True
62507,True
62508,True
62509,True
62510,True
62511,True
62512,True
62513,True
62514,True
62515,True
62516,True
62517,True
62518,True
62519,True
62520,True
62521,True
62522,True
62523,True
62524,True
62525,True
62526,True
62527,True
62528,True
62529,True
62530,True
62531,True
62532,True
62533,True
62534,True
62535,True
62536,True
62537,True
62538,True
62539,True
62540,True
62541,True
62542,True
62543,True
62544,True
62545,True
62546,True
62547,True
62548,True
62549,True
62550,True
62551,True
62552,True
62553,True
62554,True
62555,True
62556,True
62557,True
62558,True
62559,True
62560,True
62561,True
62562,True
62563,True
62564,True
62565,True
62566,True
62567,True
62568,True
62569,True
62570,True
62571,True
62572,True
62573,True
62574,True
62575,True
62576,True
62577,True
62578,True
62579,True
62580,True
62581,True
62582,True
62583,True
62584,True
62585,True
62586,True
62587,True
62588,True
62589,True
62590,True
62591,True
62592,True
62593,True
62594,True
62595,True
62596,True
62597,True
62598,True
62599,True
62600,True
62601,True
62602,True
62603,True
62604,True
62605,True
62606,True
62607,True
62608,True
62609,True
62610,True
62611,True
62612,True
62613,True
62614,True
62615,True
62616,True
62617,True
62618,True
62619,True
62620,True
62621,True
62622,True
62623,True
62624,True
62625,True
62626,True
62627,True
62628,True
62629,True
62630,True
62631,True
62632,True
62633,True
62634,True
62635,True
62636,True
62637,True
62638,True
62639,True
62640,True
62641,True
62642,True
62643,True
62644,True
62645,True
62646,True
62647,True
62648,True
62649,True
62650,True
62651,True
62652,True
62653,True
62654,True
62655,True
62656,True
62657,True
62658,True
62659,True
62660,True
62661,True
62662,True
62663,True
62664,True
62665,True
62666,True
62667,True
62668,True
62669,True
62670,True
62671,True
62672,True
62673,True
62674,True
62675,True
62676,True
62677,True
62678,True
62679,True
62680,True
62681,True
62682,True
62683,True
62684,True
62685,True
62686,True
62687,True
62688,True
62689,True
62690,True
62691,True
62692,True
62693,True
62694,True
62695,True
62696,True
62697,True
62698,True
62699,True
62700,True
62701,True
62702,True
62703,True
62704,True
62705,True
62706,True
62707,True
62708,True
62709,True
62710,True
62711,True
62712,True
62713,True
62714,True
62715,True
62716,True
62717,True
62718,True
62719,True
62720,True
62721,True
62722,True
62723,True
62724,True
62725,True
62726,True
62727,True
62728,True
62729,True
62730,True
62731,True
62732,True
62733,True
62734,True
62735,True
62736,True
62737,True
62738,True
62739,True
62740,True
62741,True
62742,True
62743,True
62744,True
62745,True
62746,True
62747,True
62748,True
62749,True
62750,True
62751,True
62752,True
62753,True
62754,True
62755,True
62756,True
62757,True
62758,True
62759,True
62760,True
62761,True
62762,True
62763,True
62764,True
62765,True
62766,True
62767,True
62768,True
62769,True
62770,True
62771,True
62772,True
62773,True
62774,True
62775,True
62776,True
62777,True
62778,True
62779,True
62780,True
62781,True
62782,True
62783,True
62784,True
62785,True
62786,True
62787,True
62788,True
62789,True
62790,True
62791,True
62792,True
62793,True
62794,True
62795,True
62796,True
62797,True
62798,True
62799,True
62800,True
62801,True
62802,True
62803,True
62804,True
62805,True
62806,True
62807,True
62808,True
62809,True
62810,True
62811,True
62812,True
62813,True
62814,True
62815,True
62816,True
62817,True
62818,True
62819,True
62820,True
62821,True
62822,True
62823,True
62824,True
62825,True
62826,True
62827,True
62828,True
62829,True
62830,True
62831,True
62832,True
62833,True
62834,True
62835,True
62836,True
62837,True
62838,True
62839,True
62840,True
62841,True
62842,True
62843,True
62844,True
62845,True
62846,True
62847,True
62848,True
62849,True
62850,True
62851,True
62852,True
62853,True
62854,True
62855,True
62856,True
62857,True
62858,True
62859,True
62860,True
62861,True
62862,True
62863,True
62864,True
62865,True
62866,True
62867,True
62868,True
62869,True
62870,True
62871,True
62872,True
62873,True
62874,True
62875,True
62876,True
62877,True
62878,True
62879,True
62880,True
62881,True
62882,True
62883,True
62884,True
62885,True
62886,True
62887,True
62888,True
62889,True
62890,True
62891,True
62892,True
62893,True
62894,True
62895,True
62896,True
62897,True
62898,True
62899,True
62900,True
62901,True
62902,True
62903,True
62904,True
62905,True
62906,True
62907,True
62908,True
62909,True
62910,True
62911,True
62912,True
62913,True
62914,True
62915,True
62916,True
62917,True
62918,True
62919,True
62920,True
62921,True
62922,True
62923,True
62924,True
62925,True
62926,True
62927,True
62928,True
62929,True
62930,True
62931,True
62932,True
62933,True
62934,True
62935,True
62936,True
62937,True
62938,True
62939,True
62940,True
62941,True
62942,True
62943,True
62944,True
62945,True
62946,True
62947,True
62948,True
62949,True
62950,True
62951,True
62952,True
62953,True
62954,True
62955,True
62956,True
62957,True
62958,True
62959,True
62960,True
62961,True
62962,True
62963,True
62964,True
62965,True
62966,True
62967,True
62968,True
62969,True
62970,True
62971,True
62972,True
62973,True
62974,True
62975,True
62976,True
62977,True
62978,True
62979,True
62980,True
62981,True
62982,True
62983,True
62984,True
62985,True
62986,True
62987,True
62988,True
62989,True
62990,True
62991,True
62992,True
62993,True
62994,True
62995,True
62996,True
62997,True
62998,True
62999,True
63000,True
63001,True
63002,True
63003,True
63004,True
63005,True
63006,True
63007,True
63008,True
63009,True
63010,True
63011,True
63012,True
63013,True
63014,True
63015,True
63016,True
63017,True
63018,True
63019,True
63020,True
63021,True
63022,True
63023,True
63024,True
63025,True
63026,True
63027,True
63028,True
63029,True
63030,True
63031,True
63032,True
63033,True
63034,True
63035,True
63036,True
63037,True
63038,True
63039,True
63040,True
63041,True
63042,True
63043,True
63044,True
63045,True
63046,True
63047,True
63048,True
63049,True
63050,True
63051,True
63052,True
63053,True
63054,True
63055,True
63056,True
63057,True
63058,True
63059,True
63060,True
63061,True
63062,True
63063,True
63064,True
63065,True
63066,True
63067,True
63068,True
63069,True
63070,True
63071,True
63072,True
63073,True
63074,True
63075,True
63076,True
63077,True
63078,True
63079,True
63080,True
63081,True
63082,True
63083,True
63084,True
63085,True
63086,True
63087,True
63088,True
63089,True
63090,True
63091,True
63092,True
63093,True
63094,True
63095,True
63096,True
63097,True
63098,True
63099,True
63100,True
63101,True
63102,True
63103,True
63104,True
63105,True
63106,True
63107,True
63108,True
63109,True
63110,True
63111,True
63112,True
63113,True
63114,True
63115,True
63116,True
63117,True
63118,True
63119,True
63120,True
63121,True
63122,True
63123,True
63124,True
63125,True
63126,True
63127,True
63128,True
63129,True
63130,True
63131,True
63132,True
63133,True
63134,True
63135,True
63136,True
63137,True
63138,True
63139,True
63140,True
63141,True
63142,True
63143,True
63144,True
63145,True
63146,True
63147,True
63148,True
63149,True
63150,True
63151,True
63152,True
63153,True
63154,True
63155,True
63156,True
63157,True
63158,True
63159,True
63160,True
63161,True
63162,True
63163,True
63164,True
63165,True
63166,True
63167,True
63168,True
63169,True
63170,True
63171,True
63172,True
63173,True
63174,True
63175,True
63176,True
63177,True
63178,True
63179,True
63180,True
63181,True
63182,True
63183,True
63184,True
63185,True
63186,True
63187,True
63188,True
63189,True
63190,True
63191,True
63192,True
63193,True
63194,True
63195,True
63196,True
63197,True
63198,True
63199,True
63200,True
63201,True
63202,True
63203,True
63204,True
63205,True
63206,True
63207,True
63208,True
63209,True
63210,True
63211,True
63212,True
63213,True
63214,True
63215,True
63216,True
63217,True
63218,True
63219,True
63220,True
63221,True
63222,True
63223,True
63224,True
63225,True
63226,True
63227,True
63228,True
63229,True
63230,True
63231,True
63232,True
63233,True
63234,True
63235,True
63236,True
63237,True
63238,True
63239,True
63240,True
63241,True
63242,True
63243,True
63244,True
63245,True
63246,True
63247,True
63248,True
63249,True
63250,True
63251,True
63252,True
63253,True
63254,True
63255,True
63256,True
63257,True
63258,True
63259,True
63260,True
63261,True
63262,True
63263,True
63264,True
63265,True
63266,True
63267,True
63268,True
63269,True
63270,True
63271,True
63272,True
63273,True
63274,True
63275,True
63276,True
63277,True
63278,True
63279,True
63280,True
63281,True
63282,True
63283,True
63284,True
63285,True
63286,True
63287,True
63288,True
63289,True
63290,True
63291,True
63292,True
63293,True
63294,True
63295,True
63296,True
63297,True
63298,True
63299,True
63300,True
63301,True
63302,True
63303,True
63304,True
63305,True
63306,True
63307,True
63308,True
63309,True
63310,True
63311,True
63312,True
63313,True
63314,True
63315,True
63316,True
63317,True
63318,True
63319,True
63320,True
63321,True
63322,True
63323,True
63324,True
63325,True
63326,True
63327,True
63328,True
63329,True
63330,True
63331,True
63332,True
63333,True
63334,True
63335,True
63336,True
63337,True
63338,True
63339,True
63340,True
63341,True
63342,True
63343,True
63344,True
63345,True
63346,True
63347,True
63348,True
63349,True
63350,True
63351,True
63352,True
63353,True
63354,True
63355,True
63356,True
63357,True
63358,True
63359,True
63360,True
63361,True
63362,True
63363,True
63364,True
63365,True
63366,True
63367,True
63368,True
63369,True
63370,True
63371,True
63372,True
63373,True
63374,True
63375,True
63376,True
63377,True
63378,True
63379,True
63380,True
63381,True
63382,True
63383,True
63384,True
63385,True
63386,True
63387,True
63388,True
63389,True
63390,True
63391,True
63392,True
63393,True
63394,True
63395,True
63396,True
63397,True
63398,True
63399,True
63400,True
63401,True
63402,True
63403,True
63404,True
63405,True
63406,True
63407,True
63408,True
63409,True
63410,True
63411,True
63412,True
63413,True
63414,True
63415,True
63416,True
63417,True
63418,True
63419,True
63420,True
63421,True
63422,True
63423,True
63424,True
63425,True
63426,True
63427,True
63428,True
63429,True
63430,True
63431,True
63432,True
63433,True
63434,True
63435,True
63436,True
63437,True
63438,True
63439,True
63440,True
63441,True
63442,True
63443,True
63444,True
63445,True
63446,True
63447,True
63448,True
63449,True
63450,True
63451,True
63452,True
63453,True
63454,True
63455,True
63456,True
63457,True
63458,True
63459,True
63460,True
63461,True
63462,True
63463,True
63464,True
63465,True
63466,True
63467,True
63468,True
63469,True
63470,True
63471,True
63472,True
63473,True
63474,True
63475,True
63476,True
63477,True
63478,True
63479,True
63480,True
63481,True
63482,True
63483,True
63484,True
63485,True
63486,True
63487,True
63488,True
63489,True
63490,True
63491,True
63492,True
63493,True
63494,True
63495,True
63496,True
63497,True
63498,True
63499,True
63500,True
63501,True
63502,True
63503,True
63504,True
63505,True
63506,True
63507,True
63508,True
63509,True
63510,True
63511,True
63512,True
63513,True
63514,True
63515,True
63516,True
63517,True
63518,True
63519,True
63520,True
63521,True
63522,True
63523,True
63524,True
63525,True
63526,True
63527,True
63528,True
63529,True
63530,True
63531,True
63532,True
63533,True
63534,True
63535,True
63536,True
63537,True
63538,True
63539,True
63540,True
63541,True
63542,True
63543,True
63544,True
63545,True
63546,True
63547,True
63548,True
63549,True
63550,True
63551,True
63552,True
63553,True
63554,True
63555,True
63556,True
63557,True
63558,True
63559,True
63560,True
63561,True
63562,True
63563,True
63564,True
63565,True
63566,True
63567,True
63568,True
63569,True
63570,True
63571,True
63572,True
63573,True
63574,True
63575,True
63576,True
63577,True
63578,True
63579,True
63580,True
63581,True
63582,True
63583,True
63584,True
63585,True
63586,True
63587,True
63588,True
63589,True
63590,True
63591,True
63592,True
63593,True
63594,True
63595,True
63596,True
63597,True
63598,True
63599,True
63600,True
63601,True
63602,True
63603,True
63604,True
63605,True
63606,True
63607,True
63608,True
63609,True
63610,True
63611,True
63612,True
63613,True
63614,True
63615,True
63616,True
63617,True
63618,True
63619,True
63620,True
63621,True
63622,True
63623,True
63624,True
63625,True
63626,True
63627,True
63628,True
63629,True
63630,True
63631,True
63632,True
63633,True
63634,True
63635,True
63636,True
63637,True
63638,True
63639,True
63640,True
63641,True
63642,True
63643,True
63644,True
63645,True
63646,True
63647,True
63648,True
63649,True
63650,True
63651,True
63652,True
63653,True
63654,True
63655,True
63656,True
63657,True
63658,True
63659,True
63660,True
63661,True
63662,True
63663,True
63664,True
63665,True
63666,True
63667,True
63668,True
63669,True
63670,True
63671,True
63672,True
63673,True
63674,True
63675,True
63676,True
63677,True
63678,True
63679,True
63680,True
63681,True
63682,True
63683,True
63684,True
63685,True
63686,True
63687,True
63688,True
63689,True
63690,True
63691,True
63692,True
63693,True
63694,True
63695,True
63696,True
63697,True
63698,True
63699,True
63700,True
63701,True
63702,True
63703,True
63704,True
63705,True
63706,True
63707,True
63708,True
63709,True
63710,True
63711,True
63712,True
63713,True
63714,True
63715,True
63716,True
63717,True
63718,True
63719,True
63720,True
63721,True
63722,True
63723,True
63724,True
63725,True
63726,True
63727,True
63728,True
63729,True
63730,True
63731,True
63732,True
63733,True
63734,True
63735,True
63736,True
63737,True
63738,True
63739,True
63740,True
63741,True
63742,True
63743,True
63744,True
63745,True
63746,True
63747,True
63748,True
63749,True
63750,True
63751,True
63752,True
63753,True
63754,True
63755,True
63756,True
63757,True
63758,True
63759,True
63760,True
63761,True
63762,True
63763,True
63764,True
63765,True
63766,True
63767,True
63768,True
63769,True
63770,True
63771,True
63772,True
63773,True
63774,True
63775,True
63776,True
63777,True
63778,True
63779,True
63780,True
63781,True
63782,True
63783,True
63784,True
63785,True
63786,True
63787,True
63788,True
63789,True
63790,True
63791,True
63792,True
63793,True
63794,True
63795,True
63796,True
63797,True
63798,True
63799,True
63800,True
63801,True
63802,True
63803,True
63804,True
63805,True
63806,True
63807,True
63808,True
63809,True
63810,True
63811,True
63812,True
63813,True
63814,True
63815,True
63816,True
63817,True
63818,True
63819,True
63820,True
63821,True
63822,True
63823,True
63824,True
63825,True
63826,True
63827,True
63828,True
63829,True
63830,True
63831,True
63832,True
63833,True
63834,True
63835,True
63836,True
63837,True
63838,True
63839,True
63840,True
63841,True
63842,True
63843,True
63844,True
63845,True
63846,True
63847,True
63848,True
63849,True
63850,True
63851,True
63852,True
63853,True
63854,True
63855,True
63856,True
63857,True
63858,True
63859,True
63860,True
63861,True
63862,True
63863,True
63864,True
63865,True
63866,True
63867,True
63868,True
63869,True
63870,True
63871,True
63872,True
63873,True
63874,True
63875,True
63876,True
63877,True
63878,True
63879,True
63880,True
63881,True
63882,True
63883,True
63884,True
63885,True
63886,True
63887,True
63888,True
63889,True
63890,True
63891,True
63892,True
63893,True
63894,True
63895,True
63896,True
63897,True
63898,True
63899,True
63900,True
63901,True
63902,True
63903,True
63904,True
63905,True
63906,True
63907,True
63908,True
63909,True
63910,True
63911,True
63912,True
63913,True
63914,True
63915,True
63916,True
63917,True
63918,True
63919,True
63920,True
63921,True
63922,True
63923,True
63924,True
63925,True
63926,True
63927,True
63928,True
63929,True
63930,True
63931,True
63932,True
63933,True
63934,True
63935,True
63936,True
63937,True
63938,True
63939,True
63940,True
63941,True
63942,True
63943,True
63944,True
63945,True
63946,True
63947,True
63948,True
63949,True
63950,True
63951,True
63952,True
63953,True
63954,True
63955,True
63956,True
63957,True
63958,True
63959,True
63960,True
63961,True
63962,True
63963,True
63964,True
63965,True
63966,True
63967,True
63968,True
63969,True
63970,True
63971,True
63972,True
63973,True
63974,True
63975,True
63976,True
63977,True
63978,True
63979,True
63980,True
63981,True
63982,True
63983,True
63984,True
63985,True
63986,True
63987,True
63988,True
63989,True
63990,True
63991,True
63992,True
63993,True
63994,True
63995,True
63996,True
63997,True
63998,True
63999,True
64000,True
64001,True
64002,True
64003,True
64004,True
64005,True
64006,True
64007,True
64008,True
64009,True
64010,True
64011,True
64012,True
64013,True
64014,True
64015,True
64016,True
64017,True
64018,True
64019,True
64020,True
64021,True
64022,True
64023,True
64024,True
64025,True
64026,True
64027,True
64028,True
64029,True
64030,True
64031,True
64032,True
64033,True
64034,True
64035,True
64036,True
64037,True
64038,True
64039,True
64040,True
64041,True
64042,True
64043,True
64044,True
64045,True
64046,True
64047,True
64048,True
64049,True
64050,True
64051,True
64052,True
64053,True
64054,True
64055,True
64056,True
64057,True
64058,True
64059,True
64060,True
64061,True
64062,True
64063,True
64064,True
64065,True
64066,True
64067,True
64068,True
64069,True
64070,True
64071,True
64072,True
64073,True
64074,True
64075,True
64076,True
64077,True
64078,True
64079,True
64080,True
64081,True
64082,True
64083,True
64084,True
64085,True
64086,True
64087,True
64088,True
64089,True
64090,True
64091,True
64092,True
64093,True
64094,True
64095,True
64096,True
64097,True
64098,True
64099,True
64100,True
64101,True
64102,True
64103,True
64104,True
64105,True
64106,True
64107,True
64108,True
64109,True
64110,True
64111,True
64112,True
64113,True
64114,True
64115,True
64116,True
64117,True
64118,True
64119,True
64120,True
64121,True
64122,True
64123,True
64124,True
64125,True
64126,True
64127,True
64128,True
64129,True
64130,True
64131,True
64132,True
64133,True
64134,True
64135,True
64136,True
64137,True
64138,True
64139,True
64140,True
64141,True
64142,True
64143,True
64144,True
64145,True
64146,True
64147,True
64148,True
64149,True
64150,True
64151,True
64152,True
64153,True
64154,True
64155,True
64156,True
64157,True
64158,True
64159,True
64160,True
64161,True
64162,True
64163,True
64164,True
64165,True
64166,True
64167,True
64168,True
64169,True
64170,True
64171,True
64172,True
64173,True
64174,True
64175,True
64176,True
64177,True
64178,True
64179,True
64180,True
64181,True
64182,True
64183,True
64184,True
64185,True
64186,True
64187,True
64188,True
64189,True
64190,True
64191,True
64192,True
64193,True
64194,True
64195,True
64196,True
64197,True
64198,True
64199,True
64200,True
64201,True
64202,True
64203,True
64204,True
64205,True
64206,True
64207,True
64208,True
64209,True
64210,True
64211,True
64212,True
64213,True
64214,True
64215,True
64216,True
64217,True
64218,True
64219,True
64220,True
64221,True
64222,True
64223,True
64224,True
64225,True
64226,True
64227,True
64228,True
64229,True
64230,True
64231,True
64232,True
64233,True
64234,True
64235,True
64236,True
64237,True
64238,True
64239,True
64240,True
64241,True
64242,True
64243,True
64244,True
64245,True
64246,True
64247,True
64248,True
64249,True
64250,True
64251,True
64252,True
64253,True
64254,True
64255,True
64256,True
64257,True
64258,True
64259,True
64260,True
64261,True
64262,True
64263,True
64264,True
64265,True
64266,True
64267,True
64268,True
64269,True
64270,True
64271,True
64272,True
64273,True
64274,True
64275,True
64276,True
64277,True
64278,True
64279,True
64280,True
64281,True
64282,True
64283,True
64284,True
64285,True
64286,True
64287,True
64288,True
64289,True
64290,True
64291,True
64292,True
64293,True
64294,True
64295,True
64296,True
64297,True
64298,True
64299,True
64300,True
64301,True
64302,True
64303,True
64304,True
64305,True
64306,True
64307,True
64308,True
64309,True
64310,True
64311,True
64312,True
64313,True
64314,True
64315,True
64316,True
64317,True
64318,True
64319,True
64320,True
64321,True
64322,True
64323,True
64324,True
64325,True
64326,True
64327,True
64328,True
64329,True
64330,True
64331,True
64332,True
64333,True
64334,True
64335,True
64336,True
64337,True
64338,True
64339,True
64340,True
64341,True
64342,True
64343,True
64344,True
64345,True
64346,True
64347,True
64348,True
64349,True
64350,True
64351,True
64352,True
64353,True
64354,True
64355,True
64356,True
64357,True
64358,True
64359,True
64360,True
64361,True
64362,True
64363,True
64364,True
64365,True
64366,True
64367,True
64368,True
64369,True
64370,True
64371,True
64372,True
64373,True
64374,True
64375,True
64376,True
64377,True
64378,True
64379,True
64380,True
64381,True
64382,True
64383,True
64384,True
64385,True
64386,True
64387,True
64388,True
64389,True
64390,True
64391,True
64392,True
64393,True
64394,True
64395,True
64396,True
64397,True
64398,True
64399,True
64400,True
64401,True
64402,True
64403,True
64404,True
64405,True
64406,True
64407,True
64408,True
64409,True
64410,True
64411,True
64412,True
64413,True
64414,True
64415,True
64416,True
64417,True
64418,True
64419,True
64420,True
64421,True
64422,True
64423,True
64424,True
64425,True
64426,True
64427,True
64428,True
64429,True
64430,True
64431,True
64432,True
64433,True
64434,True
64435,True
64436,True
64437,True
64438,True
64439,True
64440,True
64441,True
64442,True
64443,True
64444,True
64445,True
64446,True
64447,True
64448,True
64449,True
64450,True
64451,True
64452,True
64453,True
64454,True
64455,True
64456,True
64457,True
64458,True
64459,True
64460,True
64461,True
64462,True
64463,True
64464,True
64465,True
64466,True
64467,True
64468,True
64469,True
64470,True
64471,True
64472,True
64473,True
64474,True
64475,True
64476,True
64477,True
64478,True
64479,True
64480,True
64481,True
64482,True
64483,True
64484,True
64485,True
64486,True
64487,True
64488,True
64489,True
64490,True
64491,True
64492,True
64493,True
64494,True
64495,True
64496,True
64497,True
64498,True
64499,True
64500,True
64501,True
64502,True
64503,True
64504,True
64505,True
64506,True
64507,True
64508,True
64509,True
64510,True
64511,True
64512,True
64513,True
64514,True
64515,True
64516,True
64517,True
64518,True
64519,True
64520,True
64521,True
64522,True
64523,True
64524,True
64525,True
64526,True
64527,True
64528,True
64529,True
64530,True
64531,True
64532,True
64533,True
64534,True
64535,True
64536,True
64537,True
64538,True
64539,True
64540,True
64541,True
64542,True
64543,True
64544,True
64545,True
64546,True
64547,True
64548,True
64549,True
64550,True
64551,True
64552,True
64553,True
64554,True
64555,True
64556,True
64557,True
64558,True
64559,True
64560,True
64561,True
64562,True
64563,True
64564,True
64565,True
64566,True
64567,True
64568,True
64569,True
64570,True
64571,True
64572,True
64573,True
64574,True
64575,True
64576,True
64577,True
64578,True
64579,True
64580,True
64581,True
64582,True
64583,True
64584,True
64585,True
64586,True
64587,True
64588,True
64589,True
64590,True
64591,True
64592,True
64593,True
64594,True
64595,True
64596,True
64597,True
64598,True
64599,True
64600,True
64601,True
64602,True
64603,True
64604,True
64605,True
64606,True
64607,True
64608,True
64609,True
64610,True
64611,True
64612,True
64613,True
64614,True
64615,True
64616,True
64617,True
64618,True
64619,True
64620,True
64621,True
64622,True
64623,True
64624,True
64625,True
64626,True
64627,True
64628,True
64629,True
64630,True
64631,True
64632,True
64633,True
64634,True
64635,True
64636,True
64637,True
64638,True
64639,True
64640,True
64641,True
64642,True
64643,True
64644,True
64645,True
64646,True
64647,True
64648,True
64649,True
64650,True
64651,True
64652,True
64653,True
64654,True
64655,True
64656,True
64657,True
64658,True
64659,True
64660,True
64661,True
64662,True
64663,True
64664,True
64665,True
64666,True
64667,True
64668,True
64669,True
64670,True
64671,True
64672,True
64673,True
64674,True
64675,True
64676,True
64677,True
64678,True
64679,True
64680,True
64681,True
64682,True
64683,True
64684,True
64685,True
64686,True
64687,True
64688,True
64689,True
64690,True
64691,True
64692,True
64693,True
64694,True
64695,True
64696,True
64697,True
64698,True
64699,True
64700,True
64701,True
64702,True
64703,True
64704,True
64705,True
64706,True
64707,True
64708,True
64709,True
64710,True
64711,True
64712,True
64713,True
64714,True
64715,True
64716,True
64717,True
64718,True
64719,True
64720,True
64721,True
64722,True
64723,True
64724,True
64725,True
64726,True
64727,True
64728,True
64729,True
64730,True
64731,True
64732,True
64733,True
64734,True
64735,True
64736,True
64737,True
64738,True
64739,True
64740,True
64741,True
64742,True
64743,True
64744,True
64745,True
64746,True
64747,True
64748,True
64749,True
64750,True
64751,True
64752,True
64753,True
64754,True
64755,True
64756,True
64757,True
64758,True
64759,True
64760,True
64761,True
64762,True
64763,True
64764,True
64765,True
64766,True
64767,True
64768,True
64769,True
64770,True
64771,True
64772,True
64773,True
64774,True
64775,True
64776,True
64777,True
64778,True
64779,True
64780,True
64781,True
64782,True
64783,True
64784,True
64785,True
64786,True
64787,True
64788,True
64789,True
64790,True
64791,True
64792,True
64793,True
64794,True
64795,True
64796,True
64797,True
64798,True
64799,True
64800,True
64801,True
64802,True
64803,True
64804,True
64805,True
64806,True
64807,True
64808,True
64809,True
64810,True
64811,True
64812,True
64813,True
64814,True
64815,True
64816,True
64817,True
64818,True
64819,True
64820,True
64821,True
64822,True
64823,True
64824,True
64825,True
64826,True
64827,True
64828,True
64829,True
64830,True
64831,True
64832,True
64833,True
64834,True
64835,True
64836,True
64837,True
64838,True
64839,True
64840,True
64841,True
64842,True
64843,True
64844,True
64845,True
64846,True
64847,True
64848,True
64849,True
64850,True
64851,True
64852,True
64853,True
64854,True
64855,True
64856,True
64857,True
64858,True
64859,True
64860,True
64861,True
64862,True
64863,True
64864,True
64865,True
64866,True
64867,True
64868,True
64869,True
64870,True
64871,True
64872,True
64873,True
64874,True
64875,True
64876,True
64877,True
64878,True
64879,True
64880,True
64881,True
64882,True
64883,True
64884,True
64885,True
64886,True
64887,True
64888,True
64889,True
64890,True
64891,True
64892,True
64893,True
64894,True
64895,True
64896,True
64897,True
64898,True
64899,True
64900,True
64901,True
64902,True
64903,True
64904,True
64905,True
64906,True
64907,True
64908,True
64909,True
64910,True
64911,True
64912,True
64913,True
64914,True
64915,True
64916,True
64917,True
64918,True
64919,True
64920,True
64921,True
64922,True
64923,True
64924,True
64925,True
64926,True
64927,True
64928,True
64929,True
64930,True
64931,True
64932,True
64933,True
64934,True
64935,True
64936,True
64937,True
64938,True
64939,True
64940,True
64941,True
64942,True
64943,True
64944,True
64945,True
64946,True
64947,True
64948,True
64949,True
64950,True
64951,True
64952,True
64953,True
64954,True
64955,True
64956,True
64957,True
64958,True
64959,True
64960,True
64961,True
64962,True
64963,True
64964,True
64965,True
64966,True
64967,True
64968,True
64969,True
64970,True
64971,True
64972,True
64973,True
64974,True
64975,True
64976,True
64977,True
64978,True
64979,True
64980,True
64981,True
64982,True
64983,True
64984,True
64985,True
64986,True
64987,True
64988,True
64989,True
64990,True
64991,True
64992,True
64993,True
64994,True
64995,True
64996,True
64997,True
64998,True
64999,True
65000,True
65001,True
65002,True
65003,True
65004,True
65005,True
65006,True
65007,True
65008,True
65009,True
65010,True
65011,True
65012,True
65013,True
65014,True
65015,True
65016,True
65017,True
65018,True
65019,True
65020,True
65021,True
65022,True
65023,True
65024,True
65025,True
65026,True
65027,True
65028,True
65029,True
65030,True
65031,True
65032,True
65033,True
65034,True
65035,True
65036,True
65037,True
65038,True
65039,True
65040,True
65041,True
65042,True
65043,True
65044,True
65045,True
65046,True
65047,True
65048,True
65049,True
65050,True
65051,True
65052,True
65053,True
65054,True
65055,True
65056,True
65057,True
65058,True
65059,True
65060,True
65061,True
65062,True
65063,True
65064,True
65065,True
65066,True
65067,True
65068,True
65069,True
65070,True
65071,True
65072,True
65073,True
65074,True
65075,True
65076,True
65077,True
65078,True
65079,True
65080,True
65081,True
65082,True
65083,True
65084,True
65085,True
65086,True
65087,True
65088,True
65089,True
65090,True
65091,True
65092,True
65093,True
65094,True
65095,True
65096,True
65097,True
65098,True
65099,True
65100,True
65101,True
65102,True
65103,True
65104,True
65105,True
65106,True
65107,True
65108,True
65109,True
65110,True
65111,True
65112,True
65113,True
65114,True
65115,True
65116,True
65117,True
65118,True
65119,True
65120,True
65121,True
65122,True
65123,True
65124,True
65125,True
65126,True
65127,True
65128,True
65129,True
65130,True
65131,True
65132,True
65133,True
65134,True
65135,True
65136,True
65137,True
65138,True
65139,True
65140,True
65141,True
65142,True
65143,True
65144,True
65145,True
65146,True
65147,True
65148,True
65149,True
65150,True
65151,True
65152,True
65153,True
65154,True
65155,True
65156,True
65157,True
65158,True
65159,True
65160,True
65161,True
65162,True
65163,True
65164,True
65165,True
65166,True
65167,True
65168,True
65169,True
65170,True
65171,True
65172,True
65173,True
65174,True
65175,True
65176,True
65177,True
65178,True
65179,True
65180,True
65181,True
65182,True
65183,True
65184,True
65185,True
65186,True
65187,True
65188,True
65189,True
65190,True
65191,True
65192,True
65193,True
65194,True
65195,True
65196,True
65197,True
65198,True
65199,True
65200,True
65201,True
65202,True
65203,True
65204,True
65205,True
65206,True
65207,True
65208,True
65209,True
65210,True
65211,True
65212,True
65213,True
65214,True
65215,True
65216,True
65217,True
65218,True
65219,True
65220,True
65221,True
65222,True
65223,True
65224,True
65225,True
65226,True
65227,True
65228,True
65229,True
65230,True
65231,True
65232,True
65233,True
65234,True
65235,True
65236,True
65237,True
65238,True
65239,True
65240,True
65241,True
65242,True
65243,True
65244,True
65245,True
65246,True
65247,True
65248,True
65249,True
65250,True
65251,True
65252,True
65253,True
65254,True
65255,True
65256,True
65257,True
65258,True
65259,True
65260,True
65261,True
65262,True
65263,True
65264,True
65265,True
65266,True
65267,True
65268,True
65269,True
65270,True
65271,True
65272,True
65273,True
65274,True
65275,True
65276,True
65277,True
65278,True
65279,True
65280,True
65281,True
65282,True
65283,True
65284,True
65285,True
65286,True
65287,True
65288,True
65289,True
65290,True
65291,True
65292,True
65293,True
65294,True
65295,True
65296,True
65297,True
65298,True
65299,True
65300,True
65301,True
65302,True
65303,True
65304,True
65305,True
65306,True
65307,True
65308,True
65309,True
65310,True
65311,True
65312,True
65313,True
65314,True
65315,True
65316,True
65317,True
65318,True
65319,True
65320,True
65321,True
65322,True
65323,True
65324,True
65325,True
65326,True
65327,True
65328,True
65329,True
65330,True
65331,True
65332,True
65333,True
65334,True
65335,True
65336,True
65337,True
65338,True
65339,True
65340,True
65341,True
65342,True
65343,True
65344,True
65345,True
65346,True
65347,True
65348,True
65349,True
65350,True
65351,True
65352,True
65353,True
65354,True
65355,True
65356,True
65357,True
65358,True
65359,True
65360,True
65361,True
65362,True
65363,True
65364,True
65365,True
65366,True
65367,True
65368,True
65369,True
65370,True
65371,True
65372,True
65373,True
65374,True
65375,True
65376,True
65377,True
65378,True
65379,True
65380,True
65381,True
65382,True
65383,True
65384,True
65385,True
65386,True
65387,True
65388,True
65389,True
65390,True
65391,True
65392,True
65393,True
65394,True
65395,True
65396,True
65397,True
65398,True
65399,True
65400,True
65401,True
65402,True
65403,True
65404,True
65405,True
65406,True
65407,True
65408,True
65409,True
65410,True
65411,True
65412,True
65413,True
65414,True
65415,True
65416,True
65417,True
65418,True
65419,True
65420,True
65421,True
65422,True
65423,True
65424,True
65425,True
65426,True
65427,True
65428,True
65429,True
65430,True
65431,True
65432,True
65433,True
65434,True
65435,True
65436,True
65437,True
65438,True
65439,True
65440,True
65441,True
65442,True
65443,True
65444,True
65445,True
65446,True
65447,True
65448,True
65449,True
65450,True
65451,True
65452,True
65453,True
65454,True
65455,True
65456,True
65457,True
65458,True
65459,True
65460,True
65461,True
65462,True
65463,True
65464,True
65465,True
65466,True
65467,True
65468,True
65469,True
65470,True
65471,True
65472,True
65473,True
65474,True
65475,True
65476,True
65477,True
65478,True
65479,True
65480,True
65481,True
65482,True
65483,True
65484,True
65485,True
65486,True
65487,True
65488,True
65489,True
65490,True
65491,True
65492,True
65493,True
65494,True
65495,True
65496,True
65497,True
65498,True
65499,True
65500,True
65501,True
65502,True
65503,True
65504,True
65505,True
65506,True
65507,True
65508,True
65509,True
65510,True
65511,True
65512,True
65513,True
65514,True
65515,True
65516,True
65517,True
65518,True
65519,True
65520,True
65521,True
65522,True
65523,True
65524,True
65525,True
65526,True
65527,True
65528,True
65529,True
65530,True
65531,True
65532,True
65533,True
65534,True
65535,True
65536,True
65537,True
65538,True
65539,True
65540,True
65541,True
65542,True
65543,True
65544,True
65545,True
65546,True
65547,True
65548,True
65549,True
65550,True
65551,True
65552,True
65553,True
65554,True
65555,True
65556,True
65557,True
65558,True
65559,True
65560,True
65561,True
65562,True
65563,True
65564,True
65565,True
65566,True
65567,True
65568,True
65569,True
65570,True
65571,True
65572,True
65573,True
65574,True
65575,True
65576,True
65577,True
65578,True
65579,True
65580,True
65581,True
65582,True
65583,True
65584,True
65585,True
65586,True
65587,True
65588,True
65589,True
65590,True
65591,True
65592,True
65593,True
65594,True
65595,True
65596,True
65597,True
65598,True
65599,True
65600,True
65601,True
65602,True
65603,True
65604,True
65605,True
65606,True
65607,True
65608,True
65609,True
65610,True
65611,True
65612,True
65613,True
65614,True
65615,True
65616,True
65617,True
65618,True
65619,True
65620,True
65621,True
65622,True
65623,True
65624,True
65625,True
65626,True
65627,True
65628,True
65629,True
65630,True
65631,True
65632,True
65633,True
65634,True
65635,True
65636,True
65637,True
65638,True
65639,True
65640,True
65641,True
65642,True
65643,True
65644,True
65645,True
65646,True
65647,True
65648,True
65649,True
65650,True
65651,True
65652,True
65653,True
65654,True
65655,True
65656,True
65657,True
65658,True
65659,True
65660,True
65661,True
65662,True
65663,True
65664,True
65665,True
65666,True
65667,True
65668,True
65669,True
65670,True
65671,True
65672,True
65673,True
65674,True
65675,True
65676,True
65677,True
65678,True
65679,True
65680,True
65681,True
65682,True
65683,True
65684,True
65685,True
65686,True
65687,True
65688,True
65689,True
65690,True
65691,True
65692,True
65693,True
65694,True
65695,True
65696,True
65697,True
65698,True
65699,True
65700,True
65701,True
65702,True
65703,True
65704,True
65705,True
65706,True
65707,True
65708,True
65709,True
65710,True
65711,True
65712,True
65713,True
65714,True
65715,True
65716,True
65717,True
65718,True
65719,True
65720,True
65721,True
65722,True
65723,True
65724,True
65725,True
65726,True
65727,True
65728,True
65729,True
65730,True
65731,True
65732,True
65733,True
65734,True
65735,True
65736,True
65737,True
65738,True
65739,True
65740,True
65741,True
65742,True
65743,True
65744,True
65745,True
65746,True
65747,True
65748,True
65749,True
65750,True
65751,True
65752,True
65753,True
65754,True
65755,True
65756,True
65757,True
65758,True
65759,True
65760,True
65761,True
65762,True
65763,True
65764,True
65765,True
65766,True
65767,True
65768,True
65769,True
65770,True
65771,True
65772,True
65773,True
65774,True
65775,True
65776,True
65777,True
65778,True
65779,True
65780,True
65781,True
65782,True
65783,True
65784,True
65785,True
65786,True
65787,True
65788,True
65789,True
65790,True
65791,True
65792,True
65793,True
65794,True
65795,True
65796,True
65797,True
65798,True
65799,True
65800,True
65801,True
65802,True
65803,True
65804,True
65805,True
65806,True
65807,True
65808,True
65809,True
65810,True
65811,True
65812,True
65813,True
65814,True
65815,True
65816,True
65817,True
65818,True
65819,True
65820,True
65821,True
65822,True
65823,True
65824,True
65825,True
65826,True
65827,True
65828,True
65829,True
65830,True
65831,True
65832,True
65833,True
65834,True
65835,True
65836,True
65837,True
65838,True
65839,True
65840,True
65841,True
65842,True
65843,True
65844,True
65845,True
65846,True
65847,True
65848,True
65849,True
65850,True
65851,True
65852,True
65853,True
65854,True
65855,True
65856,True
65857,True
65858,True
65859,True
65860,True
65861,True
65862,True
65863,True
65864,True
65865,True
65866,True
65867,True
65868,True
65869,True
65870,True
65871,True
65872,True
65873,True
65874,True
65875,True
65876,True
65877,True
65878,True
65879,True
65880,True
65881,True
65882,True
65883,True
65884,True
65885,True
65886,True
65887,True
65888,True
65889,True
65890,True
65891,True
65892,True
65893,True
65894,True
65895,True
65896,True
65897,True
65898,True
65899,True
65900,True
65901,True
65902,True
65903,True
65904,True
65905,True
65906,True
65907,True
65908,True
65909,True
65910,True
65911,True
65912,True
65913,True
65914,True
65915,True
65916,True
65917,True
65918,True
65919,True
65920,True
65921,True
65922,True
65923,True
65924,True
65925,True
65926,True
65927,True
65928,True
65929,True
65930,True
65931,True
65932,True
65933,True
65934,True
65935,True
65936,True
65937,True
65938,True
65939,True
65940,True
65941,True
65942,True
65943,True
65944,True
65945,True
65946,True
65947,True
65948,True
65949,True
65950,True
65951,True
65952,True
65953,True
65954,True
65955,True
65956,True
65957,True
65958,True
65959,True
65960,True
65961,True
65962,True
65963,True
65964,True
65965,True
65966,True
65967,True
65968,True
65969,True
65970,True
65971,True
65972,True
65973,True
65974,True
65975,True
65976,True
65977,True
65978,True
65979,True
65980,True
65981,True
65982,True
65983,True
65984,True
65985,True
65986,True
65987,True
65988,True
65989,True
65990,True
65991,True
65992,True
65993,True
65994,True
65995,True
65996,True
65997,True
65998,True
65999,True
66000,True
66001,True
66002,True
66003,True
66004,True
66005,True
66006,True
66007,True
66008,True
66009,True
66010,True
66011,True
66012,True
66013,True
66014,True
66015,True
66016,True
66017,True
66018,True
66019,True
66020,True
66021,True
66022,True
66023,True
66024,True
66025,True
66026,True
66027,True
66028,True
66029,True
66030,True
66031,True
66032,True
66033,True
66034,True
66035,True
66036,True
66037,True
66038,True
66039,True
66040,True
66041,True
66042,True
66043,True
66044,True
66045,True
66046,True
66047,True
66048,True
66049,True
66050,True
66051,True
66052,True
66053,True
66054,True
66055,True
66056,True
66057,True
66058,True
66059,True
66060,True
66061,True
66062,True
66063,True
66064,True
66065,True
66066,True
66067,True
66068,True
66069,True
66070,True
66071,True
66072,True
66073,True
66074,True
66075,True
66076,True
66077,True
66078,True
66079,True
66080,True
66081,True
66082,True
66083,True
66084,True
66085,True
66086,True
66087,True
66088,True
66089,True
66090,True
66091,True
66092,True
66093,True
66094,True
66095,True
66096,True
66097,True
66098,True
66099,True
66100,True
66101,True
66102,True
66103,True
66104,True
66105,True
66106,True
66107,True
66108,True
66109,True
66110,True
66111,True
66112,True
66113,True
66114,True
66115,True
66116,True
66117,True
66118,True
66119,True
66120,True
66121,True
66122,True
66123,True
66124,True
66125,True
66126,True
66127,True
66128,True
66129,True
66130,True
66131,True
66132,True
66133,True
66134,True
66135,True
66136,True
66137,True
66138,True
66139,True
66140,True
66141,True
66142,True
66143,True
66144,True
66145,True
66146,True
66147,True
66148,True
66149,True
66150,True
66151,True
66152,True
66153,True
66154,True
66155,True
66156,True
66157,True
66158,True
66159,True
66160,True
66161,True
66162,True
66163,True
66164,True
66165,True
66166,True
66167,True
66168,True
66169,True
66170,True
66171,True
66172,True
66173,True
66174,True
66175,True
66176,True
66177,True
66178,True
66179,True
66180,True
66181,True
66182,True
66183,True
66184,True
66185,True
66186,True
66187,True
66188,True
66189,True
66190,True
66191,True
66192,True
66193,True
66194,True
66195,True
66196,True
66197,True
66198,True
66199,True
66200,True
66201,True
66202,True
66203,True
66204,True
66205,True
66206,True
66207,True
66208,True
66209,True
66210,True
66211,True
66212,True
66213,True
66214,True
66215,True
66216,True
66217,True
66218,True
66219,True
66220,True
66221,True
66222,True
66223,True
66224,True
66225,True
66226,True
66227,True
66228,True
66229,True
66230,True
66231,True
66232,True
66233,True
66234,True
66235,True
66236,True
66237,True
66238,True
66239,True
66240,True
66241,True
66242,True
66243,True
66244,True
66245,True
66246,True
66247,True
66248,True
66249,True
66250,True
66251,True
66252,True
66253,True
66254,True
66255,True
66256,True
66257,True
66258,True
66259,True
66260,True
66261,True
66262,True
66263,True
66264,True
66265,True
66266,True
66267,True
66268,True
66269,True
66270,True
66271,True
66272,True
66273,True
66274,True
66275,True
66276,True
66277,True
66278,True
66279,True
66280,True
66281,True
66282,True
66283,True
66284,True
66285,True
66286,True
66287,True
66288,True
66289,True
66290,True
66291,True
66292,True
66293,True
66294,True
66295,True
66296,True
66297,True
66298,True
66299,True
66300,True
66301,True
66302,True
66303,True
66304,True
66305,True
66306,True
66307,True
66308,True
66309,True
66310,True
66311,True
66312,True
66313,True
66314,True
66315,True
66316,True
66317,True
66318,True
66319,True
66320,True
66321,True
66322,True
66323,True
66324,True
66325,True
66326,True
66327,True
66328,True
66329,True
66330,True
66331,True
66332,True
66333,True
66334,True
66335,True
66336,True
66337,True
66338,True
66339,True
66340,True
66341,True
66342,True
66343,True
66344,True
66345,True
66346,True
66347,True
66348,True
66349,True
66350,True
66351,True
66352,True
66353,True
66354,True
66355,True
66356,True
66357,True
66358,True
66359,True
66360,True
66361,True
66362,True
66363,True
66364,True
66365,True
66366,True
66367,True
66368,True
66369,True
66370,True
66371,True
66372,True
66373,True
66374,True
66375,True
66376,True
66377,True
66378,True
66379,True
66380,True
66381,True
66382,True
66383,True
66384,True
66385,True
66386,True
66387,True
66388,True
66389,True
66390,True
66391,True
66392,True
66393,True
66394,True
66395,True
66396,True
66397,True
66398,True
66399,True
66400,True
66401,True
66402,True
66403,True
66404,True
66405,True
66406,True
66407,True
66408,True
66409,True
66410,True
66411,True
66412,True
66413,True
66414,True
66415,True
66416,True
66417,True
66418,True
66419,True
66420,True
66421,True
66422,True
66423,True
66424,True
66425,True
66426,True
66427,True
66428,True
66429,True
66430,True
66431,True
66432,True
66433,True
66434,True
66435,True
66436,True
66437,True
66438,True
66439,True
66440,True
66441,True
66442,True
66443,True
66444,True
66445,True
66446,True
66447,True
66448,True
66449,True
66450,True
66451,True
66452,True
66453,True
66454,True
66455,True
66456,True
66457,True
66458,True
66459,True
66460,True
66461,True
66462,True
66463,True
66464,True
66465,True
66466,True
66467,True
66468,True
66469,True
66470,True
66471,True
66472,True
66473,True
66474,True
66475,True
66476,True
66477,True
66478,True
66479,True
66480,True
66481,True
66482,True
66483,True
66484,True
66485,True
66486,True
66487,True
66488,True
66489,True
66490,True
66491,True
66492,True
66493,True
66494,True
66495,True
66496,True
66497,True
66498,True
66499,True
66500,True
66501,True
66502,True
66503,True
66504,True
66505,True
66506,True
66507,True
66508,True
66509,True
66510,True
66511,True
66512,True
66513,True
66514,True
66515,True
66516,True
66517,True
66518,True
66519,True
66520,True
66521,True
66522,True
66523,True
66524,True
66525,True
66526,True
66527,True
66528,True
66529,True
66530,True
66531,True
66532,True
66533,True
66534,True
66535,True
66536,True
66537,True
66538,True
66539,True
66540,True
66541,True
66542,True
66543,True
66544,True
66545,True
66546,True
66547,True
66548,True
66549,True
66550,True
66551,True
66552,True
66553,True
66554,True
66555,True
66556,True
66557,True
66558,True
66559,True
66560,True
66561,True
66562,True
66563,True
66564,True
66565,True
66566,True
66567,True
66568,True
66569,True
66570,True
66571,True
66572,True
66573,True
66574,True
66575,True
66576,True
66577,True
66578,True
66579,True
66580,True
66581,True
66582,True
66583,True
66584,True
66585,True
66586,True
66587,True
66588,True
66589,True
66590,True
66591,True
66592,True
66593,True
66594,True
66595,True
66596,True
66597,True
66598,True
66599,True
66600,True
66601,True
66602,True
66603,True
66604,True
66605,True
66606,True
66607,True
66608,True
66609,True
66610,True
66611,True
66612,True
66613,True
66614,True
66615,True
66616,True
66617,True
66618,True
66619,True
66620,True
66621,True
66622,True
66623,True
66624,True
66625,True
66626,True
66627,True
66628,True
66629,True
66630,True
66631,True
66632,True
66633,True
66634,True
66635,True
66636,True
66637,True
66638,True
66639,True
66640,True
66641,True
66642,True
66643,True
66644,True
66645,True
66646,True
66647,True
66648,True
66649,True
66650,True
66651,True
66652,True
66653,True
66654,True
66655,True
66656,True
66657,True
66658,True
66659,True
66660,True
66661,True
66662,True
66663,True
66664,True
66665,True
66666,True
66667,True
66668,True
66669,True
66670,True
66671,True
66672,True
66673,True
66674,True
66675,True
66676,True
66677,True
66678,True
66679,True
66680,True
66681,True
66682,True
66683,True
66684,True
66685,True
66686,True
66687,True
66688,True
66689,True
66690,True
66691,True
66692,True
66693,True
66694,True
66695,True
66696,True
66697,True
66698,True
66699,True
66700,True
66701,True
66702,True
66703,True
66704,True
66705,True
66706,True
66707,True
66708,True
66709,True
66710,True
66711,True
66712,True
66713,True
66714,True
66715,True
66716,True
66717,True
66718,True
66719,True
66720,True
66721,True
66722,True
66723,True
66724,True
66725,True
66726,True
66727,True
66728,True
66729,True
66730,True
66731,True
66732,True
66733,True
66734,True
66735,True
66736,True
66737,True
66738,True
66739,True
66740,True
66741,True
66742,True
66743,True
66744,True
66745,True
66746,True
66747,True
66748,True
66749,True
66750,True
66751,True
66752,True
66753,True
66754,True
66755,True
66756,True
66757,True
66758,True
66759,True
66760,True
66761,True
66762,True
66763,True
66764,True
66765,True
66766,True
66767,True
66768,True
66769,True
66770,True
66771,True
66772,True
66773,True
66774,True
66775,True
66776,True
66777,True
66778,True
66779,True
66780,True
66781,True
66782,True
66783,True
66784,True
66785,True
66786,True
66787,True
66788,True
66789,True
66790,True
66791,True
66792,True
66793,True
66794,True
66795,True
66796,True
66797,True
66798,True
66799,True
66800,True
66801,True
66802,True
66803,True
66804,True
66805,True
66806,True
66807,True
66808,True
66809,True
66810,True
66811,True
66812,True
66813,True
66814,True
66815,True
66816,True
66817,True
66818,True
66819,True
66820,True
66821,True
66822,True
66823,True
66824,True
66825,True
66826,True
66827,True
66828,True
66829,True
66830,True
66831,True
66832,True
66833,True
66834,True
66835,True
66836,True
66837,True
66838,True
66839,True
66840,True
66841,True
66842,True
66843,True
66844,True
66845,True
66846,True
66847,True
66848,True
66849,True
66850,True
66851,True
66852,True
66853,True
66854,True
66855,True
66856,True
66857,True
66858,True
66859,True
66860,True
66861,True
66862,True
66863,True
66864,True
66865,True
66866,True
66867,True
66868,True
66869,True
66870,True
66871,True
66872,True
66873,True
66874,True
66875,True
66876,True
66877,True
66878,True
66879,True
66880,True
66881,True
66882,True
66883,True
66884,True
66885,True
66886,True
66887,True
66888,True
66889,True
66890,True
66891,True
66892,True
66893,True
66894,True
66895,True
66896,True
66897,True
66898,True
66899,True
66900,True
66901,True
66902,True
66903,True
66904,True
66905,True
66906,True
66907,True
66908,True
66909,True
66910,True
66911,True
66912,True
66913,True
66914,True
66915,True
66916,True
66917,True
66918,True
66919,True
66920,True
66921,True
66922,True
66923,True
66924,True
66925,True
66926,True
66927,True
66928,True
66929,True
66930,True
66931,True
66932,True
66933,True
66934,True
66935,True
66936,True
66937,True
66938,True
66939,True
66940,True
66941,True
66942,True
66943,True
66944,True
66945,True
66946,True
66947,True
66948,True
66949,True
66950,True
66951,True
66952,True
66953,True
66954,True
66955,True
66956,True
66957,True
66958,True
66959,True
66960,True
66961,True
66962,True
66963,True
66964,True
66965,True
66966,True
66967,True
66968,True
66969,True
66970,True
66971,True
66972,True
66973,True
66974,True
66975,True
66976,True
66977,True
66978,True
66979,True
66980,True
66981,True
66982,True
66983,True
66984,True
66985,True
66986,True
66987,True
66988,True
66989,True
66990,True
66991,True
66992,True
66993,True
66994,True
66995,True
66996,True
66997,True
66998,True
66999,True
67000,True
67001,True
67002,True
67003,True
67004,True
67005,True
67006,True
67007,True
67008,True
67009,True
67010,True
67011,True
67012,True
67013,True
67014,True
67015,True
67016,True
67017,True
67018,True
67019,True
67020,True
67021,True
67022,True
67023,True
67024,True
67025,True
67026,True
67027,True
67028,True
67029,True
67030,True
67031,True
67032,True
67033,True
67034,True
67035,True
67036,True
67037,True
67038,True
67039,True
67040,True
67041,True
67042,True
67043,True
67044,True
67045,True
67046,True
67047,True
67048,True
67049,True
67050,True
67051,True
67052,True
67053,True
67054,True
67055,True
67056,True
67057,True
67058,True
67059,True
67060,True
67061,True
67062,True
67063,True
67064,True
67065,True
67066,True
67067,True
67068,True
67069,True
67070,True
67071,True
67072,True
67073,True
67074,True
67075,True
67076,True
67077,True
67078,True
67079,True
67080,True
67081,True
67082,True
67083,True
67084,True
67085,True
67086,True
67087,True
67088,True
67089,True
67090,True
67091,True
67092,True
67093,True
67094,True
67095,True
67096,True
67097,True
67098,True
67099,True
67100,True
67101,True
67102,True
67103,True
67104,True
67105,True
67106,True
67107,True
67108,True
67109,True
67110,True
67111,True
67112,True
67113,True
67114,True
67115,True
67116,True
67117,True
67118,True
67119,True
67120,True
67121,True
67122,True
67123,True
67124,True
67125,True
67126,True
67127,True
67128,True
67129,True
67130,True
67131,True
67132,True
67133,True
67134,True
67135,True
67136,True
67137,True
67138,True
67139,True
67140,True
67141,True
67142,True
67143,True
67144,True
67145,True
67146,True
67147,True
67148,True
67149,True
67150,True
67151,True
67152,True
67153,True
67154,True
67155,True
67156,True
67157,True
67158,True
67159,True
67160,True
67161,True
67162,True
67163,True
67164,True
67165,True
67166,True
67167,True
67168,True
67169,True
67170,True
67171,True
67172,True
67173,True
67174,True
67175,True
67176,True
67177,True
67178,True
67179,True
67180,True
67181,True
67182,True
67183,True
67184,True
67185,True
67186,True
67187,True
67188,True
67189,True
67190,True
67191,True
67192,True
67193,True
67194,True
67195,True
67196,True
67197,True
67198,True
67199,True
67200,True
67201,True
67202,True
67203,True
67204,True
67205,True
67206,True
67207,True
67208,True
67209,True
67210,True
67211,True
67212,True
67213,True
67214,True
67215,True
67216,True
67217,True
67218,True
67219,True
67220,True
67221,True
67222,True
67223,True
67224,True
67225,True
67226,True
67227,True
67228,True
67229,True
67230,True
67231,True
67232,True
67233,True
67234,True
67235,True
67236,True
67237,True
67238,True
67239,True
67240,True
67241,True
67242,True
67243,True
67244,True
67245,True
67246,True
67247,True
67248,True
67249,True
67250,True
67251,True
67252,True
67253,True
67254,True
67255,True
67256,True
67257,True
67258,True
67259,True
67260,True
67261,True
67262,True
67263,True
67264,True
67265,True
67266,True
67267,True
67268,True
67269,True
67270,True
67271,True
67272,True
67273,True
67274,True
67275,True
67276,True
67277,True
67278,True
67279,True
67280,True
67281,True
67282,True
67283,True
67284,True
67285,True
67286,True
67287,True
67288,True
67289,True
67290,True
67291,True
67292,True
67293,True
67294,True
67295,True
67296,True
67297,True
67298,True
67299,True
67300,True
67301,True
67302,True
67303,True
67304,True
67305,True
67306,True
67307,True
67308,True
67309,True
67310,True
67311,True
67312,True
67313,True
67314,True
67315,True
67316,True
67317,True
67318,True
67319,True
67320,True
67321,True
67322,True
67323,True
67324,True
67325,True
67326,True
67327,True
67328,True
67329,True
67330,True
67331,True
67332,True
67333,True
67334,True
67335,True
67336,True
67337,True
67338,True
67339,True
67340,True
67341,True
67342,True
67343,True
67344,True
67345,True
67346,True
67347,True
67348,True
67349,True
67350,True
67351,True
67352,True
67353,True
67354,True
67355,True
67356,True
67357,True
67358,True
67359,True
67360,True
67361,True
67362,True
67363,True
67364,True
67365,True
67366,True
67367,True
67368,True
67369,True
67370,True
67371,True
67372,True
67373,True
67374,True
67375,True
67376,True
67377,True
67378,True
67379,True
67380,True
67381,True
67382,True
67383,True
67384,True
67385,True
67386,True
67387,True
67388,True
67389,True
67390,True
67391,True
67392,True
67393,True
67394,True
67395,True
67396,True
67397,True
67398,True
67399,True
67400,True
67401,True
67402,True
67403,True
67404,True
67405,True
67406,True
67407,True
67408,True
67409,True
67410,True
67411,True
67412,True
67413,True
67414,True
67415,True
67416,True
67417,True
67418,True
67419,True
67420,True
67421,True
67422,True
67423,True
67424,True
67425,True
67426,True
67427,True
67428,True
67429,True
67430,True
67431,True
67432,True
67433,True
67434,True
67435,True
67436,True
67437,True
67438,True
67439,True
67440,True
67441,True
67442,True
67443,True
67444,True
67445,True
67446,True
67447,True
67448,True
67449,True
67450,True
67451,True
67452,True
67453,True
67454,True
67455,True
67456,True
67457,True
67458,True
67459,True
67460,True
67461,True
67462,True
67463,True
67464,True
67465,True
67466,True
67467,True
67468,True
67469,True
67470,True
67471,True
67472,True
67473,True
67474,True
67475,True
67476,True
67477,True
67478,True
67479,True
67480,True
67481,True
67482,True
67483,True
67484,True
67485,True
67486,True
67487,True
67488,True
67489,True
67490,True
67491,True
67492,True
67493,True
67494,True
67495,True
67496,True
67497,True
67498,True
67499,True
67500,True
67501,True
67502,True
67503,True
67504,True
67505,True
67506,True
67507,True
67508,True
67509,True
67510,True
67511,True
67512,True
67513,True
67514,True
67515,True
67516,True
67517,True
67518,True
67519,True
67520,True
67521,True
67522,True
67523,True
67524,True
67525,True
67526,True
67527,True
67528,True
67529,True
67530,True
67531,True
67532,True
67533,True
67534,True
67535,True
67536,True
67537,True
67538,True
67539,True
67540,True
67541,True
67542,True
67543,True
67544,True
67545,True
67546,True
67547,True
67548,True
67549,True
67550,True
67551,True
67552,True
67553,True
67554,True
67555,True
67556,True
67557,True
67558,True
67559,True
67560,True
67561,True
67562,True
67563,True
67564,True
67565,True
67566,True
67567,True
67568,True
67569,True
67570,True
67571,True
67572,True
67573,True
67574,True
67575,True
67576,True
67577,True
67578,True
67579,True
67580,True
67581,True
67582,True
67583,True
67584,True
67585,True
67586,True
67587,True
67588,True
67589,True
67590,True
67591,True
67592,True
67593,True
67594,True
67595,True
67596,True
67597,True
67598,True
67599,True
67600,True
67601,True
67602,True
67603,True
67604,True
67605,True
67606,True
67607,True
67608,True
67609,True
67610,True
67611,True
67612,True
67613,True
67614,True
67615,True
67616,True
67617,True
67618,True
67619,True
67620,True
67621,True
67622,True
67623,True
67624,True
67625,True
67626,True
67627,True
67628,True
67629,True
67630,True
67631,True
67632,True
67633,True
67634,True
67635,True
67636,True
67637,True
67638,True
67639,True
67640,True
67641,True
67642,True
67643,True
67644,True
67645,True
67646,True
67647,True
67648,True
67649,True
67650,True
67651,True
67652,True
67653,True
67654,True
67655,True
67656,True
67657,True
67658,True
67659,True
67660,True
67661,True
67662,True
67663,True
67664,True
67665,True
67666,True
67667,True
67668,True
67669,True
67670,True
67671,True
67672,True
67673,True
67674,True
67675,True
67676,True
67677,True
67678,True
67679,True
67680,True
67681,True
67682,True
67683,True
67684,True
67685,True
67686,True
67687,True
67688,True
67689,True
67690,True
67691,True
67692,True
67693,True
67694,True
67695,True
67696,True
67697,True
67698,True
67699,True
67700,True
67701,True
67702,True
67703,True
67704,True
67705,True
67706,True
67707,True
67708,True
67709,True
67710,True
67711,True
67712,True
67713,True
67714,True
67715,True
67716,True
67717,True
67718,True
67719,True
67720,True
67721,True
67722,True
67723,True
67724,True
67725,True
67726,True
67727,True
67728,True
67729,True
67730,True
67731,True
67732,True
67733,True
67734,True
67735,True
67736,True
67737,True
67738,True
67739,True
67740,True
67741,True
67742,True
67743,True
67744,True
67745,True
67746,True
67747,True
67748,True
67749,True
67750,True
67751,True
67752,True
67753,True
67754,True
67755,True
67756,True
67757,True
67758,True
67759,True
67760,True
67761,True
67762,True
67763,True
67764,True
67765,True
67766,True
67767,True
67768,True
67769,True
67770,True
67771,True
67772,True
67773,True
67774,True
67775,True
67776,True
67777,True
67778,True
67779,True
67780,True
67781,True
67782,True
67783,True
67784,True
67785,True
67786,True
67787,True
67788,True
67789,True
67790,True
67791,True
67792,True
67793,True
67794,True
67795,True
67796,True
67797,True
67798,True
67799,True
67800,True
67801,True
67802,True
67803,True
67804,True
67805,True
67806,True
67807,True
67808,True
67809,True
67810,True
67811,True
67812,True
67813,True
67814,True
67815,True
67816,True
67817,True
67818,True
67819,True
67820,True
67821,True
67822,True
67823,True
67824,True
67825,True
67826,True
67827,True
67828,True
67829,True
67830,True
67831,True
67832,True
67833,True
67834,True
67835,True
67836,True
67837,True
67838,True
67839,True
67840,True
67841,True
67842,True
67843,True
67844,True
67845,True
67846,True
67847,True
67848,True
67849,True
67850,True
67851,True
67852,True
67853,True
67854,True
67855,True
67856,True
67857,True
67858,True
67859,True
67860,True
67861,True
67862,True
67863,True
67864,True
67865,True
67866,True
67867,True
67868,True
67869,True
67870,True
67871,True
67872,True
67873,True
67874,True
67875,True
67876,True
67877,True
67878,True
67879,True
67880,True
67881,True
67882,True
67883,True
67884,True
67885,True
67886,True
67887,True
67888,True
67889,True
67890,True
67891,True
67892,True
67893,True
67894,True
67895,True
67896,True
67897,True
67898,True
67899,True
67900,True
67901,True
67902,True
67903,True
67904,True
67905,True
67906,True
67907,True
67908,True
67909,True
67910,True
67911,True
67912,True
67913,True
67914,True
67915,True
67916,True
67917,True
67918,True
67919,True
67920,True
67921,True
67922,True
67923,True
67924,True
67925,True
67926,True
67927,True
67928,True
67929,True
67930,True
67931,True
67932,True
67933,True
67934,True
67935,True
67936,True
67937,True
67938,True
67939,True
67940,True
67941,True
67942,True
67943,True
67944,True
67945,True
67946,True
67947,True
67948,True
67949,True
67950,True
67951,True
67952,True
67953,True
67954,True
67955,True
67956,True
67957,True
67958,True
67959,True
67960,True
67961,True
67962,True
67963,True
67964,True
67965,True
67966,True
67967,True
67968,True
67969,True
67970,True
67971,True
67972,True
67973,True
67974,True
67975,True
67976,True
67977,True
67978,True
67979,True
67980,True
67981,True
67982,True
67983,True
67984,True
67985,True
67986,True
67987,True
67988,True
67989,True
67990,True
67991,True
67992,True
67993,True
67994,True
67995,True
67996,True
67997,True
67998,True
67999,True
68000,True
68001,True
68002,True
68003,True
68004,True
68005,True
68006,True
68007,True
68008,True
68009,True
68010,True
68011,True
68012,True
68013,True
68014,True
68015,True
68016,True
68017,True
68018,True
68019,True
68020,True
68021,True
68022,True
68023,True
68024,True
68025,True
68026,True
68027,True
68028,True
68029,True
68030,True
68031,True
68032,True
68033,True
68034,True
68035,True
68036,True
68037,True
68038,True
68039,True
68040,True
68041,True
68042,True
68043,True
68044,True
68045,True
68046,True
68047,True
68048,True
68049,True
68050,True
68051,True
68052,True
68053,True
68054,True
68055,True
68056,True
68057,True
68058,True
68059,True
68060,True
68061,True
68062,True
68063,True
68064,True
68065,True
68066,True
68067,True
68068,True
68069,True
68070,True
68071,True
68072,True
68073,True
68074,True
68075,True
68076,True
68077,True
68078,True
68079,True
68080,True
68081,True
68082,True
68083,True
68084,True
68085,True
68086,True
68087,True
68088,True
68089,True
68090,True
68091,True
68092,True
68093,True
68094,True
68095,True
68096,True
68097,True
68098,True
68099,True
68100,True
68101,True
68102,True
68103,True
68104,True
68105,True
68106,True
68107,True
68108,True
68109,True
68110,True
68111,True
68112,True
68113,True
68114,True
68115,True
68116,True
68117,True
68118,True
68119,True
68120,True
68121,True
68122,True
68123,True
68124,True
68125,True
68126,True
68127,True
68128,True
68129,True
68130,True
68131,True
68132,True
68133,True
68134,True
68135,True
68136,True
68137,True
68138,True
68139,True
68140,True
68141,True
68142,True
68143,True
68144,True
68145,True
68146,True
68147,True
68148,True
68149,True
68150,True
68151,True
68152,True
68153,True
68154,True
68155,True
68156,True
68157,True
68158,True
68159,True
68160,True
68161,True
68162,True
68163,True
68164,True
68165,True
68166,True
68167,True
68168,True
68169,True
68170,True
68171,True
68172,True
68173,True
68174,True
68175,True
68176,True
68177,True
68178,True
68179,True
68180,True
68181,True
68182,True
68183,True
68184,True
68185,True
68186,True
68187,True
68188,True
68189,True
68190,True
68191,True
68192,True
68193,True
68194,True
68195,True
68196,True
68197,True
68198,True
68199,True
68200,True
68201,True
68202,True
68203,True
68204,True
68205,True
68206,True
68207,True
68208,True
68209,True
68210,True
68211,True
68212,True
68213,True
68214,True
68215,True
68216,True
68217,True
68218,True
68219,True
68220,True
68221,True
68222,True
68223,True
68224,True
68225,True
68226,True
68227,True
68228,True
68229,True
68230,True
68231,True
68232,True
68233,True
68234,True
68235,True
68236,True
68237,True
68238,True
68239,True
68240,True
68241,True
68242,True
68243,True
68244,True
68245,True
68246,True
68247,True
68248,True
68249,True
68250,True
68251,True
68252,True
68253,True
68254,True
68255,True
68256,True
68257,True
68258,True
68259,True
68260,True
68261,True
68262,True
68263,True
68264,True
68265,True
68266,True
68267,True
68268,True
68269,True
68270,True
68271,True
68272,True
68273,True
68274,True
68275,True
68276,True
68277,True
68278,True
68279,True
68280,True
68281,True
68282,True
68283,True
68284,True
68285,True
68286,True
68287,True
68288,True
68289,True
68290,True
68291,True
68292,True
68293,True
68294,True
68295,True
68296,True
68297,True
68298,True
68299,True
68300,True
68301,True
68302,True
68303,True
68304,True
68305,True
68306,True
68307,True
68308,True
68309,True
68310,True
68311,True
68312,True
68313,True
68314,True
68315,True
68316,True
68317,True
68318,True
68319,True
68320,True
68321,True
68322,True
68323,True
68324,True
68325,True
68326,True
68327,True
68328,True
68329,True
68330,True
68331,True
68332,True
68333,True
68334,True
68335,True
68336,True
68337,True
68338,True
68339,True
68340,True
68341,True
68342,True
68343,True
68344,True
68345,True
68346,True
68347,True
68348,True
68349,True
68350,True
68351,True
68352,True
68353,True
68354,True
68355,True
68356,True
68357,True
68358,True
68359,True
68360,True
68361,True
68362,True
68363,True
68364,True
68365,True
68366,True
68367,True
68368,True
68369,True
68370,True
68371,True
68372,True
68373,True
68374,True
68375,True
68376,True
68377,True
68378,True
68379,True
68380,True
68381,True
68382,True
68383,True
68384,True
68385,True
68386,True
68387,True
68388,True
68389,True
68390,True
68391,True
68392,True
68393,True
68394,True
68395,True
68396,True
68397,True
68398,True
68399,True
68400,True
68401,True
68402,True
68403,True
68404,True
68405,True
68406,True
68407,True
68408,True
68409,True
68410,True
68411,True
68412,True
68413,True
68414,True
68415,True
68416,True
68417,True
68418,True
68419,True
68420,True
68421,True
68422,True
68423,True
68424,True
68425,True
68426,True
68427,True
68428,True
68429,True
68430,True
68431,True
68432,True
68433,True
68434,True
68435,True
68436,True
68437,True
68438,True
68439,True
68440,True
68441,True
68442,True
68443,True
68444,True
68445,True
68446,True
68447,True
68448,True
68449,True
68450,True
68451,True
68452,True
68453,True
68454,True
68455,True
68456,True
68457,True
68458,True
68459,True
68460,True
68461,True
68462,True
68463,True
68464,True
68465,True
68466,True
68467,True
68468,True
68469,True
68470,True
68471,True
68472,True
68473,True
68474,True
68475,True
68476,True
68477,True
68478,True
68479,True
68480,True
68481,True
68482,True
68483,True
68484,True
68485,True
68486,True
68487,True
68488,True
68489,True
68490,True
68491,True
68492,True
68493,True
68494,True
68495,True
68496,True
68497,True
68498,True
68499,True
68500,True
68501,True
68502,True
68503,True
68504,True
68505,True
68506,True
68507,True
68508,True
68509,True
68510,True
68511,True
68512,True
68513,True
68514,True
68515,True
68516,True
68517,True
68518,True
68519,True
68520,True
68521,True
68522,True
68523,True
68524,True
68525,True
68526,True
68527,True
68528,True
68529,True
68530,True
68531,True
68532,True
68533,True
68534,True
68535,True
68536,True
68537,True
68538,True
68539,True
68540,True
68541,True
68542,True
68543,True
68544,True
68545,True
68546,True
68547,True
68548,True
68549,True
68550,True
68551,True
68552,True
68553,True
68554,True
68555,True
68556,True
68557,True
68558,True
68559,True
68560,True
68561,True
68562,True
68563,True
68564,True
68565,True
68566,True
68567,True
68568,True
68569,True
68570,True
68571,True
68572,True
68573,True
68574,True
68575,True
68576,True
68577,True
68578,True
68579,True
68580,True
68581,True
68582,True
68583,True
68584,True
68585,True
68586,True
68587,True
68588,True
68589,True
68590,True
68591,True
68592,True
68593,True
68594,True
68595,True
68596,True
68597,True
68598,True
68599,True
68600,True
68601,True
68602,True
68603,True
68604,True
68605,True
68606,True
68607,True
68608,True
68609,True
68610,True
68611,True
68612,True
68613,True
68614,True
68615,True
68616,True
68617,True
68618,True
68619,True
68620,True
68621,True
68622,True
68623,True
68624,True
68625,True
68626,True
68627,True
68628,True
68629,True
68630,True
68631,True
68632,True
68633,True
68634,True
68635,True
68636,True
68637,True
68638,True
68639,True
68640,True
68641,True
68642,True
68643,True
68644,True
68645,True
68646,True
68647,True
68648,True
68649,True
68650,True
68651,True
68652,True
68653,True
68654,True
68655,True
68656,True
68657,True
68658,True
68659,True
68660,True
68661,True
68662,True
68663,True
68664,True
68665,True
68666,True
68667,True
68668,True
68669,True
68670,True
68671,True
68672,True
68673,True
68674,True
68675,True
68676,True
68677,True
68678,True
68679,True
68680,True
68681,True
68682,True
68683,True
68684,True
68685,True
68686,True
68687,True
68688,True
68689,True
68690,True
68691,True
68692,True
68693,True
68694,True
68695,True
68696,True
68697,True
68698,True
68699,True
68700,True
68701,True
68702,True
68703,True
68704,True
68705,True
68706,True
68707,True
68708,True
68709,True
68710,True
68711,True
68712,True
68713,True
68714,True
68715,True
68716,True
68717,True
68718,True
68719,True
68720,True
68721,True
68722,True
68723,True
68724,True
68725,True
68726,True
68727,True
68728,True
68729,True
68730,True
68731,True
68732,True
68733,True
68734,True
68735,True
68736,True
68737,True
68738,True
68739,True
68740,True
68741,True
68742,True
68743,True
68744,True
68745,True
68746,True
68747,True
68748,True
68749,True
68750,True
68751,True
68752,True
68753,True
68754,True
68755,True
68756,True
68757,True
68758,True
68759,True
68760,True
68761,True
68762,True
68763,True
68764,True
68765,True
68766,True
68767,True
68768,True
68769,True
68770,True
68771,True
68772,True
68773,True
68774,True
68775,True
68776,True
68777,True
68778,True
68779,True
68780,True
68781,True
68782,True
68783,True
68784,True
68785,True
68786,True
68787,True
68788,True
68789,True
68790,True
68791,True
68792,True
68793,True
68794,True
68795,True
68796,True
68797,True
68798,True
68799,True
68800,True
68801,True
68802,True
68803,True
68804,True
68805,True
68806,True
68807,True
68808,True
68809,True
68810,True
68811,True
68812,True
68813,True
68814,True
68815,True
68816,True
68817,True
68818,True
68819,True
68820,True
68821,True
68822,True
68823,True
68824,True
68825,True
68826,True
68827,True
68828,True
68829,True
68830,True
68831,True
68832,True
68833,True
68834,True
68835,True
68836,True
68837,True
68838,True
68839,True
68840,True
68841,True
68842,True
68843,True
68844,True
68845,True
68846,True
68847,True
68848,True
68849,True
68850,True
68851,True
68852,True
68853,True
68854,True
68855,True
68856,True
68857,True
68858,True
68859,True
68860,True
68861,True
68862,True
68863,True
68864,True
68865,True
68866,True
68867,True
68868,True
68869,True
68870,True
68871,True
68872,True
68873,True
68874,True
68875,True
68876,True
68877,True
68878,True
68879,True
68880,True
68881,True
68882,True
68883,True
68884,True
68885,True
68886,True
68887,True
68888,True
68889,True
68890,True
68891,True
68892,True
68893,True
68894,True
68895,True
68896,True
68897,True
68898,True
68899,True
68900,True
68901,True
68902,True
68903,True
68904,True
68905,True
68906,True
68907,True
68908,True
68909,True
68910,True
68911,True
68912,True
68913,True
68914,True
68915,True
68916,True
68917,True
68918,True
68919,True
68920,True
68921,True
68922,True
68923,True
68924,True
68925,True
68926,True
68927,True
68928,True
68929,True
68930,True
68931,True
68932,True
68933,True
68934,True
68935,True
68936,True
68937,True
68938,True
68939,True
68940,True
68941,True
68942,True
68943,True
68944,True
68945,True
68946,True
68947,True
68948,True
68949,True
68950,True
68951,True
68952,True
68953,True
68954,True
68955,True
68956,True
68957,True
68958,True
68959,True
68960,True
68961,True
68962,True
68963,True
68964,True
68965,True
68966,True
68967,True
68968,True
68969,True
68970,True
68971,True
68972,True
68973,True
68974,True
68975,True
68976,True
68977,True
68978,True
68979,True
68980,True
68981,True
68982,True
68983,True
68984,True
68985,True
68986,True
68987,True
68988,True
68989,True
68990,True
68991,True
68992,True
68993,True
68994,True
68995,True
68996,True
68997,True
68998,True
68999,True
69000,True
69001,True
69002,True
69003,True
69004,True
69005,True
69006,True
69007,True
69008,True
69009,True
69010,True
69011,True
69012,True
69013,True
69014,True
69015,True
69016,True
69017,True
69018,True
69019,True
69020,True
69021,True
69022,True
69023,True
69024,True
69025,True
69026,True
69027,True
69028,True
69029,True
69030,True
69031,True
69032,True
69033,True
69034,True
69035,True
69036,True
69037,True
69038,True
69039,True
69040,True
69041,True
69042,True
69043,True
69044,True
69045,True
69046,True
69047,True
69048,True
69049,True
69050,True
69051,True
69052,True
69053,True
69054,True
69055,True
69056,True
69057,True
69058,True
69059,True
69060,True
69061,True
69062,True
69063,True
69064,True
69065,True
69066,True
69067,True
69068,True
69069,True
69070,True
69071,True
69072,True
69073,True
69074,True
69075,True
69076,True
69077,True
69078,True
69079,True
69080,True
69081,True
69082,True
69083,True
69084,True
69085,True
69086,True
69087,True
69088,True
69089,True
69090,True
69091,True
69092,True
69093,True
69094,True
69095,True
69096,True
69097,True
69098,True
69099,True
69100,True
69101,True
69102,True
69103,True
69104,True
69105,True
69106,True
69107,True
69108,True
69109,True
69110,True
69111,True
69112,True
69113,True
69114,True
69115,True
69116,True
69117,True
69118,True
69119,True
69120,True
69121,True
69122,True
69123,True
69124,True
69125,True
69126,True
69127,True
69128,True
69129,True
69130,True
69131,True
69132,True
69133,True
69134,True
69135,True
69136,True
69137,True
69138,True
69139,True
69140,True
69141,True
69142,True
69143,True
69144,True
69145,True
69146,True
69147,True
69148,True
69149,True
69150,True
69151,True
69152,True
69153,True
69154,True
69155,True
69156,True
69157,True
69158,True
69159,True
69160,True
69161,True
69162,True
69163,True
69164,True
69165,True
69166,True
69167,True
69168,True
69169,True
69170,True
69171,True
69172,True
69173,True
69174,True
69175,True
69176,True
69177,True
69178,True
69179,True
69180,True
69181,True
69182,True
69183,True
69184,True
69185,True
69186,True
69187,True
69188,True
69189,True
69190,True
69191,True
69192,True
69193,True
69194,True
69195,True
69196,True
69197,True
69198,True
69199,True
69200,True
69201,True
69202,True
69203,True
69204,True
69205,True
69206,True
69207,True
69208,True
69209,True
69210,True
69211,True
69212,True
69213,True
69214,True
69215,True
69216,True
69217,True
69218,True
69219,True
69220,True
69221,True
69222,True
69223,True
69224,True
69225,True
69226,True
69227,True
69228,True
69229,True
69230,True
69231,True
69232,True
69233,True
69234,True
69235,True
69236,True
69237,True
69238,True
69239,True
69240,True
69241,True
69242,True
69243,True
69244,True
69245,True
69246,True
69247,True
69248,True
69249,True
69250,True
69251,True
69252,True
69253,True
69254,True
69255,True
69256,True
69257,True
69258,True
69259,True
69260,True
69261,True
69262,True
69263,True
69264,True
69265,True
69266,True
69267,True
69268,True
69269,True
69270,True
69271,True
69272,True
69273,True
69274,True
69275,True
69276,True
69277,True
69278,True
69279,True
69280,True
69281,True
69282,True
69283,True
69284,True
69285,True
69286,True
69287,True
69288,True
69289,True
69290,True
69291,True
69292,True
69293,True
69294,True
69295,True
69296,True
69297,True
69298,True
69299,True
69300,True
69301,True
69302,True
69303,True
69304,True
69305,True
69306,True
69307,True
69308,True
69309,True
69310,True
69311,True
69312,True
69313,True
69314,True
69315,True
69316,True
69317,True
69318,True
69319,True
69320,True
69321,True
69322,True
69323,True
69324,True
69325,True
69326,True
69327,True
69328,True
69329,True
69330,True
69331,True
69332,True
69333,True
69334,True
69335,True
69336,True
69337,True
69338,True
69339,True
69340,True
69341,True
69342,True
69343,True
69344,True
69345,True
69346,True
69347,True
69348,True
69349,True
69350,True
69351,True
69352,True
69353,True
69354,True
69355,True
69356,True
69357,True
69358,True
69359,True
69360,True
69361,True
69362,True
69363,True
69364,True
69365,True
69366,True
69367,True
69368,True
69369,True
69370,True
69371,True
69372,True
69373,True
69374,True
69375,True
69376,True
69377,True
69378,True
69379,True
69380,True
69381,True
69382,True
69383,True
69384,True
69385,True
69386,True
69387,True
69388,True
69389,True
69390,True
69391,True
69392,True
69393,True
69394,True
69395,True
69396,True
69397,True
69398,True
69399,True
69400,True
69401,True
69402,True
69403,True
69404,True
69405,True
69406,True
69407,True
69408,True
69409,True
69410,True
69411,True
69412,True
69413,True
69414,True
69415,True
69416,True
69417,True
69418,True
69419,True
69420,True
69421,True
69422,True
69423,True
69424,True
69425,True
69426,True
69427,True
69428,True
69429,True
69430,True
69431,True
69432,True
69433,True
69434,True
69435,True
69436,True
69437,True
69438,True
69439,True
69440,True
69441,True
69442,True
69443,True
69444,True
69445,True
69446,True
69447,True
69448,True
69449,True
69450,True
69451,True
69452,True
69453,True
69454,True
69455,True
69456,True
69457,True
69458,True
69459,True
69460,True
69461,True
69462,True
69463,True
69464,True
69465,True
69466,True
69467,True
69468,True
69469,True
69470,True
69471,True
69472,True
69473,True
69474,True
69475,True
69476,True
69477,True
69478,True
69479,True
69480,True
69481,True
69482,True
69483,True
69484,True
69485,True
69486,True
69487,True
69488,True
69489,True
69490,True
69491,True
69492,True
69493,True
69494,True
69495,True
69496,True
69497,True
69498,True
69499,True
69500,True
69501,True
69502,True
69503,True
69504,True
69505,True
69506,True
69507,True
69508,True
69509,True
69510,True
69511,True
69512,True
69513,True
69514,True
69515,True
69516,True
69517,True
69518,True
69519,True
69520,True
69521,True
69522,True
69523,True
69524,True
69525,True
69526,True
69527,True
69528,True
69529,True
69530,True
69531,True
69532,True
69533,True
69534,True
69535,True
69536,True
69537,True
69538,True
69539,True
69540,True
69541,True
69542,True
69543,True
69544,True
69545,True
69546,True
69547,True
69548,True
69549,True
69550,True
69551,True
69552,True
69553,True
69554,True
69555,True
69556,True
69557,True
69558,True
69559,True
69560,True
69561,True
69562,True
69563,True
69564,True
69565,True
69566,True
69567,True
69568,True
69569,True
69570,True
69571,True
69572,True
69573,True
69574,True
69575,True
69576,True
69577,True
69578,True
69579,True
69580,True
69581,True
69582,True
69583,True
69584,True
69585,True
69586,True
69587,True
69588,True
69589,True
69590,True
69591,True
69592,True
69593,True
69594,True
69595,True
69596,True
69597,True
69598,True
69599,True
69600,True
69601,True
69602,True
69603,True
69604,True
69605,True
69606,True
69607,True
69608,True
69609,True
69610,True
69611,True
69612,True
69613,True
69614,True
69615,True
69616,True
69617,True
69618,True
69619,True
69620,True
69621,True
69622,True
69623,True
69624,True
69625,True
69626,True
69627,True
69628,True
69629,True
69630,True
69631,True
69632,True
69633,True
69634,True
69635,True
69636,True
69637,True
69638,True
69639,True
69640,True
69641,True
69642,True
69643,True
69644,True
69645,True
69646,True
69647,True
69648,True
69649,True
69650,True
69651,True
69652,True
69653,True
69654,True
69655,True
69656,True
69657,True
69658,True
69659,True
69660,True
69661,True
69662,True
69663,True
69664,True
69665,True
69666,True
69667,True
69668,True
69669,True
69670,True
69671,True
69672,True
69673,True
69674,True
69675,True
69676,True
69677,True
69678,True
69679,True
69680,True
69681,True
69682,True
69683,True
69684,True
69685,True
69686,True
69687,True
69688,True
69689,True
69690,True
69691,True
69692,True
69693,True
69694,True
69695,True
69696,True
69697,True
69698,True
69699,True
69700,True
69701,True
69702,True
69703,True
69704,True
69705,True
69706,True
69707,True
69708,True
69709,True
69710,True
69711,True
69712,True
69713,True
69714,True
69715,True
69716,True
69717,True
69718,True
69719,True
69720,True
69721,True
69722,True
69723,True
69724,True
69725,True
69726,True
69727,True
69728,True
69729,True
69730,True
69731,True
69732,True
69733,True
69734,True
69735,True
69736,True
69737,True
69738,True
69739,True
69740,True
69741,True
69742,True
69743,True
69744,True
69745,True
69746,True
69747,True
69748,True
69749,True
69750,True
69751,True
69752,True
69753,True
69754,True
69755,True
69756,True
69757,True
69758,True
69759,True
69760,True
69761,True
69762,True
69763,True
69764,True
69765,True
69766,True
69767,True
69768,True
69769,True
69770,True
69771,True
69772,True
69773,True
69774,True
69775,True
69776,True
69777,True
69778,True
69779,True
69780,True
69781,True
69782,True
69783,True
69784,True
69785,True
69786,True
69787,True
69788,True
69789,True
69790,True
69791,True
69792,True
69793,True
69794,True
69795,True
69796,True
69797,True
69798,True
69799,True
69800,True
69801,True
69802,True
69803,True
69804,True
69805,True
69806,True
69807,True
69808,True
69809,True
69810,True
69811,True
69812,True
69813,True
69814,True
69815,True
69816,True
69817,True
69818,True
69819,True
69820,True
69821,True
69822,True
69823,True
69824,True
69825,True
69826,True
69827,True
69828,True
69829,True
69830,True
69831,True
69832,True
69833,True
69834,True
69835,True
69836,True
69837,True
69838,True
69839,True
69840,True
69841,True
69842,True
69843,True
69844,True
69845,True
69846,True
69847,True
69848,True
69849,True
69850,True
69851,True
69852,True
69853,True
69854,True
69855,True
69856,True
69857,True
69858,True
69859,True
69860,True
69861,True
69862,True
69863,True
69864,True
69865,True
69866,True
69867,True
69868,True
69869,True
69870,True
69871,True
69872,True
69873,True
69874,True
69875,True
69876,True
69877,True
69878,True
69879,True
69880,True
69881,True
69882,True
69883,True
69884,True
69885,True
69886,True
69887,True
69888,True
69889,True
69890,True
69891,True
69892,True
69893,True
69894,True
69895,True
69896,True
69897,True
69898,True
69899,True
69900,True
69901,True
69902,True
69903,True
69904,True
69905,True
69906,True
69907,True
69908,True
69909,True
69910,True
69911,True
69912,True
69913,True
69914,True
69915,True
69916,True
69917,True
69918,True
69919,True
69920,True
69921,True
69922,True
69923,True
69924,True
69925,True
69926,True
69927,True
69928,True
69929,True
69930,True
69931,True
69932,True
69933,True
69934,True
69935,True
69936,True
69937,True
69938,True
69939,True
69940,True
69941,True
69942,True
69943,True
69944,True
69945,True
69946,True
69947,True
69948,True
69949,True
69950,True
69951,True
69952,True
69953,True
69954,True
69955,True
69956,True
69957,True
69958,True
69959,True
69960,True
69961,True
69962,True
69963,True
69964,True
69965,True
69966,True
69967,True
69968,True
69969,True
69970,True
69971,True
69972,True
69973,True
69974,True
69975,True
69976,True
69977,True
69978,True
69979,True
69980,True
69981,True
69982,True
69983,True
69984,True
69985,True
69986,True
69987,True
69988,True
69989,True
69990,True
69991,True
69992,True
69993,True
69994,True
69995,True
69996,True
69997,True
69998,True
69999,True
70000,True
70001,True
70002,True
70003,True
70004,True
70005,True
70006,True
70007,True
70008,True
70009,True
70010,True
70011,True
70012,True
70013,True
70014,True
70015,True
70016,True
70017,True
70018,True
70019,True
70020,True
70021,True
70022,True
70023,True
70024,True
70025,True
70026,True
70027,True
70028,True
70029,True
70030,True
70031,True
70032,True
70033,True
70034,True
70035,True
70036,True
70037,True
70038,True
70039,True
70040,True
70041,True
70042,True
70043,True
70044,True
70045,True
70046,True
70047,True
70048,True
70049,True
70050,True
70051,True
70052,True
70053,True
70054,True
70055,True
70056,True
70057,True
70058,True
70059,True
70060,True
70061,True
70062,True
70063,True
70064,True
70065,True
70066,True
70067,True
70068,True
70069,True
70070,True
70071,True
70072,True
70073,True
70074,True
70075,True
70076,True
70077,True
70078,True
70079,True
70080,True
70081,True
70082,True
70083,True
70084,True
70085,True
70086,True
70087,True
70088,True
70089,True
70090,True
70091,True
70092,True
70093,True
70094,True
70095,True
70096,True
70097,True
70098,True
70099,True
70100,True
70101,True
70102,True
70103,True
70104,True
70105,True
70106,True
70107,True
70108,True
70109,True
70110,True
70111,True
70112,True
70113,True
70114,True
70115,True
70116,True
70117,True
70118,True
70119,True
70120,True
70121,True
70122,True
70123,True
70124,True
70125,True
70126,True
70127,True
70128,True
70129,True
70130,True
70131,True
70132,True
70133,True
70134,True
70135,True
70136,True
70137,True
70138,True
70139,True
70140,True
70141,True
70142,True
70143,True
70144,True
70145,True
70146,True
70147,True
70148,True
70149,True
70150,True
70151,True
70152,True
70153,True
70154,True
70155,True
70156,True
70157,True
70158,True
70159,True
70160,True
70161,True
70162,True
70163,True
70164,True
70165,True
70166,True
70167,True
70168,True
70169,True
70170,True
70171,True
70172,True
70173,True
70174,True
70175,True
70176,True
70177,True
70178,True
70179,True
70180,True
70181,True
70182,True
70183,True
70184,True
70185,True
70186,True
70187,True
70188,True
70189,True
70190,True
70191,True
70192,True
70193,True
70194,True
70195,True
70196,True
70197,True
70198,True
70199,True
70200,True
70201,True
70202,True
70203,True
70204,True
70205,True
70206,True
70207,True
70208,True
70209,True
70210,True
70211,True
70212,True
70213,True
70214,True
70215,True
70216,True
70217,True
70218,True
70219,True
70220,True
70221,True
70222,True
70223,True
70224,True
70225,True
70226,True
70227,True
70228,True
70229,True
70230,True
70231,True
70232,True
70233,True
70234,True
70235,True
70236,True
70237,True
70238,True
70239,True
70240,True
70241,True
70242,True
70243,True
70244,True
70245,True
70246,True
70247,True
70248,True
70249,True
70250,True
70251,True
70252,True
70253,True
70254,True
70255,True
70256,True
70257,True
70258,True
70259,True
70260,True
70261,True
70262,True
70263,True
70264,True
70265,True
70266,True
70267,True
70268,True
70269,True
70270,True
70271,True
70272,True
70273,True
70274,True
70275,True
70276,True
70277,True
70278,True
70279,True
70280,True
70281,True
70282,True
70283,True
70284,True
70285,True
70286,True
70287,True
70288,True
70289,True
70290,True
70291,True
70292,True
70293,True
70294,True
70295,True
70296,True
70297,True
70298,True
70299,True
70300,True
70301,True
70302,True
70303,True
70304,True
70305,True
70306,True
70307,True
70308,True
70309,True
70310,True
70311,True
70312,True
70313,True
70314,True
70315,True
70316,True
70317,True
70318,True
70319,True
70320,True
70321,True
70322,True
70323,True
70324,True
70325,True
70326,True
70327,True
70328,True
70329,True
70330,True
70331,True
70332,True
70333,True
70334,True
70335,True
70336,True
70337,True
70338,True
70339,True
70340,True
70341,True
70342,True
70343,True
70344,True
70345,True
70346,True
70347,True
70348,True
70349,True
70350,True
70351,True
70352,True
70353,True
70354,True
70355,True
70356,True
70357,True
70358,True
70359,True
70360,True
70361,True
70362,True
70363,True
70364,True
70365,True
70366,True
70367,True
70368,True
70369,True
70370,True
70371,True
70372,True
70373,True
70374,True
70375,True
70376,True
70377,True
70378,True
70379,True
70380,True
70381,True
70382,True
70383,True
70384,True
70385,True
70386,True
70387,True
70388,True
70389,True
70390,True
70391,True
70392,True
70393,True
70394,True
70395,True
70396,True
70397,True
70398,True
70399,True
70400,True
70401,True
70402,True
70403,True
70404,True
70405,True
70406,True
70407,True
70408,True
70409,True
70410,True
70411,True
70412,True
70413,True
70414,True
70415,True
70416,True
70417,True
70418,True
70419,True
70420,True
70421,True
70422,True
70423,True
70424,True
70425,True
70426,True
70427,True
70428,True
70429,True
70430,True
70431,True
70432,True
70433,True
70434,True
70435,True
70436,True
70437,True
70438,True
70439,True
70440,True
70441,True
70442,True
70443,True
70444,True
70445,True
70446,True
70447,True
70448,True
70449,True
70450,True
70451,True
70452,True
70453,True
70454,True
70455,True
70456,True
70457,True
70458,True
70459,True
70460,True
70461,True
70462,True
70463,True
70464,True
70465,True
70466,True
70467,True
70468,True
70469,True
70470,True
70471,True
70472,True
70473,True
70474,True
70475,True
70476,True
70477,True
70478,True
70479,True
70480,True
70481,True
70482,True
70483,True
70484,True
70485,True
70486,True
70487,True
70488,True
70489,True
70490,True
70491,True
70492,True
70493,True
70494,True
70495,True
70496,True
70497,True
70498,True
70499,True
70500,True
70501,True
70502,True
70503,True
70504,True
70505,True
70506,True
70507,True
70508,True
70509,True
70510,True
70511,True
70512,True
70513,True
70514,True
70515,True
70516,True
70517,True
70518,True
70519,True
70520,True
70521,True
70522,True
70523,True
70524,True
70525,True
70526,True
70527,True
70528,True
70529,True
70530,True
70531,True
70532,True
70533,True
70534,True
70535,True
70536,True
70537,True
70538,True
70539,True
70540,True
70541,True
70542,True
70543,True
70544,True
70545,True
70546,True
70547,True
70548,True
70549,True
70550,True
70551,True
70552,True
70553,True
70554,True
70555,True
70556,True
70557,True
70558,True
70559,True
70560,True
70561,True
70562,True
70563,True
70564,True
70565,True
70566,True
70567,True
70568,True
70569,True
70570,True
70571,True
70572,True
70573,True
70574,True
70575,True
70576,True
70577,True
70578,True
70579,True
70580,True
70581,True
70582,True
70583,True
70584,True
70585,True
70586,True
70587,True
70588,True
70589,True
70590,True
70591,True
70592,True
70593,True
70594,True
70595,True
70596,True
70597,True
70598,True
70599,True
70600,True
70601,True
70602,True
70603,True
70604,True
70605,True
70606,True
70607,True
70608,True
70609,True
70610,True
70611,True
70612,True
70613,True
70614,True
70615,True
70616,True
70617,True
70618,True
70619,True
70620,True
70621,True
70622,True
70623,True
70624,True
70625,True
70626,True
70627,True
70628,True
70629,True
70630,True
70631,True
70632,True
70633,True
70634,True
70635,True
70636,True
70637,True
70638,True
70639,True
70640,True
70641,True
70642,True
70643,True
70644,True
70645,True
70646,True
70647,True
70648,True
70649,True
70650,True
70651,True
70652,True
70653,True
70654,True
70655,True
70656,True
70657,True
70658,True
70659,True
70660,True
70661,True
70662,True
70663,True
70664,True
70665,True
70666,True
70667,True
70668,True
70669,True
70670,True
70671,True
70672,True
70673,True
70674,True
70675,True
70676,True
70677,True
70678,True
70679,True
70680,True
70681,True
70682,True
70683,True
70684,True
70685,True
70686,True
70687,True
70688,True
70689,True
70690,True
70691,True
70692,True
70693,True
70694,True
70695,True
70696,True
70697,True
70698,True
70699,True
70700,True
70701,True
70702,True
70703,True
70704,True
70705,True
70706,True
70707,True
70708,True
70709,True
70710,True
70711,True
70712,True
70713,True
70714,True
70715,True
70716,True
70717,True
70718,True
70719,True
70720,True
70721,True
70722,True
70723,True
70724,True
70725,True
70726,True
70727,True
70728,True
70729,True
70730,True
70731,True
70732,True
70733,True
70734,True
70735,True
70736,True
70737,True
70738,True
70739,True
70740,True
70741,True
70742,True
70743,True
70744,True
70745,True
70746,True
70747,True
70748,True
70749,True
70750,True
70751,True
70752,True
70753,True
70754,True
70755,True
70756,True
70757,True
70758,True
70759,True
70760,True
70761,True
70762,True
70763,True
70764,True
70765,True
70766,True
70767,True
70768,True
70769,True
70770,True
70771,True
70772,True
70773,True
70774,True
70775,True
70776,True
70777,True
70778,True
70779,True
70780,True
70781,True
70782,True
70783,True
70784,True
70785,True
70786,True
70787,True
70788,True
70789,True
70790,True
70791,True
70792,True
70793,True
70794,True
70795,True
70796,True
70797,True
70798,True
70799,True
70800,True
70801,True
70802,True
70803,True
70804,True
70805,True
70806,True
70807,True
70808,True
70809,True
70810,True
70811,True
70812,True
70813,True
70814,True
70815,True
70816,True
70817,True
70818,True
70819,True
70820,True
70821,True
70822,True
70823,True
70824,True
70825,True
70826,True
70827,True
70828,True
70829,True
70830,True
70831,True
70832,True
70833,True
70834,True
70835,True
70836,True
70837,True
70838,True
70839,True
70840,True
70841,True
70842,True
70843,True
70844,True
70845,True
70846,True
70847,True
70848,True
70849,True
70850,True
70851,True
70852,True
70853,True
70854,True
70855,True
70856,True
70857,True
70858,True
70859,True
70860,True
70861,True
70862,True
70863,True
70864,True
70865,True
70866,True
70867,True
70868,True
70869,True
70870,True
70871,True
70872,True
70873,True
70874,True
70875,True
70876,True
70877,True
70878,True
70879,True
70880,True
70881,True
70882,True
70883,True
70884,True
70885,True
70886,True
70887,True
70888,True
70889,True
70890,True
70891,True
70892,True
70893,True
70894,True
70895,True
70896,True
70897,True
70898,True
70899,True
70900,True
70901,True
70902,True
70903,True
70904,True
70905,True
70906,True
70907,True
70908,True
70909,True
70910,True
70911,True
70912,True
70913,True
70914,True
70915,True
70916,True
70917,True
70918,True
70919,True
70920,True
70921,True
70922,True
70923,True
70924,True
70925,True
70926,True
70927,True
70928,True
70929,True
70930,True
70931,True
70932,True
70933,True
70934,True
70935,True
70936,True
70937,True
70938,True
70939,True
70940,True
70941,True
70942,True
70943,True
70944,True
70945,True
70946,True
70947,True
70948,True
70949,True
70950,True
70951,True
70952,True
70953,True
70954,True
70955,True
70956,True
70957,True
70958,True
70959,True
70960,True
70961,True
70962,True
70963,True
70964,True
70965,True
70966,True
70967,True
70968,True
70969,True
70970,True
70971,True
70972,True
70973,True
70974,True
70975,True
70976,True
70977,True
70978,True
70979,True
70980,True
70981,True
70982,True
70983,True
70984,True
70985,True
70986,True
70987,True
70988,True
70989,True
70990,True
70991,True
70992,True
70993,True
70994,True
70995,True
70996,True
70997,True
70998,True
70999,True
71000,True
71001,True
71002,True
71003,True
71004,True
71005,True
71006,True
71007,True
71008,True
71009,True
71010,True
71011,True
71012,True
71013,True
71014,True
71015,True
71016,True
71017,True
71018,True
71019,True
71020,True
71021,True
71022,True
71023,True
71024,True
71025,True
71026,True
71027,True
71028,True
71029,True
71030,True
71031,True
71032,True
71033,True
71034,True
71035,True
71036,True
71037,True
71038,True
71039,True
71040,True
71041,True
71042,True
71043,True
71044,True
71045,True
71046,True
71047,True
71048,True
71049,True
71050,True
71051,True
71052,True
71053,True
71054,True
71055,True
71056,True
71057,True
71058,True
71059,True
71060,True
71061,True
71062,True
71063,True
71064,True
71065,True
71066,True
71067,True
71068,True
71069,True
71070,True
71071,True
71072,True
71073,True
71074,True
71075,True
71076,True
71077,True
71078,True
71079,True
71080,True
71081,True
71082,True
71083,True
71084,True
71085,True
71086,True
71087,True
71088,True
71089,True
71090,True
71091,True
71092,True
71093,True
71094,True
71095,True
71096,True
71097,True
71098,True
71099,True
71100,True
71101,True
71102,True
71103,True
71104,True
71105,True
71106,True
71107,True
71108,True
71109,True
71110,True
71111,True
71112,True
71113,True
71114,True
71115,True
71116,True
71117,True
71118,True
71119,True
71120,True
71121,True
71122,True
71123,True
71124,True
71125,True
71126,True
71127,True
71128,True
71129,True
71130,True
71131,True
71132,True
71133,True
71134,True
71135,True
71136,True
71137,True
71138,True
71139,True
71140,True
71141,True
71142,True
71143,True
71144,True
71145,True
71146,True
71147,True
71148,True
71149,True
71150,True
71151,True
71152,True
71153,True
71154,True
71155,True
71156,True
71157,True
71158,True
71159,True
71160,True
71161,True
71162,True
71163,True
71164,True
71165,True
71166,True
71167,True
71168,True
71169,True
71170,True
71171,True
71172,True
71173,True
71174,True
71175,True
71176,True
71177,True
71178,True
71179,True
71180,True
71181,True
71182,True
71183,True
71184,True
71185,True
71186,True
71187,True
71188,True
71189,True
71190,True
71191,True
71192,True
71193,True
71194,True
71195,True
71196,True
71197,True
71198,True
71199,True
71200,True
71201,True
71202,True
71203,True
71204,True
71205,True
71206,True
71207,True
71208,True
71209,True
71210,True
71211,True
71212,True
71213,True
71214,True
71215,True
71216,True
71217,True
71218,True
71219,True
71220,True
71221,True
71222,True
71223,True
71224,True
71225,True
71226,True
71227,True
71228,True
71229,True
71230,True
71231,True
71232,True
71233,True
71234,True
71235,True
71236,True
71237,True
71238,True
71239,True
71240,True
71241,True
71242,True
71243,True
71244,True
71245,True
71246,True
71247,True
71248,True
71249,True
71250,True
71251,True
71252,True
71253,True
71254,True
71255,True
71256,True
71257,True
71258,True
71259,True
71260,True
71261,True
71262,True
71263,True
71264,True
71265,True
71266,True
71267,True
71268,True
71269,True
71270,True
71271,True
71272,True
71273,True
71274,True
71275,True
71276,True
71277,True
71278,True
71279,True
71280,True
71281,True
71282,True
71283,True
71284,True
71285,True
71286,True
71287,True
71288,True
71289,True
71290,True
71291,True
71292,True
71293,True
71294,True
71295,True
71296,True
71297,True
71298,True
71299,True
71300,True
71301,True
71302,True
71303,True
71304,True
71305,True
71306,True
71307,True
71308,True
71309,True
71310,True
71311,True
71312,True
71313,True
71314,True
71315,True
71316,True
71317,True
71318,True
71319,True
71320,True
71321,True
71322,True
71323,True
71324,True
71325,True
71326,True
71327,True
71328,True
71329,True
71330,True
71331,True
71332,True
71333,True
71334,True
71335,True
71336,True
71337,True
71338,True
71339,True
71340,True
71341,True
71342,True
71343,True
71344,True
71345,True
71346,True
71347,True
71348,True
71349,True
71350,True
71351,True
71352,True
71353,True
71354,True
71355,True
71356,True
71357,True
71358,True
71359,True
71360,True
71361,True
71362,True
71363,True
71364,True
71365,True
71366,True
71367,True
71368,True
71369,True
71370,True
71371,True
71372,True
71373,True
71374,True
71375,True
71376,True
71377,True
71378,True
71379,True
71380,True
71381,True
71382,True
71383,True
71384,True
71385,True
71386,True
71387,True
71388,True
71389,True
71390,True
71391,True
71392,True
71393,True
71394,True
71395,True
71396,True
71397,True
71398,True
71399,True
71400,True
71401,True
71402,True
71403,True
71404,True
71405,True
71406,True
71407,True
71408,True
71409,True
71410,True
71411,True
71412,True
71413,True
71414,True
71415,True
71416,True
71417,True
71418,True
71419,True
71420,True
71421,True
71422,True
71423,True
71424,True
71425,True
71426,True
71427,True
71428,True
71429,True
71430,True
71431,True
71432,True
71433,True
71434,True
71435,True
71436,True
71437,True
71438,True
71439,True
71440,True
71441,True
71442,True
71443,True
71444,True
71445,True
71446,True
71447,True
71448,True
71449,True
71450,True
71451,True
71452,True
71453,True
71454,True
71455,True
71456,True
71457,True
71458,True
71459,True
71460,True
71461,True
71462,True
71463,True
71464,True
71465,True
71466,True
71467,True
71468,True
71469,True
71470,True
71471,True
71472,True
71473,True
71474,True
71475,True
71476,True
71477,True
71478,True
71479,True
71480,True
71481,True
71482,True
71483,True
71484,True
71485,True
71486,True
71487,True
71488,True
71489,True
71490,True
71491,True
71492,True
71493,True
71494,True
71495,True
71496,True
71497,True
71498,True
71499,True
71500,True
71501,True
71502,True
71503,True
71504,True
71505,True
71506,True
71507,True
71508,True
71509,True
71510,True
71511,True
71512,True
71513,True
71514,True
71515,True
71516,True
71517,True
71518,True
71519,True
71520,True
71521,True
71522,True
71523,True
71524,True
71525,True
71526,True
71527,True
71528,True
71529,True
71530,True
71531,True
71532,True
71533,True
71534,True
71535,True
71536,True
71537,True
71538,True
71539,True
71540,True
71541,True
71542,True
71543,True
71544,True
71545,True
71546,True
71547,True
71548,True
71549,True
71550,True
71551,True
71552,True
71553,True
71554,True
71555,True
71556,True
71557,True
71558,True
71559,True
71560,True
71561,True
71562,True
71563,True
71564,True
71565,True
71566,True
71567,True
71568,True
71569,True
71570,True
71571,True
71572,True
71573,True
71574,True
71575,True
71576,True
71577,True
71578,True
71579,True
71580,True
71581,True
71582,True
71583,True
71584,True
71585,True
71586,True
71587,True
71588,True
71589,True
71590,True
71591,True
71592,True
71593,True
71594,True
71595,True
71596,True
71597,True
71598,True
71599,True
71600,True
71601,True
71602,True
71603,True
71604,True
71605,True
71606,True
71607,True
71608,True
71609,True
71610,True
71611,True
71612,True
71613,True
71614,True
71615,True
71616,True
71617,True
71618,True
71619,True
71620,True
71621,True
71622,True
71623,True
71624,True
71625,True
71626,True
71627,True
71628,True
71629,True
71630,True
71631,True
71632,True
71633,True
71634,True
71635,True
71636,True
71637,True
71638,True
71639,True
71640,True
71641,True
71642,True
71643,True
71644,True
71645,True
71646,True
71647,True
71648,True
71649,True
71650,True
71651,True
71652,True
71653,True
71654,True
71655,True
71656,True
71657,True
71658,True
71659,True
71660,True
71661,True
71662,True
71663,True
71664,True
71665,True
71666,True
71667,True
71668,True
71669,True
71670,True
71671,True
71672,True
71673,True
71674,True
71675,True
71676,True
71677,True
71678,True
71679,True
71680,True
71681,True
71682,True
71683,True
71684,True
71685,True
71686,True
71687,True
71688,True
71689,True
71690,True
71691,True
71692,True
71693,True
71694,True
71695,True
71696,True
71697,True
71698,True
71699,True
71700,True
71701,True
71702,True
71703,True
71704,True
71705,True
71706,True
71707,True
71708,True
71709,True
71710,True
71711,True
71712,True
71713,True
71714,True
71715,True
71716,True
71717,True
71718,True
71719,True
71720,True
71721,True
71722,True
71723,True
71724,True
71725,True
71726,True
71727,True
71728,True
71729,True
71730,True
71731,True
71732,True
71733,True
71734,True
71735,True
71736,True
71737,True
71738,True
71739,True
71740,True
71741,True
71742,True
71743,True
71744,True
71745,True
71746,True
71747,True
71748,True
71749,True
71750,True
71751,True
71752,True
71753,True
71754,True
71755,True
71756,True
71757,True
71758,True
71759,True
71760,True
71761,True
71762,True
71763,True
71764,True
71765,True
71766,True
71767,True
71768,True
71769,True
71770,True
71771,True
71772,True
71773,True
71774,True
71775,True
71776,True
71777,True
71778,True
71779,True
71780,True
71781,True
71782,True
71783,True
71784,True
71785,True
71786,True
71787,True
71788,True
71789,True
71790,True
71791,True
71792,True
71793,True
71794,True
71795,True
71796,True
71797,True
71798,True
71799,True
71800,True
71801,True
71802,True
71803,True
71804,True
71805,True
71806,True
71807,True
71808,True
71809,True
71810,True
71811,True
71812,True
71813,True
71814,True
71815,True
71816,True
71817,True
71818,True
71819,True
71820,True
71821,True
71822,True
71823,True
71824,True
71825,True
71826,True
71827,True
71828,True
71829,True
71830,True
71831,True
71832,True
71833,True
71834,True
71835,True
71836,True
71837,True
71838,True
71839,True
71840,True
71841,True
71842,True
71843,True
71844,True
71845,True
71846,True
71847,True
71848,True
71849,True
71850,True
71851,True
71852,True
71853,True
71854,True
71855,True
71856,True
71857,True
71858,True
71859,True
71860,True
71861,True
71862,True
71863,True
71864,True
71865,True
71866,True
71867,True
71868,True
71869,True
71870,True
71871,True
71872,True
71873,True
71874,True
71875,True
71876,True
71877,True
71878,True
71879,True
71880,True
71881,True
71882,True
71883,True
71884,True
71885,True
71886,True
71887,True
71888,True
71889,True
71890,True
71891,True
71892,True
71893,True
71894,True
71895,True
71896,True
71897,True
71898,True
71899,True
71900,True
71901,True
71902,True
71903,True
71904,True
71905,True
71906,True
71907,True
71908,True
71909,True
71910,True
71911,True
71912,True
71913,True
71914,True
71915,True
71916,True
71917,True
71918,True
71919,True
71920,True
71921,True
71922,True
71923,True
71924,True
71925,True
71926,True
71927,True
71928,True
71929,True
71930,True
71931,True
71932,True
71933,True
71934,True
71935,True
71936,True
71937,True
71938,True
71939,True
71940,True
71941,True
71942,True
71943,True
71944,True
71945,True
71946,True
71947,True
71948,True
71949,True
71950,True
71951,True
71952,True
71953,True
71954,True
71955,True
71956,True
71957,True
71958,True
71959,True
71960,True
71961,True
71962,True
71963,True
71964,True
71965,True
71966,True
71967,True
71968,True
71969,True
71970,True
71971,True
71972,True
71973,True
71974,True
71975,True
71976,True
71977,True
71978,True
71979,True
71980,True
71981,True
71982,True
71983,True
71984,True
71985,True
71986,True
71987,True
71988,True
71989,True
71990,True
71991,True
71992,True
71993,True
71994,True
71995,True
71996,True
71997,True
71998,True
71999,True
72000,True
72001,True
72002,True
72003,True
72004,True
72005,True
72006,True
72007,True
72008,True
72009,True
72010,True
72011,True
72012,True
72013,True
72014,True
72015,True
72016,True
72017,True
72018,True
72019,True
72020,True
72021,True
72022,True
72023,True
72024,True
72025,True
72026,True
72027,True
72028,True
72029,True
72030,True
72031,True
72032,True
72033,True
72034,True
72035,True
72036,True
72037,True
72038,True
72039,True
72040,True
72041,True
72042,True
72043,True
72044,True
72045,True
72046,True
72047,True
72048,True
72049,True
72050,True
72051,True
72052,True
72053,True
72054,True
72055,True
72056,True
72057,True
72058,True
72059,True
72060,True
72061,True
72062,True
72063,True
72064,True
72065,True
72066,True
72067,True
72068,True
72069,True
72070,True
72071,True
72072,True
72073,True
72074,True
72075,True
72076,True
72077,True
72078,True
72079,True
72080,True
72081,True
72082,True
72083,True
72084,True
72085,True
72086,True
72087,True
72088,True
72089,True
72090,True
72091,True
72092,True
72093,True
72094,True
72095,True
72096,True
72097,True
72098,True
72099,True
72100,True
72101,True
72102,True
72103,True
72104,True
72105,True
72106,True
72107,True
72108,True
72109,True
72110,True
72111,True
72112,True
72113,True
72114,True
72115,True
72116,True
72117,True
72118,True
72119,True
72120,True
72121,True
72122,True
72123,True
72124,True
72125,True
72126,True
72127,True
72128,True
72129,True
72130,True
72131,True
72132,True
72133,True
72134,True
72135,True
72136,True
72137,True
72138,True
72139,True
72140,True
72141,True
72142,True
72143,True
72144,True
72145,True
72146,True
72147,True
72148,True
72149,True
72150,True
72151,True
72152,True
72153,True
72154,True
72155,True
72156,True
72157,True
72158,True
72159,True
72160,True
72161,True
72162,True
72163,True
72164,True
72165,True
72166,True
72167,True
72168,True
72169,True
72170,True
72171,True
72172,True
72173,True
72174,True
72175,True
72176,True
72177,True
72178,True
72179,True
72180,True
72181,True
72182,True
72183,True
72184,True
72185,True
72186,True
72187,True
72188,True
72189,True
72190,True
72191,True
72192,True
72193,True
72194,True
72195,True
72196,True
72197,True
72198,True
72199,True
72200,True
72201,True
72202,True
72203,True
72204,True
72205,True
72206,True
72207,True
72208,True
72209,True
72210,True
72211,True
72212,True
72213,True
72214,True
72215,True
72216,True
72217,True
72218,True
72219,True
72220,True
72221,True
72222,True
72223,True
72224,True
72225,True
72226,True
72227,True
72228,True
72229,True
72230,True
72231,True
72232,True
72233,True
72234,True
72235,True
72236,True
72237,True
72238,True
72239,True
72240,True
72241,True
72242,True
72243,True
72244,True
72245,True
72246,True
72247,True
72248,True
72249,True
72250,True
72251,True
72252,True
72253,True
72254,True
72255,True
72256,True
72257,True
72258,True
72259,True
72260,True
72261,True
72262,True
72263,True
72264,True
72265,True
72266,True
72267,True
72268,True
72269,True
72270,True
72271,True
72272,True
72273,True
72274,True
72275,True
72276,True
72277,True
72278,True
72279,True
72280,True
72281,True
72282,True
72283,True
72284,True
72285,True
72286,True
72287,True
72288,True
72289,True
72290,True
72291,True
72292,True
72293,True
72294,True
72295,True
72296,True
72297,True
72298,True
72299,True
72300,True
72301,True
72302,True
72303,True
72304,True
72305,True
72306,True
72307,True
72308,True
72309,True
72310,True
72311,True
72312,True
72313,True
72314,True
72315,True
72316,True
72317,True
72318,True
72319,True
72320,True
72321,True
72322,True
72323,True
72324,True
72325,True
72326,True
72327,True
72328,True
72329,True
72330,True
72331,True
72332,True
72333,True
72334,True
72335,True
72336,True
72337,True
72338,True
72339,True
72340,True
72341,True
72342,True
72343,True
72344,True
72345,True
72346,True
72347,True
72348,True
72349,True
72350,True
72351,True
72352,True
72353,True
72354,True
72355,True
72356,True
72357,True
72358,True
72359,True
72360,True
72361,True
72362,True
72363,True
72364,True
72365,True
72366,True
72367,True
72368,True
72369,True
72370,True
72371,True
72372,True
72373,True
72374,True
72375,True
72376,True
72377,True
72378,True
72379,True
72380,True
72381,True
72382,True
72383,True
72384,True
72385,True
72386,True
72387,True
72388,True
72389,True
72390,True
72391,True
72392,True
72393,True
72394,True
72395,True
72396,True
72397,True
72398,True
72399,True
72400,True
72401,True
72402,True
72403,True
72404,True
72405,True
72406,True
72407,True
72408,True
72409,True
72410,True
72411,True
72412,True
72413,True
72414,True
72415,True
72416,True
72417,True
72418,True
72419,True
72420,True
72421,True
72422,True
72423,True
72424,True
72425,True
72426,True
72427,True
72428,True
72429,True
72430,True
72431,True
72432,True
72433,True
72434,True
72435,True
72436,True
72437,True
72438,True
72439,True
72440,True
72441,True
72442,True
72443,True
72444,True
72445,True
72446,True
72447,True
72448,True
72449,True
72450,True
72451,True
72452,True
72453,True
72454,True
72455,True
72456,True
72457,True
72458,True
72459,True
72460,True
72461,True
72462,True
72463,True
72464,True
72465,True
72466,True
72467,True
72468,True
72469,True
72470,True
72471,True
72472,True
72473,True
72474,True
72475,True
72476,True
72477,True
72478,True
72479,True
72480,True
72481,True
72482,True
72483,True
72484,True
72485,True
72486,True
72487,True
72488,True
72489,True
72490,True
72491,True
72492,True
72493,True
72494,True
72495,True
72496,True
72497,True
72498,True
72499,True
72500,True
72501,True
72502,True
72503,True
72504,True
72505,True
72506,True
72507,True
72508,True
72509,True
72510,True
72511,True
72512,True
72513,True
72514,True
72515,True
72516,True
72517,True
72518,True
72519,True
72520,True
72521,True
72522,True
72523,True
72524,True
72525,True
72526,True
72527,True
72528,True
72529,True
72530,True
72531,True
72532,True
72533,True
72534,True
72535,True
72536,True
72537,True
72538,True
72539,True
72540,True
72541,True
72542,True
72543,True
72544,True
72545,True
72546,True
72547,True
72548,True
72549,True
72550,True
72551,True
72552,True
72553,True
72554,True
72555,True
72556,True
72557,True
72558,True
72559,True
72560,True
72561,True
72562,True
72563,True
72564,True
72565,True
72566,True
72567,True
72568,True
72569,True
72570,True
72571,True
72572,True
72573,True
72574,True
72575,True
72576,True
72577,True
72578,True
72579,True
72580,True
72581,True
72582,True
72583,True
72584,True
72585,True
72586,True
72587,True
72588,True
72589,True
72590,True
72591,True
72592,True
72593,True
72594,True
72595,True
72596,True
72597,True
72598,True
72599,True
72600,True
72601,True
72602,True
72603,True
72604,True
72605,True
72606,True
72607,True
72608,True
72609,True
72610,True
72611,True
72612,True
72613,True
72614,True
72615,True
72616,True
72617,True
72618,True
72619,True
72620,True
72621,True
72622,True
72623,True
72624,True
72625,True
72626,True
72627,True
72628,True
72629,True
72630,True
72631,True
72632,True
72633,True
72634,True
72635,True
72636,True
72637,True
72638,True
72639,True
72640,True
72641,True
72642,True
72643,True
72644,True
72645,True
72646,True
72647,True
72648,True
72649,True
72650,True
72651,True
72652,True
72653,True
72654,True
72655,True
72656,True
72657,True
72658,True
72659,True
72660,True
72661,True
72662,True
72663,True
72664,True
72665,True
72666,True
72667,True
72668,True
72669,True
72670,True
72671,True
72672,True
72673,True
72674,True
72675,True
72676,True
72677,True
72678,True
72679,True
72680,True
72681,True
72682,True
72683,True
72684,True
72685,True
72686,True
72687,True
72688,True
72689,True
72690,True
72691,True
72692,True
72693,True
72694,True
72695,True
72696,True
72697,True
72698,True
72699,True
72700,True
72701,True
72702,True
72703,True
72704,True
72705,True
72706,True
72707,True
72708,True
72709,True
72710,True
72711,True
72712,True
72713,True
72714,True
72715,True
72716,True
72717,True
72718,True
72719,True
72720,True
72721,True
72722,True
72723,True
72724,True
72725,True
72726,True
72727,True
72728,True
72729,True
72730,True
72731,True
72732,True
72733,True
72734,True
72735,True
72736,True
72737,True
72738,True
72739,True
72740,True
72741,True
72742,True
72743,True
72744,True
72745,True
72746,True
72747,True
72748,True
72749,True
72750,True
72751,True
72752,True
72753,True
72754,True
72755,True
72756,True
72757,True
72758,True
72759,True
72760,True
72761,True
72762,True
72763,True
72764,True
72765,True
72766,True
72767,True
72768,True
72769,True
72770,True
72771,True
72772,True
72773,True
72774,True
72775,True
72776,True
72777,True
72778,True
72779,True
72780,True
72781,True
72782,True
72783,True
72784,True
72785,True
72786,True
72787,True
72788,True
72789,True
72790,True
72791,True
72792,True
72793,True
72794,True
72795,True
72796,True
72797,True
72798,True
72799,True
72800,True
72801,True
72802,True
72803,True
72804,True
72805,True
72806,True
72807,True
72808,True
72809,True
72810,True
72811,True
72812,True
72813,True
72814,True
72815,True
72816,True
72817,True
72818,True
72819,True
72820,True
72821,True
72822,True
72823,True
72824,True
72825,True
72826,True
72827,True
72828,True
72829,True
72830,True
72831,True
72832,True
72833,True
72834,True
72835,True
72836,True
72837,True
72838,True
72839,True
72840,True
72841,True
72842,True
72843,True
72844,True
72845,True
72846,True
72847,True
72848,True
72849,True
72850,True
72851,True
72852,True
72853,True
72854,True
72855,True
72856,True
72857,True
72858,True
72859,True
72860,True
72861,True
72862,True
72863,True
72864,True
72865,True
72866,True
72867,True
72868,True
72869,True
72870,True
72871,True
72872,True
72873,True
72874,True
72875,True
72876,True
72877,True
72878,True
72879,True
72880,True
72881,True
72882,True
72883,True
72884,True
72885,True
72886,True
72887,True
72888,True
72889,True
72890,True
72891,True
72892,True
72893,True
72894,True
72895,True
72896,True
72897,True
72898,True
72899,True
72900,True
72901,True
72902,True
72903,True
72904,True
72905,True
72906,True
72907,True
72908,True
72909,True
72910,True
72911,True
72912,True
72913,True
72914,True
72915,True
72916,True
72917,True
72918,True
72919,True
72920,True
72921,True
72922,True
72923,True
72924,True
72925,True
72926,True
72927,True
72928,True
72929,True
72930,True
72931,True
72932,True
72933,True
72934,True
72935,True
72936,True
72937,True
72938,True
72939,True
72940,True
72941,True
72942,True
72943,True
72944,True
72945,True
72946,True
72947,True
72948,True
72949,True
72950,True
72951,True
72952,True
72953,True
72954,True
72955,True
72956,True
72957,True
72958,True
72959,True
72960,True
72961,True
72962,True
72963,True
72964,True
72965,True
72966,True
72967,True
72968,True
72969,True
72970,True
72971,True
72972,True
72973,True
72974,True
72975,True
72976,True
72977,True
72978,True
72979,True
72980,True
72981,True
72982,True
72983,True
72984,True
72985,True
72986,True
72987,True
72988,True
72989,True
72990,True
72991,True
72992,True
72993,True
72994,True
72995,True
72996,True
72997,True
72998,True
72999,True
73000,True
73001,True
73002,True
73003,True
73004,True
73005,True
73006,True
73007,True
73008,True
73009,True
73010,True
73011,True
73012,True
73013,True
73014,True
73015,True
73016,True
73017,True
73018,True
73019,True
73020,True
73021,True
73022,True
73023,True
73024,True
73025,True
73026,True
73027,True
73028,True
73029,True
73030,True
73031,True
73032,True
73033,True
73034,True
73035,True
73036,True
73037,True
73038,True
73039,True
73040,True
73041,True
73042,True
73043,True
73044,True
73045,True
73046,True
73047,True
73048,True
73049,True
73050,True
73051,True
73052,True
73053,True
73054,True
73055,True
73056,True
73057,True
73058,True
73059,True
73060,True
73061,True
73062,True
73063,True
73064,True
73065,True
73066,True
73067,True
73068,True
73069,True
73070,True
73071,True
73072,True
73073,True
73074,True
73075,True
73076,True
73077,True
73078,True
73079,True
73080,True
73081,True
73082,True
73083,True
73084,True
73085,True
73086,True
73087,True
73088,True
73089,True
73090,True
73091,True
73092,True
73093,True
73094,True
73095,True
73096,True
73097,True
73098,True
73099,True
73100,True
73101,True
73102,True
73103,True
73104,True
73105,True
73106,True
73107,True
73108,True
73109,True
73110,True
73111,True
73112,True
73113,True
73114,True
73115,True
73116,True
73117,True
73118,True
73119,True
73120,True
73121,True
73122,True
73123,True
73124,True
73125,True
73126,True
73127,True
73128,True
73129,True
73130,True
73131,True
73132,True
73133,True
73134,True
73135,True
73136,True
73137,True
73138,True
73139,True
73140,True
73141,True
73142,True
73143,True
73144,True
73145,True
73146,True
73147,True
73148,True
73149,True
73150,True
73151,True
73152,True
73153,True
73154,True
73155,True
73156,True
73157,True
73158,True
73159,True
73160,True
73161,True
73162,True
73163,True
73164,True
73165,True
73166,True
73167,True
73168,True
73169,True
73170,True
73171,True
73172,True
73173,True
73174,True
73175,True
73176,True
73177,True
73178,True
73179,True
73180,True
73181,True
73182,True
73183,True
73184,True
73185,True
73186,True
73187,True
73188,True
73189,True
73190,True
73191,True
73192,True
73193,True
73194,True
73195,True
73196,True
73197,True
73198,True
73199,True
73200,True
73201,True
73202,True
73203,True
73204,True
73205,True
73206,True
73207,True
73208,True
73209,True
73210,True
73211,True
73212,True
73213,True
73214,True
73215,True
73216,True
73217,True
73218,True
73219,True
73220,True
73221,True
73222,True
73223,True
73224,True
73225,True
73226,True
73227,True
73228,True
73229,True
73230,True
73231,True
73232,True
73233,True
73234,True
73235,True
73236,True
73237,True
73238,True
73239,True
73240,True
73241,True
73242,True
73243,True
73244,True
73245,True
73246,True
73247,True
73248,True
73249,True
73250,True
73251,True
73252,True
73253,True
73254,True
73255,True
73256,True
73257,True
73258,True
73259,True
73260,True
73261,True
73262,True
73263,True
73264,True
73265,True
73266,True
73267,True
73268,True
73269,True
73270,True
73271,True
73272,True
73273,True
73274,True
73275,True
73276,True
73277,True
73278,True
73279,True
73280,True
73281,True
73282,True
73283,True
73284,True
73285,True
73286,True
73287,True
73288,True
73289,True
73290,True
73291,True
73292,True
73293,True
73294,True
73295,True
73296,True
73297,True
73298,True
73299,True
73300,True
73301,True
73302,True
73303,True
73304,True
73305,True
73306,True
73307,True
73308,True
73309,True
73310,True
73311,True
73312,True
73313,True
73314,True
73315,True
73316,True
73317,True
73318,True
73319,True
73320,True
73321,True
73322,True
73323,True
73324,True
73325,True
73326,True
73327,True
73328,True
73329,True
73330,True
73331,True
73332,True
73333,True
73334,True
73335,True
73336,True
73337,True
73338,True
73339,True
73340,True
73341,True
73342,True
73343,True
73344,True
73345,True
73346,True
73347,True
73348,True
73349,True
73350,True
73351,True
73352,True
73353,True
73354,True
73355,True
73356,True
73357,True
73358,True
73359,True
73360,True
73361,True
73362,True
73363,True
73364,True
73365,True
73366,True
73367,True
73368,True
73369,True
73370,True
73371,True
73372,True
73373,True
73374,True
73375,True
73376,True
73377,True
73378,True
73379,True
73380,True
73381,True
73382,True
73383,True
73384,True
73385,True
73386,True
73387,True
73388,True
73389,True
73390,True
73391,True
73392,True
73393,True
73394,True
73395,True
73396,True
73397,True
73398,True
73399,True
73400,True
73401,True
73402,True
73403,True
73404,True
73405,True
73406,True
73407,True
73408,True
73409,True
73410,True
73411,True
73412,True
73413,True
73414,True
73415,True
73416,True
73417,True
73418,True
73419,True
73420,True
73421,True
73422,True
73423,True
73424,True
73425,True
73426,True
73427,True
73428,True
73429,True
73430,True
73431,True
73432,True
73433,True
73434,True
73435,True
73436,True
73437,True
73438,True
73439,True
73440,True
73441,True
73442,True
73443,True
73444,True
73445,True
73446,True
73447,True
73448,True
73449,True
73450,True
73451,True
73452,True
73453,True
73454,True
73455,True
73456,True
73457,True
73458,True
73459,True
73460,True
73461,True
73462,True
73463,True
73464,True
73465,True
73466,True
73467,True
73468,True
73469,True
73470,True
73471,True
73472,True
73473,True
73474,True
73475,True
73476,True
73477,True
73478,True
73479,True
73480,True
73481,True
73482,True
73483,True
73484,True
73485,True
73486,True
73487,True
73488,True
73489,True
73490,True
73491,True
73492,True
73493,True
73494,True
73495,True
73496,True
73497,True
73498,True
73499,True
73500,True
73501,True
73502,True
73503,True
73504,True
73505,True
73506,True
73507,True
73508,True
73509,True
73510,True
73511,True
73512,True
73513,True
73514,True
73515,True
73516,True
73517,True
73518,True
73519,True
73520,True
73521,True
73522,True
73523,True
73524,True
73525,True
73526,True
73527,True
73528,True
73529,True
73530,True
73531,True
73532,True
73533,True
73534,True
73535,True
73536,True
73537,True
73538,True
73539,True
73540,True
73541,True
73542,True
73543,True
73544,True
73545,True
73546,True
73547,True
73548,True
73549,True
73550,True
73551,True
73552,True
73553,True
73554,True
73555,True
73556,True
73557,True
73558,True
73559,True
73560,True
73561,True
73562,True
73563,True
73564,True
73565,True
73566,True
73567,True
73568,True
73569,True
73570,True
73571,True
73572,True
73573,True
73574,True
73575,True
73576,True
73577,True
73578,True
73579,True
73580,True
73581,True
73582,True
73583,True
73584,True
73585,True
73586,True
73587,True
73588,True
73589,True
73590,True
73591,True
73592,True
73593,True
73594,True
73595,True
73596,True
73597,True
73598,True
73599,True
73600,True
73601,True
73602,True
73603,True
73604,True
73605,True
73606,True
73607,True
73608,True
73609,True
73610,True
73611,True
73612,True
73613,True
73614,True
73615,True
73616,True
73617,True
73618,True
73619,True
73620,True
73621,True
73622,True
73623,True
73624,True
73625,True
73626,True
73627,True
73628,True
73629,True
73630,True
73631,True
73632,True
73633,True
73634,True
73635,True
73636,True
73637,True
73638,True
73639,True
73640,True
73641,True
73642,True
73643,True
73644,True
73645,True
73646,True
73647,True
73648,True
73649,True
73650,True
73651,True
73652,True
73653,True
73654,True
73655,True
73656,True
73657,True
73658,True
73659,True
73660,True
73661,True
73662,True
73663,True
73664,True
73665,True
73666,True
73667,True
73668,True
73669,True
73670,True
73671,True
73672,True
73673,True
73674,True
73675,True
73676,True
73677,True
73678,True
73679,True
73680,True
73681,True
73682,True
73683,True
73684,True
73685,True
73686,True
73687,True
73688,True
73689,True
73690,True
73691,True
73692,True
73693,True
73694,True
73695,True
73696,True
73697,True
73698,True
73699,True
73700,True
73701,True
73702,True
73703,True
73704,True
73705,True
73706,True
73707,True
73708,True
73709,True
73710,True
73711,True
73712,True
73713,True
73714,True
73715,True
73716,True
73717,True
73718,True
73719,True
73720,True
73721,True
73722,True
73723,True
73724,True
73725,True
73726,True
73727,True
73728,True
73729,True
73730,True
73731,True
73732,True
73733,True
73734,True
73735,True
73736,True
73737,True
73738,True
73739,True
73740,True
73741,True
73742,True
73743,True
73744,True
73745,True
73746,True
73747,True
73748,True
73749,True
73750,True
73751,True
73752,True
73753,True
73754,True
73755,True
73756,True
73757,True
73758,True
73759,True
73760,True
73761,True
73762,True
73763,True
73764,True
73765,True
73766,True
73767,True
73768,True
73769,True
73770,True
73771,True
73772,True
73773,True
73774,True
73775,True
73776,True
73777,True
73778,True
73779,True
73780,True
73781,True
73782,True
73783,True
73784,True
73785,True
73786,True
73787,True
73788,True
73789,True
73790,True
73791,True
73792,True
73793,True
73794,True
73795,True
73796,True
73797,True
73798,True
73799,True
73800,True
73801,True
73802,True
73803,True
73804,True
73805,True
73806,True
73807,True
73808,True
73809,True
73810,True
73811,True
73812,True
73813,True
73814,True
73815,True
73816,True
73817,True
73818,True
73819,True
73820,True
73821,True
73822,True
73823,True
73824,True
73825,True
73826,True
73827,True
73828,True
73829,True
73830,True
73831,True
73832,True
73833,True
73834,True
73835,True
73836,True
73837,True
73838,True
73839,True
73840,True
73841,True
73842,True
73843,True
73844,True
73845,True
73846,True
73847,True
73848,True
73849,True
73850,True
73851,True
73852,True
73853,True
73854,True
73855,True
73856,True
73857,True
73858,True
73859,True
73860,True
73861,True
73862,True
73863,True
73864,True
73865,True
73866,True
73867,True
73868,True
73869,True
73870,True
73871,True
73872,True
73873,True
73874,True
73875,True
73876,True
73877,True
73878,True
73879,True
73880,True
73881,True
73882,True
73883,True
73884,True
73885,True
73886,True
73887,True
73888,True
73889,True
73890,True
73891,True
73892,True
73893,True
73894,True
73895,True
73896,True
73897,True
73898,True
73899,True
73900,True
73901,True
73902,True
73903,True
73904,True
73905,True
73906,True
73907,True
73908,True
73909,True
73910,True
73911,True
73912,True
73913,True
73914,True
73915,True
73916,True
73917,True
73918,True
73919,True
73920,True
73921,True
73922,True
73923,True
73924,True
73925,True
73926,True
73927,True
73928,True
73929,True
73930,True
73931,True
73932,True
73933,True
73934,True
73935,True
73936,True
73937,True
73938,True
73939,True
73940,True
73941,True
73942,True
73943,True
73944,True
73945,True
73946,True
73947,True
73948,True
73949,True
73950,True
73951,True
73952,True
73953,True
73954,True
73955,True
73956,True
73957,True
73958,True
73959,True
73960,True
73961,True
73962,True
73963,True
73964,True
73965,True
73966,True
73967,True
73968,True
73969,True
73970,True
73971,True
73972,True
73973,True
73974,True
73975,True
73976,True
73977,True
73978,True
73979,True
73980,True
73981,True
73982,True
73983,True
73984,True
73985,True
73986,True
73987,True
73988,True
73989,True
73990,True
73991,True
73992,True
73993,True
73994,True
73995,True
73996,True
73997,True
73998,True
73999,True
74000,True
74001,True
74002,True
74003,True
74004,True
74005,True
74006,True
74007,True
74008,True
74009,True
74010,True
74011,True
74012,True
74013,True
74014,True
74015,True
74016,True
74017,True
74018,True
74019,True
74020,True
74021,True
74022,True
74023,True
74024,True
74025,True
74026,True
74027,True
74028,True
74029,True
74030,True
74031,True
74032,True
74033,True
74034,True
74035,True
74036,True
74037,True
74038,True
74039,True
74040,True
74041,True
74042,True
74043,True
74044,True
74045,True
74046,True
74047,True
74048,True
74049,True
74050,True
74051,True
74052,True
74053,True
74054,True
74055,True
74056,True
74057,True
74058,True
74059,True
74060,True
74061,True
74062,True
74063,True
74064,True
74065,True
74066,True
74067,True
74068,True
74069,True
74070,True
74071,True
74072,True
74073,True
74074,True
74075,True
74076,True
74077,True
74078,True
74079,True
74080,True
74081,True
74082,True
74083,True
74084,True
74085,True
74086,True
74087,True
74088,True
74089,True
74090,True
74091,True
74092,True
74093,True
74094,True
74095,True
74096,True
74097,True
74098,True
74099,True
74100,True
74101,True
74102,True
74103,True
74104,True
74105,True
74106,True
74107,True
74108,True
74109,True
74110,True
74111,True
74112,True
74113,True
74114,True
74115,True
74116,True
74117,True
74118,True
74119,True
74120,True
74121,True
74122,True
74123,True
74124,True
74125,True
74126,True
74127,True
74128,True
74129,True
74130,True
74131,True
74132,True
74133,True
74134,True
74135,True
74136,True
74137,True
74138,True
74139,True
74140,True
74141,True
74142,True
74143,True
74144,True
74145,True
74146,True
74147,True
74148,True
74149,True
74150,True
74151,True
74152,True
74153,True
74154,True
74155,True
74156,True
74157,True
74158,True
74159,True
74160,True
74161,True
74162,True
74163,True
74164,True
74165,True
74166,True
74167,True
74168,True
74169,True
74170,True
74171,True
74172,True
74173,True
74174,True
74175,True
74176,True
74177,True
74178,True
74179,True
74180,True
74181,True
74182,True
74183,True
74184,True
74185,True
74186,True
74187,True
74188,True
74189,True
74190,True
74191,True
74192,True
74193,True
74194,True
74195,True
74196,True
74197,True
74198,True
74199,True
74200,True
74201,True
74202,True
74203,True
74204,True
74205,True
74206,True
74207,True
74208,True
74209,True
74210,True
74211,True
74212,True
74213,True
74214,True
74215,True
74216,True
74217,True
74218,True
74219,True
74220,True
74221,True
74222,True
74223,True
74224,True
74225,True
74226,True
74227,True
74228,True
74229,True
74230,True
74231,True
74232,True
74233,True
74234,True
74235,True
74236,True
74237,True
74238,True
74239,True
74240,True
74241,True
74242,True
74243,True
74244,True
74245,True
74246,True
74247,True
74248,True
74249,True
74250,True
74251,True
74252,True
74253,True
74254,True
74255,True
74256,True
74257,True
74258,True
74259,True
74260,True
74261,True
74262,True
74263,True
74264,True
74265,True
74266,True
74267,True
74268,True
74269,True
74270,True
74271,True
74272,True
74273,True
74274,True
74275,True
74276,True
74277,True
74278,True
74279,True
74280,True
74281,True
74282,True
74283,True
74284,True
74285,True
74286,True
74287,True
74288,True
74289,True
74290,True
74291,True
74292,True
74293,True
74294,True
74295,True
74296,True
74297,True
74298,True
74299,True
74300,True
74301,True
74302,True
74303,True
74304,True
74305,True
74306,True
74307,True
74308,True
74309,True
74310,True
74311,True
74312,True
74313,True
74314,True
74315,True
74316,True
74317,True
74318,True
74319,True
74320,True
74321,True
74322,True
74323,True
74324,True
74325,True
74326,True
74327,True
74328,True
74329,True
74330,True
74331,True
74332,True
74333,True
74334,True
74335,True
74336,True
74337,True
74338,True
74339,True
74340,True
74341,True
74342,True
74343,True
74344,True
74345,True
74346,True
74347,True
74348,True
74349,True
74350,True
74351,True
74352,True
74353,True
74354,True
74355,True
74356,True
74357,True
74358,True
74359,True
74360,True
74361,True
74362,True
74363,True
74364,True
74365,True
74366,True
74367,True
74368,True
74369,True
74370,True
74371,True
74372,True
74373,True
74374,True
74375,True
74376,True
74377,True
74378,True
74379,True
74380,True
74381,True
74382,True
74383,True
74384,True
74385,True
74386,True
74387,True
74388,True
74389,True
74390,True
74391,True
74392,True
74393,True
74394,True
74395,True
74396,True
74397,True
74398,True
74399,True
74400,True
74401,True
74402,True
74403,True
74404,True
74405,True
74406,True
74407,True
74408,True
74409,True
74410,True
74411,True
74412,True
74413,True
74414,True
74415,True
74416,True
74417,True
74418,True
74419,True
74420,True
74421,True
74422,True
74423,True
74424,True
74425,True
74426,True
74427,True
74428,True
74429,True
74430,True
74431,True
74432,True
74433,True
74434,True
74435,True
74436,True
74437,True
74438,True
74439,True
74440,True
74441,True
74442,True
74443,True
74444,True
74445,True
74446,True
74447,True
74448,True
74449,True
74450,True
74451,True
74452,True
74453,True
74454,True
74455,True
74456,True
74457,True
74458,True
74459,True
74460,True
74461,True
74462,True
74463,True
74464,True
74465,True
74466,True
74467,True
74468,True
74469,True
74470,True
74471,True
74472,True
74473,True
74474,True
74475,True
74476,True
74477,True
74478,True
74479,True
74480,True
74481,True
74482,True
74483,True
74484,True
74485,True
74486,True
74487,True
74488,True
74489,True
74490,True
74491,True
74492,True
74493,True
74494,True
74495,True
74496,True
74497,True
74498,True
74499,True
74500,True
74501,True
74502,True
74503,True
74504,True
74505,True
74506,True
74507,True
74508,True
74509,True
74510,True
74511,True
74512,True
74513,True
74514,True
74515,True
74516,True
74517,True
74518,True
74519,True
74520,True
74521,True
74522,True
74523,True
74524,True
74525,True
74526,True
74527,True
74528,True
74529,True
74530,True
74531,True
74532,True
74533,True
74534,True
74535,True
74536,True
74537,True
74538,True
74539,True
74540,True
74541,True
74542,True
74543,True
74544,True
74545,True
74546,True
74547,True
74548,True
74549,True
74550,True
74551,True
74552,True
74553,True
74554,True
74555,True
74556,True
74557,True
74558,True
74559,True
74560,True
74561,True
74562,True
74563,True
74564,True
74565,True
74566,True
74567,True
74568,True
74569,True
74570,True
74571,True
74572,True
74573,True
74574,True
74575,True
74576,True
74577,True
74578,True
74579,True
74580,True
74581,True
74582,True
74583,True
74584,True
74585,True
74586,True
74587,True
74588,True
74589,True
74590,True
74591,True
74592,True
74593,True
74594,True
74595,True
74596,True
74597,True
74598,True
74599,True
74600,True
74601,True
74602,True
74603,True
74604,True
74605,True
74606,True
74607,True
74608,True
74609,True
74610,True
74611,True
74612,True
74613,True
74614,True
74615,True
74616,True
74617,True
74618,True
74619,True
74620,True
74621,True
74622,True
74623,True
74624,True
74625,True
74626,True
74627,True
74628,True
74629,True
74630,True
74631,True
74632,True
74633,True
74634,True
74635,True
74636,True
74637,True
74638,True
74639,True
74640,True
74641,True
74642,True
74643,True
74644,True
74645,True
74646,True
74647,True
74648,True
74649,True
74650,True
74651,True
74652,True
74653,True
74654,True
74655,True
74656,True
74657,True
74658,True
74659,True
74660,True
74661,True
74662,True
74663,True
74664,True
74665,True
74666,True
74667,True
74668,True
74669,True
74670,True
74671,True
74672,True
74673,True
74674,True
74675,True
74676,True
74677,True
74678,True
74679,True
74680,True
74681,True
74682,True
74683,True
74684,True
74685,True
74686,True
74687,True
74688,True
74689,True
74690,True
74691,True
74692,True
74693,True
74694,True
74695,True
74696,True
74697,True
74698,True
74699,True
74700,True
74701,True
74702,True
74703,True
74704,True
74705,True
74706,True
74707,True
74708,True
74709,True
74710,True
74711,True
74712,True
74713,True
74714,True
74715,True
74716,True
74717,True
74718,True
74719,True
74720,True
74721,True
74722,True
74723,True
74724,True
74725,True
74726,True
74727,True
74728,True
74729,True
74730,True
74731,True
74732,True
74733,True
74734,True
74735,True
74736,True
74737,True
74738,True
74739,True
74740,True
74741,True
74742,True
74743,True
74744,True
74745,True
74746,True
74747,True
74748,True
74749,True
74750,True
74751,True
74752,True
74753,True
74754,True
74755,True
74756,True
74757,True
74758,True
74759,True
74760,True
74761,True
74762,True
74763,True
74764,True
74765,True
74766,True
74767,True
74768,True
74769,True
74770,True
74771,True
74772,True
74773,True
74774,True
74775,True
74776,True
74777,True
74778,True
74779,True
74780,True
74781,True
74782,True
74783,True
74784,True
74785,True
74786,True
74787,True
74788,True
74789,True
74790,True
74791,True
74792,True
74793,True
74794,True
74795,True
74796,True
74797,True
74798,True
74799,True
74800,True
74801,True
74802,True
74803,True
74804,True
74805,True
74806,True
74807,True
74808,True
74809,True
74810,True
74811,True
74812,True
74813,True
74814,True
74815,True
74816,True
74817,True
74818,True
74819,True
74820,True
74821,True
74822,True
74823,True
74824,True
74825,True
74826,True
74827,True
74828,True
74829,True
74830,True
74831,True
74832,True
74833,True
74834,True
74835,True
74836,True
74837,True
74838,True
74839,True
74840,True
74841,True
74842,True
74843,True
74844,True
74845,True
74846,True
74847,True
74848,True
74849,True
74850,True
74851,True
74852,True
74853,True
74854,True
74855,True
74856,True
74857,True
74858,True
74859,True
74860,True
74861,True
74862,True
74863,True
74864,True
74865,True
74866,True
74867,True
74868,True
74869,True
74870,True
74871,True
74872,True
74873,True
74874,True
74875,True
74876,True
74877,True
74878,True
74879,True
74880,True
74881,True
74882,True
74883,True
74884,True
74885,True
74886,True
74887,True
74888,True
74889,True
74890,True
74891,True
74892,True
74893,True
74894,True
74895,True
74896,True
74897,True
74898,True
74899,True
74900,True
74901,True
74902,True
74903,True
74904,True
74905,True
74906,True
74907,True
74908,True
74909,True
74910,True
74911,True
74912,True
74913,True
74914,True
74915,True
74916,True
74917,True
74918,True
74919,True
74920,True
74921,True
74922,True
74923,True
74924,True
74925,True
74926,True
74927,True
74928,True
74929,True
74930,True
74931,True
74932,True
74933,True
74934,True
74935,True
74936,True
74937,True
74938,True
74939,True
74940,True
74941,True
74942,True
74943,True
74944,True
74945,True
74946,True
74947,True
74948,True
74949,True
74950,True
74951,True
74952,True
74953,True
74954,True
74955,True
74956,True
74957,True
74958,True
74959,True
74960,True
74961,True
74962,True
74963,True
74964,True
74965,True
74966,True
74967,True
74968,True
74969,True
74970,True
74971,True
74972,True
74973,True
74974,True
74975,True
74976,True
74977,True
74978,True
74979,True
74980,True
74981,True
74982,True
74983,True
74984,True
74985,True
74986,True
74987,True
74988,True
74989,True
74990,True
74991,True
74992,True
74993,True
74994,True
74995,True
74996,True
74997,True
74998,True
74999,True
75000,True
75001,True
75002,True
75003,True
75004,True
75005,True
75006,True
75007,True
75008,True
75009,True
75010,True
75011,True
75012,True
75013,True
75014,True
75015,True
75016,True
75017,True
75018,True
75019,True
75020,True
75021,True
75022,True
75023,True
75024,True
75025,True
75026,True
75027,True
75028,True
75029,True
75030,True
75031,True
75032,True
75033,True
75034,True
75035,True
75036,True
75037,True
75038,True
75039,True
75040,True
75041,True
75042,True
75043,True
75044,True
75045,True
75046,True
75047,True
75048,True
75049,True
75050,True
75051,True
75052,True
75053,True
75054,True
75055,True
75056,True
75057,True
75058,True
75059,True
75060,True
75061,True
75062,True
75063,True
75064,True
75065,True
75066,True
75067,True
75068,True
75069,True
75070,True
75071,True
75072,True
75073,True
75074,True
75075,True
75076,True
75077,True
75078,True
75079,True
75080,True
75081,True
75082,True
75083,True
75084,True
75085,True
75086,True
75087,True
75088,True
75089,True
75090,True
75091,True
75092,True
75093,True
75094,True
75095,True
75096,True
75097,True
75098,True
75099,True
75100,True
75101,True
75102,True
75103,True
75104,True
75105,True
75106,True
75107,True
75108,True
75109,True
75110,True
75111,True
75112,True
75113,True
75114,True
75115,True
75116,True
75117,True
75118,True
75119,True
75120,True
75121,True
75122,True
75123,True
75124,True
75125,True
75126,True
75127,True
75128,True
75129,True
75130,True
75131,True
75132,True
75133,True
75134,True
75135,True
75136,True
75137,True
75138,True
75139,True
75140,True
75141,True
75142,True
75143,True
75144,True
75145,True
75146,True
75147,True
75148,True
75149,True
75150,True
75151,True
75152,True
75153,True
75154,True
75155,True
75156,True
75157,True
75158,True
75159,True
75160,True
75161,True
75162,True
75163,True
75164,True
75165,True
75166,True
75167,True
75168,True
75169,True
75170,True
75171,True
75172,True
75173,True
75174,True
75175,True
75176,True
75177,True
75178,True
75179,True
75180,True
75181,True
75182,True
75183,True
75184,True
75185,True
75186,True
75187,True
75188,True
75189,True
75190,True
75191,True
75192,True
75193,True
75194,True
75195,True
75196,True
75197,True
75198,True
75199,True
75200,True
75201,True
75202,True
75203,True
75204,True
75205,True
75206,True
75207,True
75208,True
75209,True
75210,True
75211,True
75212,True
75213,True
75214,True
75215,True
75216,True
75217,True
75218,True
75219,True
75220,True
75221,True
75222,True
75223,True
75224,True
75225,True
75226,True
75227,True
75228,True
75229,True
75230,True
75231,True
75232,True
75233,True
75234,True
75235,True
75236,True
75237,True
75238,True
75239,True
75240,True
75241,True
75242,True
75243,True
75244,True
75245,True
75246,True
75247,True
75248,True
75249,True
75250,True
75251,True
75252,True
75253,True
75254,True
75255,True
75256,True
75257,True
75258,True
75259,True
75260,True
75261,True
75262,True
75263,True
75264,True
75265,True
75266,True
75267,True
75268,True
75269,True
75270,True
75271,True
75272,True
75273,True
75274,True
75275,True
75276,True
75277,True
75278,True
75279,True
75280,True
75281,True
75282,True
75283,True
75284,True
75285,True
75286,True
75287,True
75288,True
75289,True
75290,True
75291,True
75292,True
75293,True
75294,True
75295,True
75296,True
75297,True
75298,True
75299,True
75300,True
75301,True
75302,True
75303,True
75304,True
75305,True
75306,True
75307,True
75308,True
75309,True
75310,True
75311,True
75312,True
75313,True
75314,True
75315,True
75316,True
75317,True
75318,True
75319,True
75320,True
75321,True
75322,True
75323,True
75324,True
75325,True
75326,True
75327,True
75328,True
75329,True
75330,True
75331,True
75332,True
75333,True
75334,True
75335,True
75336,True
75337,True
75338,True
75339,True
75340,True
75341,True
75342,True
75343,True
75344,True
75345,True
75346,True
75347,True
75348,True
75349,True
75350,True
75351,True
75352,True
75353,True
75354,True
75355,True
75356,True
75357,True
75358,True
75359,True
75360,True
75361,True
75362,True
75363,True
75364,True
75365,True
75366,True
75367,True
75368,True
75369,True
75370,True
75371,True
75372,True
75373,True
75374,True
75375,True
75376,True
75377,True
75378,True
75379,True
75380,True
75381,True
75382,True
75383,True
75384,True
75385,True
75386,True
75387,True
75388,True
75389,True
75390,True
75391,True
75392,True
75393,True
75394,True
75395,True
75396,True
75397,True
75398,True
75399,True
75400,True
75401,True
75402,True
75403,True
75404,True
75405,True
75406,True
75407,True
75408,True
75409,True
75410,True
75411,True
75412,True
75413,True
75414,True
75415,True
75416,True
75417,True
75418,True
75419,True
75420,True
75421,True
75422,True
75423,True
75424,True
75425,True
75426,True
75427,True
75428,True
75429,True
75430,True
75431,True
75432,True
75433,True
75434,True
75435,True
75436,True
75437,True
75438,True
75439,True
75440,True
75441,True
75442,True
75443,True
75444,True
75445,True
75446,True
75447,True
75448,True
75449,True
75450,True
75451,True
75452,True
75453,True
75454,True
75455,True
75456,True
75457,True
75458,True
75459,True
75460,True
75461,True
75462,True
75463,True
75464,True
75465,True
75466,True
75467,True
75468,True
75469,True
75470,True
75471,True
75472,True
75473,True
75474,True
75475,True
75476,True
75477,True
75478,True
75479,True
75480,True
75481,True
75482,True
75483,True
75484,True
75485,True
75486,True
75487,True
75488,True
75489,True
75490,True
75491,True
75492,True
75493,True
75494,True
75495,True
75496,True
75497,True
75498,True
75499,True
75500,True
75501,True
75502,True
75503,True
75504,True
75505,True
75506,True
75507,True
75508,True
75509,True
75510,True
75511,True
75512,True
75513,True
75514,True
75515,True
75516,True
75517,True
75518,True
75519,True
75520,True
75521,True
75522,True
75523,True
75524,True
75525,True
75526,True
75527,True
75528,True
75529,True
75530,True
75531,True
75532,True
75533,True
75534,True
75535,True
75536,True
75537,True
75538,True
75539,True
75540,True
75541,True
75542,True
75543,True
75544,True
75545,True
75546,True
75547,True
75548,True
75549,True
75550,True
75551,True
75552,True
75553,True
75554,True
75555,True
75556,True
75557,True
75558,True
75559,True
75560,True
75561,True
75562,True
75563,True
75564,True
75565,True
75566,True
75567,True
75568,True
75569,True
75570,True
75571,True
75572,True
75573,True
75574,True
75575,True
75576,True
75577,True
75578,True
75579,True
75580,True
75581,True
75582,True
75583,True
75584,True
75585,True
75586,True
75587,True
75588,True
75589,True
75590,True
75591,True
75592,True
75593,True
75594,True
75595,True
75596,True
75597,True
75598,True
75599,True
75600,True
75601,True
75602,True
75603,True
75604,True
75605,True
75606,True
75607,True
75608,True
75609,True
75610,True
75611,True
75612,True
75613,True
75614,True
75615,True
75616,True
75617,True
75618,True
75619,True
75620,True
75621,True
75622,True
75623,True
75624,True
75625,True
75626,True
75627,True
75628,True
75629,True
75630,True
75631,True
75632,True
75633,True
75634,True
75635,True
75636,True
75637,True
75638,True
75639,True
75640,True
75641,True
75642,True
75643,True
75644,True
75645,True
75646,True
75647,True
75648,True
75649,True
75650,True
75651,True
75652,True
75653,True
75654,True
75655,True
75656,True
75657,True
75658,True
75659,True
75660,True
75661,True
75662,True
75663,True
75664,True
75665,True
75666,True
75667,True
75668,True
75669,True
75670,True
75671,True
75672,True
75673,True
75674,True
75675,True
75676,True
75677,True
75678,True
75679,True
75680,True
75681,True
75682,True
75683,True
75684,True
75685,True
75686,True
75687,True
75688,True
75689,True
75690,True
75691,True
75692,True
75693,True
75694,True
75695,True
75696,True
75697,True
75698,True
75699,True
75700,True
75701,True
75702,True
75703,True
75704,True
75705,True
75706,True
75707,True
75708,True
75709,True
75710,True
75711,True
75712,True
75713,True
75714,True
75715,True
75716,True
75717,True
75718,True
75719,True
75720,True
75721,True
75722,True
75723,True
75724,True
75725,True
75726,True
75727,True
75728,True
75729,True
75730,True
75731,True
75732,True
75733,True
75734,True
75735,True
75736,True
75737,True
75738,True
75739,True
75740,True
75741,True
75742,True
75743,True
75744,True
75745,True
75746,True
75747,True
75748,True
75749,True
75750,True
75751,True
75752,True
75753,True
75754,True
75755,True
75756,True
75757,True
75758,True
75759,True
75760,True
75761,True
75762,True
75763,True
75764,True
75765,True
75766,True
75767,True
75768,True
75769,True
75770,True
75771,True
75772,True
75773,True
75774,True
75775,True
75776,True
75777,True
75778,True
75779,True
75780,True
75781,True
75782,True
75783,True
75784,True
75785,True
75786,True
75787,True
75788,True
75789,True
75790,True
75791,True
75792,True
75793,True
75794,True
75795,True
75796,True
75797,True
75798,True
75799,True
75800,True
75801,True
75802,True
75803,True
75804,True
75805,True
75806,True
75807,True
75808,True
75809,True
75810,True
75811,True
75812,True
75813,True
75814,True
75815,True
75816,True
75817,True
75818,True
75819,True
75820,True
75821,True
75822,True
75823,True
75824,True
75825,True
75826,True
75827,True
75828,True
75829,True
75830,True
75831,True
75832,True
75833,True
75834,True
75835,True
75836,True
75837,True
75838,True
75839,True
75840,True
75841,True
75842,True
75843,True
75844,True
75845,True
75846,True
75847,True
75848,True
75849,True
75850,True
75851,True
75852,True
75853,True
75854,True
75855,True
75856,True
75857,True
75858,True
75859,True
75860,True
75861,True
75862,True
75863,True
75864,True
75865,True
75866,True
75867,True
75868,True
75869,True
75870,True
75871,True
75872,True
75873,True
75874,True
75875,True
75876,True
75877,True
75878,True
75879,True
75880,True
75881,True
75882,True
75883,True
75884,True
75885,True
75886,True
75887,True
75888,True
75889,True
75890,True
75891,True
75892,True
75893,True
75894,True
75895,True
75896,True
75897,True
75898,True
75899,True
75900,True
75901,True
75902,True
75903,True
75904,True
75905,True
75906,True
75907,True
75908,True
75909,True
75910,True
75911,True
75912,True
75913,True
75914,True
75915,True
75916,True
75917,True
75918,True
75919,True
75920,True
75921,True
75922,True
75923,True
75924,True
75925,True
75926,True
75927,True
75928,True
75929,True
75930,True
75931,True
75932,True
75933,True
75934,True
75935,True
75936,True
75937,True
75938,True
75939,True
75940,True
75941,True
75942,True
75943,True
75944,True
75945,True
75946,True
75947,True
75948,True
75949,True
75950,True
75951,True
75952,True
75953,True
75954,True
75955,True
75956,True
75957,True
75958,True
75959,True
75960,True
75961,True
75962,True
75963,True
75964,True
75965,True
75966,True
75967,True
75968,True
75969,True
75970,True
75971,True
75972,True
75973,True
75974,True
75975,True
75976,True
75977,True
75978,True
75979,True
75980,True
75981,True
75982,True
75983,True
75984,True
75985,True
75986,True
75987,True
75988,True
75989,True
75990,True
75991,True
75992,True
75993,True
75994,True
75995,True
75996,True
75997,True
75998,True
75999,True
76000,True
76001,True
76002,True
76003,True
76004,True
76005,True
76006,True
76007,True
76008,True
76009,True
76010,True
76011,True
76012,True
76013,True
76014,True
76015,True
76016,True
76017,True
76018,True
76019,True
76020,True
76021,True
76022,True
76023,True
76024,True
76025,True
76026,True
76027,True
76028,True
76029,True
76030,True
76031,True
76032,True
76033,True
76034,True
76035,True
76036,True
76037,True
76038,True
76039,True
76040,True
76041,True
76042,True
76043,True
76044,True
76045,True
76046,True
76047,True
76048,True
76049,True
76050,True
76051,True
76052,True
76053,True
76054,True
76055,True
76056,True
76057,True
76058,True
76059,True
76060,True
76061,True
76062,True
76063,True
76064,True
76065,True
76066,True
76067,True
76068,True
76069,True
76070,True
76071,True
76072,True
76073,True
76074,True
76075,True
76076,True
76077,True
76078,True
76079,True
76080,True
76081,True
76082,True
76083,True
76084,True
76085,True
76086,True
76087,True
76088,True
76089,True
76090,True
76091,True
76092,True
76093,True
76094,True
76095,True
76096,True
76097,True
76098,True
76099,True
76100,True
76101,True
76102,True
76103,True
76104,True
76105,True
76106,True
76107,True
76108,True
76109,True
76110,True
76111,True
76112,True
76113,True
76114,True
76115,True
76116,True
76117,True
76118,True
76119,True
76120,True
76121,True
76122,True
76123,True
76124,True
76125,True
76126,True
76127,True
76128,True
76129,True
76130,True
76131,True
76132,True
76133,True
76134,True
76135,True
76136,True
76137,True
76138,True
76139,True
76140,True
76141,True
76142,True
76143,True
76144,True
76145,True
76146,True
76147,True
76148,True
76149,True
76150,True
76151,True
76152,True
76153,True
76154,True
76155,True
76156,True
76157,True
76158,True
76159,True
76160,True
76161,True
76162,True
76163,True
76164,True
76165,True
76166,True
76167,True
76168,True
76169,True
76170,True
76171,True
76172,True
76173,True
76174,True
76175,True
76176,True
76177,True
76178,True
76179,True
76180,True
76181,True
76182,True
76183,True
76184,True
76185,True
76186,True
76187,True
76188,True
76189,True
76190,True
76191,True
76192,True
76193,True
76194,True
76195,True
76196,True
76197,True
76198,True
76199,True
76200,True
76201,True
76202,True
76203,True
76204,True
76205,True
76206,True
76207,True
76208,True
76209,True
76210,True
76211,True
76212,True
76213,True
76214,True
76215,True
76216,True
76217,True
76218,True
76219,True
76220,True
76221,True
76222,True
76223,True
76224,True
76225,True
76226,True
76227,True
76228,True
76229,True
76230,True
76231,True
76232,True
76233,True
76234,True
76235,True
76236,True
76237,True
76238,True
76239,True
76240,True
76241,True
76242,True
76243,True
76244,True
76245,True
76246,True
76247,True
76248,True
76249,True
76250,True
76251,True
76252,True
76253,True
76254,True
76255,True
76256,True
76257,True
76258,True
76259,True
76260,True
76261,True
76262,True
76263,True
76264,True
76265,True
76266,True
76267,True
76268,True
76269,True
76270,True
76271,True
76272,True
76273,True
76274,True
76275,True
76276,True
76277,True
76278,True
76279,True
76280,True
76281,True
76282,True
76283,True
76284,True
76285,True
76286,True
76287,True
76288,True
76289,True
76290,True
76291,True
76292,True
76293,True
76294,True
76295,True
76296,True
76297,True
76298,True
76299,True
76300,True
76301,True
76302,True
76303,True
76304,True
76305,True
76306,True
76307,True
76308,True
76309,True
76310,True
76311,True
76312,True
76313,True
76314,True
76315,True
76316,True
76317,True
76318,True
76319,True
76320,True
76321,True
76322,True
76323,True
76324,True
76325,True
76326,True
76327,True
76328,True
76329,True
76330,True
76331,True
76332,True
76333,True
76334,True
76335,True
76336,True
76337,True
76338,True
76339,True
76340,True
76341,True
76342,True
76343,True
76344,True
76345,True
76346,True
76347,True
76348,True
76349,True
76350,True
76351,True
76352,True
76353,True
76354,True
76355,True
76356,True
76357,True
76358,True
76359,True
76360,True
76361,True
76362,True
76363,True
76364,True
76365,True
76366,True
76367,True
76368,True
76369,True
76370,True
76371,True
76372,True
76373,True
76374,True
76375,True
76376,True
76377,True
76378,True
76379,True
76380,True
76381,True
76382,True
76383,True
76384,True
76385,True
76386,True
76387,True
76388,True
76389,True
76390,True
76391,True
76392,True
76393,True
76394,True
76395,True
76396,True
76397,True
76398,True
76399,True
76400,True
76401,True
76402,True
76403,True
76404,True
76405,True
76406,True
76407,True
76408,True
76409,True
76410,True
76411,True
76412,True
76413,True
76414,True
76415,True
76416,True
76417,True
76418,True
76419,True
76420,True
76421,True
76422,True
76423,True
76424,True
76425,True
76426,True
76427,True
76428,True
76429,True
76430,True
76431,True
76432,True
76433,True
76434,True
76435,True
76436,True
76437,True
76438,True
76439,True
76440,True
76441,True
76442,True
76443,True
76444,True
76445,True
76446,True
76447,True
76448,True
76449,True
76450,True
76451,True
76452,True
76453,True
76454,True
76455,True
76456,True
76457,True
76458,True
76459,True
76460,True
76461,True
76462,True
76463,True
76464,True
76465,True
76466,True
76467,True
76468,True
76469,True
76470,True
76471,True
76472,True
76473,True
76474,True
76475,True
76476,True
76477,True
76478,True
76479,True
76480,True
76481,True
76482,True
76483,True
76484,True
76485,True
76486,True
76487,True
76488,True
76489,True
76490,True
76491,True
76492,True
76493,True
76494,True
76495,True
76496,True
76497,True
76498,True
76499,True
76500,True
76501,True
76502,True
76503,True
76504,True
76505,True
76506,True
76507,True
76508,True
76509,True
76510,True
76511,True
76512,True
76513,True
76514,True
76515,True
76516,True
76517,True
76518,True
76519,True
76520,True
76521,True
76522,True
76523,True
76524,True
76525,True
76526,True
76527,True
76528,True
76529,True
76530,True
76531,True
76532,True
76533,True
76534,True
76535,True
76536,True
76537,True
76538,True
76539,True
76540,True
76541,True
76542,True
76543,True
76544,True
76545,True
76546,True
76547,True
76548,True
76549,True
76550,True
76551,True
76552,True
76553,True
76554,True
76555,True
76556,True
76557,True
76558,True
76559,True
76560,True
76561,True
76562,True
76563,True
76564,True
76565,True
76566,True
76567,True
76568,True
76569,True
76570,True
76571,True
76572,True
76573,True
76574,True
76575,True
76576,True
76577,True
76578,True
76579,True
76580,True
76581,True
76582,True
76583,True
76584,True
76585,True
76586,True
76587,True
76588,True
76589,True
76590,True
76591,True
76592,True
76593,True
76594,True
76595,True
76596,True
76597,True
76598,True
76599,True
76600,True
76601,True
76602,True
76603,True
76604,True
76605,True
76606,True
76607,True
76608,True
76609,True
76610,True
76611,True
76612,True
76613,True
76614,True
76615,True
76616,True
76617,True
76618,True
76619,True
76620,True
76621,True
76622,True
76623,True
76624,True
76625,True
76626,True
76627,True
76628,True
76629,True
76630,True
76631,True
76632,True
76633,True
76634,True
76635,True
76636,True
76637,True
76638,True
76639,True
76640,True
76641,True
76642,True
76643,True
76644,True
76645,True
76646,True
76647,True
76648,True
76649,True
76650,True
76651,True
76652,True
76653,True
76654,True
76655,True
76656,True
76657,True
76658,True
76659,True
76660,True
76661,True
76662,True
76663,True
76664,True
76665,True
76666,True
76667,True
76668,True
76669,True
76670,True
76671,True
76672,True
76673,True
76674,True
76675,True
76676,True
76677,True
76678,True
76679,True
76680,True
76681,True
76682,True
76683,True
76684,True
76685,True
76686,True
76687,True
76688,True
76689,True
76690,True
76691,True
76692,True
76693,True
76694,True
76695,True
76696,True
76697,True
76698,True
76699,True
76700,True
76701,True
76702,True
76703,True
76704,True
76705,True
76706,True
76707,True
76708,True
76709,True
76710,True
76711,True
76712,True
76713,True
76714,True
76715,True
76716,True
76717,True
76718,True
76719,True
76720,True
76721,True
76722,True
76723,True
76724,True
76725,True
76726,True
76727,True
76728,True
76729,True
76730,True
76731,True
76732,True
76733,True
76734,True
76735,True
76736,True
76737,True
76738,True
76739,True
76740,True
76741,True
76742,True
76743,True
76744,True
76745,True
76746,True
76747,True
76748,True
76749,True
76750,True
76751,True
76752,True
76753,True
76754,True
76755,True
76756,True
76757,True
76758,True
76759,True
76760,True
76761,True
76762,True
76763,True
76764,True
76765,True
76766,True
76767,True
76768,True
76769,True
76770,True
76771,True
76772,True
76773,True
76774,True
76775,True
76776,True
76777,True
76778,True
76779,True
76780,True
76781,True
76782,True
76783,True
76784,True
76785,True
76786,True
76787,True
76788,True
76789,True
76790,True
76791,True
76792,True
76793,True
76794,True
76795,True
76796,True
76797,True
76798,True
76799,True
76800,True
76801,True
76802,True
76803,True
76804,True
76805,True
76806,True
76807,True
76808,True
76809,True
76810,True
76811,True
76812,True
76813,True
76814,True
76815,True
76816,True
76817,True
76818,True
76819,True
76820,True
76821,True
76822,True
76823,True
76824,True
76825,True
76826,True
76827,True
76828,True
76829,True
76830,True
76831,True
76832,True
76833,True
76834,True
76835,True
76836,True
76837,True
76838,True
76839,True
76840,True
76841,True
76842,True
76843,True
76844,True
76845,True
76846,True
76847,True
76848,True
76849,True
76850,True
76851,True
76852,True
76853,True
76854,True
76855,True
76856,True
76857,True
76858,True
76859,True
76860,True
76861,True
76862,True
76863,True
76864,True
76865,True
76866,True
76867,True
76868,True
76869,True
76870,True
76871,True
76872,True
76873,True
76874,True
76875,True
76876,True
76877,True
76878,True
76879,True
76880,True
76881,True
76882,True
76883,True
76884,True
76885,True
76886,True
76887,True
76888,True
76889,True
76890,True
76891,True
76892,True
76893,True
76894,True
76895,True
76896,True
76897,True
76898,True
76899,True
76900,True
76901,True
76902,True
76903,True
76904,True
76905,True
76906,True
76907,True
76908,True
76909,True
76910,True
76911,True
76912,True
76913,True
76914,True
76915,True
76916,True
76917,True
76918,True
76919,True
76920,True
76921,True
76922,True
76923,True
76924,True
76925,True
76926,True
76927,True
76928,True
76929,True
76930,True
76931,True
76932,True
76933,True
76934,True
76935,True
76936,True
76937,True
76938,True
76939,True
76940,True
76941,True
76942,True
76943,True
76944,True
76945,True
76946,True
76947,True
76948,True
76949,True
76950,True
76951,True
76952,True
76953,True
76954,True
76955,True
76956,True
76957,True
76958,True
76959,True
76960,True
76961,True
76962,True
76963,True
76964,True
76965,True
76966,True
76967,True
76968,True
76969,True
76970,True
76971,True
76972,True
76973,True
76974,True
76975,True
76976,True
76977,True
76978,True
76979,True
76980,True
76981,True
76982,True
76983,True
76984,True
76985,True
76986,True
76987,True
76988,True
76989,True
76990,True
76991,True
76992,True
76993,True
76994,True
76995,True
76996,True
76997,True
76998,True
76999,True
77000,True
77001,True
77002,True
77003,True
77004,True
77005,True
77006,True
77007,True
77008,True
77009,True
77010,True
77011,True
77012,True
77013,True
77014,True
77015,True
77016,True
77017,True
77018,True
77019,True
77020,True
77021,True
77022,True
77023,True
77024,True
77025,True
77026,True
77027,True
77028,True
77029,True
77030,True
77031,True
77032,True
77033,True
77034,True
77035,True
77036,True
77037,True
77038,True
77039,True
77040,True
77041,True
77042,True
77043,True
77044,True
77045,True
77046,True
77047,True
77048,True
77049,True
77050,True
77051,True
77052,True
77053,True
77054,True
77055,True
77056,True
77057,True
77058,True
77059,True
77060,True
77061,True
77062,True
77063,True
77064,True
77065,True
77066,True
77067,True
77068,True
77069,True
77070,True
77071,True
77072,True
77073,True
77074,True
77075,True
77076,True
77077,True
77078,True
77079,True
77080,True
77081,True
77082,True
77083,True
77084,True
77085,True
77086,True
77087,True
